id,name,mana_cost,cmc,colors,supertypes,types,subtypes,power,toughness,rules_text,flavour_text,rarity,expansion,multiverse_id,art_id,artist,is_token,ai_base_score,content_pack,card_pools,decks,booster_definitions
ACCURSED_SPIRIT_374717,Accursed Spirit,{3}{B},4,B,,Creature,Spirit,3,2,Intimidate,Many have heard the slither of dragging armor and the soft squelch of its voice. But only its victims ever meet its icy gaze.,C,DPI,374717,147434,Kev Walker,False,,DATA_000,D15_THEROS_PLAYER_POOL,,
ACOLYTE_OF_XATHRID_380220,Acolyte of Xathrid,{B},1,B,,Creature,Human Cleric,0,1,"{1}{B}, {T}: Target player loses 1 life.","Like all priests, she gives her blessings only to those truly worthy of them.",C,DPI,380220,121644,Chris Rahn,False,150,DATA_000,,D15_SHANDALAR_ASSASSINS_BLADE; D15_SHAND_MIRROR,
ACT_OF_TREASON_378192,Act of Treason,{2}{R},3,R,,Sorcery,,,,Gain control of target creature until end of turn. Untap that creature. It gains haste until end of turn.,"“Rage courses in every heart, yearning to betray its rational prison.”
—Sarkhan Vol",C,DPI,378192,121664,Eric Deschamps,False,900,DATA_000,D15_RAVNICA_PLAYER_POOL,D15_BR_ARCHETYPE_MP,
ADAMARO_FIRST_TO_DESIRE_382179,"Adamaro, First to Desire",{1}{R}{R},3,R,Legendary,Creature,Spirit,*,*,"Adamaro, First to Desire’s power and toughness are each equal to the number of cards in the hand of the opponent with the most cards in hand.","“Beware Adamaro! In him all pain and anger is perfected.”
—Isao, Enlightened Bushi",R,DPI,382179,86066,Parente,False,,DATA_010,,E15_MIND_ADDLER,
ADAPTIVE_SNAPJAW_374486,Adaptive Snapjaw,{4}{G},5,G,,Creature,Lizard Beast,6,2,Evolve,"“Eh, needs more toad.”
—Gulistan, Simic biomancer",C,DPI,374486,146288,Tomasz Jedruszek,False,300,DATA_000,,D15_RAVNICA_SIMIC_STRANGENESS,
ADVENTURING_GEAR_374205,Adventuring Gear,{1},1,,,Artifact,Equipment,,,"Landfall — Whenever a land enters the battlefield under your control, equipped creature gets +2/+2 until end of turn.
Equip {1}",An explorer’s essentials in a wild world.,C,DPI,374205,123577,Howard Lyon,False,300,DATA_000,D15_ZENDIKAR_PLAYER_POOL,,
ADVOCATE_OF_THE_BEAST_378193,Advocate of the Beast,{2}{G},3,G,,Creature,Elf Shaman,2,3,"At the beginning of your end step, put a +1/+1 counter on target Beast creature you control.","“I am neither their drover nor their leader. To these majestic beasts, I am simply their herdmate and nothing more.”",C,DPI,378193,147397,Jesper Ejsing,False,450,DATA_000,D15_SHANDALAR_PLAYER_POOL,D15_SHANDALAR_BEAST_AMBUSH,
AEGIS_ANGEL_382075,Aegis Angel,{4}{W}{W},6,W,,Creature,Angel,5,5,"Flying
When Aegis Angel enters the battlefield, another target permanent gains indestructible for as long as you control Aegis Angel.",,R,DPI,382075,131605,Aleksi Briclot,False,600,DATA_000,D15_SHANDALAR_REWARDS,,
AGENT_OF_THE_FATES_382184,Agent of the Fates,{1}{B}{B},3,B,,Creature,Human Assassin,3,2,"Deathtouch
Heroic — Whenever you cast a spell that targets Agent of the Fates, each opponent sacrifices a creature.",“You are breathing borrowed air.”,R,DPI,382184,150810,Matt Stewart,False,750,DATA_000,D15_THEROS_PLAYER_POOL,,
AGGRESSIVE_MINING_378474,Aggressive Mining,{3}{R},4,R,,Enchantment,,,,"You can’t play lands.
Sacrifice a land: Draw two cards. Activate this ability only once each turn.",,R,DPI,378474,155243,Franz Vohwinkel,False,150,DATA_000,,D15_SHANDALAR_ONNAKKE_GUARDIANS,
AGONY_WARP_381864,Agony Warp,{U}{B},2,UB,,Instant,,,,"Target creature gets -3/-0 until end of turn.
Target creature gets -0/-3 until end of turn.",Life’s circle has become inverted in Grixis. The same energy is endlessly recycled and becomes more stagnant with each pass.,C,DPI,381864,115162,Dave Allsop,False,900,DATA_010,,E15_GRIXIS_EXPLORE,
AIR_ELEMENTAL_374207,Air Elemental,{3}{U}{U},5,U,,Creature,Elemental,4,4,Flying,"“The East Wind, an interloper in the dominions of Westerly Weather, is an impassive-faced tyrant with a sharp poniard held behind his back for a treacherous stab.”
—Joseph Conrad, The Mirror of the Sea",U,DPI,374207,101044,Kev Walker,False,,DATA_000,,D15_LESSON_4_PLAYER,
AJANIS_CHOSEN_374208,Ajani’s Chosen,{2}{W}{W},4,W,,Creature,Cat Soldier,3,3,"Whenever an enchantment enters the battlefield under your control, put a 2/2 white Cat creature token onto the battlefield. If that enchantment is an Aura, you may attach it to the token.","“United, our roar will level mountains.”",R,DPI,374208,147491,Wayne Reynolds,False,450,DATA_000,,D15_THEROS_AJANI,
AJANIS_MANTRA_374812,Ajani’s Mantra,{1}{W},2,W,,Enchantment,,,,"At the beginning of your upkeep, you may gain 1 life.","“He hasn’t returned to the Cloud Forest. But I can still sense his calming presence.”
—Zaliki of Naya",C,DPI,374812,129081,James Paick,False,150,DATA_000,,D15_THEROS_AJANI,
AJANIS_PRIDEMATE_374813,Ajani’s Pridemate,{1}{W},2,W,,Creature,Cat Soldier,2,2,"Whenever you gain life, you may put a +1/+1 counter on Ajani’s Pridemate.","“When one of us prospers, the pride prospers.”
—Jazal Goldmane",U,DPI,374813,129151,Svetlin Velinov,False,300,DATA_000,D15_THEROS_PLAYER_POOL,D15_WB_ARCHETYPE_MP,
AJANIS_SUNSTRIKER_374209,Ajani’s Sunstriker,{W}{W},2,W,,Creature,Cat Cleric,2,2,Lifelink,“Ajani goes where he is needed most and in his name we keep his lands safe.”,C,DPI,374209,143835,Matt Stewart,False,,DATA_000,,D15_THEROS_AJANI,
AKRASAN_SQUIRE_381865,Akrasan Squire,{W},1,W,,Creature,Human Soldier,1,1,Exalted,"Bant’s armies are primarily composed of members of the Mortar caste, loyal commoners who haven’t yet earned a sigil.",C,DPI,381865,115042,Todd Lockwood,False,300,DATA_010,E15_PLAYER_POOL,E15_BANT_EXPLORE,
AKROAN_CRUSADER_374735,Akroan Crusader,{R},1,R,,Creature,Human Soldier,1,1,"Heroic — Whenever you cast a spell that targets Akroan Crusader, put a 1/1 red Soldier creature token with haste onto the battlefield.",An Akroan soldier’s worth is measured by the number of swords raised by his battle cry.,C,DPI,374735,150801,Johann Bodin,False,300,DATA_000,,D15_THEROS_POLIS_INVASION,
AKROAN_HORSE_374736,Akroan Horse,{4},4,,,Artifact Creature,Horse,0,4,"Defender
When Akroan Horse enters the battlefield, an opponent gains control of it.
At the beginning of your upkeep, each opponent puts a 1/1 white Soldier creature token onto the battlefield.",,R,DPI,374736,149215,Seb McKinnon,False,-450,DATA_000,,D15_THEROS_POLIS_INVASION,
AKROAN_SKYGUARD_378457,Akroan Skyguard,{1}{W},2,W,,Creature,Human Soldier,1,1,"Flying
Heroic — Whenever you cast a spell that targets Akroan Skyguard, put a +1/+1 counter on Akroan Skyguard.","“Trust me. When you have earned a god’s favor, you’ll know.”",C,DPI,378457,152013,Mark Winters,False,300,DATA_000,,D15_THEROS_POLIS_INVASION,
ALCHEMISTS_APPRENTICE_374594,Alchemist’s Apprentice,{1}{U},2,U,,Creature,Human Wizard,1,1,Sacrifice Alchemist’s Apprentice: Draw a card.,"Side effects may include foul odors, scalding steam, and spontaneous nonexistence.",C,DPI,374594,141576,David Palumbo,False,450,DATA_000,,D15_INNISTRAD_MAD_SCIENCE; D15_INNISTRAD_MAD_SCIENCE_PW,
AMASS_THE_COMPONENTS_IMS,Amass the Components,{3}{U},4,U,,Sorcery,,,,"Draw three cards, then put a card from your hand on the bottom of your library.",“I knew I’d find a use for all that newt spittle!”,C,DPI,32,141774,Matt Stewart,False,,DATA_000,,D15_INNISTRAD_MAD_SCIENCE; D15_INNISTRAD_MAD_SCIENCE_PW,
ANAX_AND_CYMEDE_378211,Anax and Cymede,{1}{R}{W},3,WR,Legendary,Creature,Human Soldier,3,2,"First strike, vigilance
Heroic — Whenever you cast a spell that targets Anax and Cymede, creatures you control get +1/+1 and gain trample until end of turn.",Akros’s greatest heroes are also its royalty.,R,DPI,378211,149213,Willian Murai,False,900,DATA_000,,,
ANCIENT_DEN_382139,Ancient Den,,0,,,Artifact Land,,,,{T}: Add {W} to your mana pool.,"Taj-Nar, throne of Raksha Golden Cub, destined leader of the leonin prides.",C,DPI,382139,51006,Rob Alexander,False,,DATA_010,,E15_ESPER,
ANCIENT_HELLKITE_380222,Ancient Hellkite,{4}{R}{R}{R},7,R,,Creature,Dragon,6,6,"Flying
{R}: Ancient Hellkite deals 1 damage to target creature defending player controls. Activate this ability only if Ancient Hellkite is attacking.","When a dragon attacks, there are no bystanders.",R,DPI,380222,129075,Jason Chan,False,900,DATA_000,,D15_SHANDALAR_BLAZING_WINGS,
ANGELIC_ACCORD_380892,Angelic Accord,{3}{W},4,W,,Enchantment,,,,"At the beginning of each end step, if you gained 4 or more life this turn, put a 4/4 white Angel creature token with flying onto the battlefield.","As demons are drawn to suffering, angels are drawn to acts of benevolence.",U,DPI,380892,147399,Michael C. Hayes,False,750,DATA_000,D15_SHANDALAR_PLAYER_POOL,D15_WB_ARCHETYPE_MP,
ANGELIC_EDICT_374489,Angelic Edict,{4}{W},5,W,,Sorcery,,,,Exile target creature or enchantment.,The Boros built a prison in the sky where Azorius statutes couldn’t restrict their sense of justice.,C,DPI,374489,146238,Trevor Claxton,False,1200,DATA_000,D15_RAVNICA_PLAYER_POOL,,
ANGELS_MERCY_374211,Angel’s Mercy,{2}{W}{W},4,W,,Instant,,,,You gain 7 life.,"“She rose above me, and in that moment Varrik the Bloody died and I was born.”
—Varrik the Just",C,DPI,374211,121628,Andrew Robinson,False,450,DATA_000,,D15_INNISTRAD_AVACYN,
ANGER_OF_THE_GODS_378212,Anger of the Gods,{1}{R}{R},3,R,,Sorcery,,,,"Anger of the Gods deals 3 damage to each creature. If a creature dealt damage this way would die this turn, exile it instead.",There was no reason to pray. This was already an act of the gods.,R,DPI,378212,150855,Noah Bradley,False,1500,DATA_000,D15_THEROS_PLAYER_POOL,D15_RG_ARCHETYPE_MP,
ANNIHILATING_FIRE_374832,Annihilating Fire,{1}{R}{R},3,R,,Instant,,,,"Annihilating Fire deals 3 damage to target creature or player. If a creature dealt damage this way would die this turn, exile it instead.","“The most impressive performances can be done only once.”
—Mote, Rakdos madcap",C,DPI,374832,145139,Clint Cearley,False,900,DATA_000,,D15_RAVNICA_CHANDRAS_FURY,
ARACHNUS_SPINNER_374799,Arachnus Spinner,{5}{G},6,G,,Creature,Spider,5,7,"Reach
Tap an untapped Spider you control: Search your graveyard and/or library for a card named Arachnus Web and put it onto the battlefield attached to target creature. If you search your library this way, shuffle it.",,R,DPI,374799,134139,Karl Kopinski,False,900,DATA_000,,,
ARACHNUS_WEB_374800,Arachnus Web,{2}{G},3,G,,Enchantment,Aura,,,"Enchant creature
Enchanted creature can’t attack or block, and its activated abilities can’t be activated.
At the beginning of the end step, if enchanted creature’s power is 4 or greater, destroy Arachnus Web.",,C,DPI,374800,134160,Karl Kopinski,False,1050,DATA_000,,D15_INNISTRAD_SPIDER_TANGLE,
ARBOR_COLOSSUS_382186,Arbor Colossus,{2}{G}{G}{G},5,G,,Creature,Giant,6,6,"Reach
{3}{G}{G}{G}: Monstrosity 3.
When Arbor Colossus becomes monstrous, destroy target creature with flying an opponent controls.",,R,DPI,382186,149967,Jaime Jones,False,600,DATA_000,D15_THEROS_PLAYER_POOL,D15_RG_ARCHETYPE_MP,
ARCANE_SANCTUM_381866,Arcane Sanctum,,0,,,Land,,,,"Arcane Sanctum enters the battlefield tapped.
{T}: Add {W}, {U}, or {B} to your mana pool.","“We must rely on our own knowledge, not on the dogma of the seekers or the mutterings of the sphinxes.”
—Tullus of Palandius",U,DPI,381866,115159,Anthony Francisco,False,,DATA_010,E15_TRI_LAND_POOL,E15_ESPER,
ARCBOUND_WORKER_382121,Arcbound Worker,{1},1,,,Artifact Creature,Construct,0,0,Modular 1,The parts are as strong as the whole.,C,DPI,382121,75191,Darrell Riche,False,300,DATA_010,,E15_ESPER,
ARCHAEOMANCER_380871,Archaeomancer,{2}{U}{U},4,U,,Creature,Human Wizard,1,2,"When Archaeomancer enters the battlefield, return target instant or sorcery card from your graveyard to your hand.","“Words of power never disappear. They sleep, awaiting those with the will to rouse them.”",C,DPI,380871,143838,Zoltan Boros,False,600,DATA_000,D15_SHANDALAR_PLAYER_POOL,D15_LESSON_4_PLAYER; D15_SHANDALAR_WIZARDS_TOWER; D15_UB_ARCHETYPE_MP; D15_UR_ARCHETYPE_MP,
ARCHANGEL_374214,Archangel,{5}{W}{W},7,W,,Creature,Angel,5,5,"Flying, vigilance","The sky rang with the cries of armored seraphs, and the darkness made a tactical retreat.",U,DPI,374214,141745,Cynthia Sheppard,False,,DATA_000,,D15_INNISTRAD_AVACYN; D15_LESSON_5_AI,
ARCHIVIST_374216,Archivist,{2}{U}{U},4,U,,Creature,Human Wizard,1,1,{T}: Draw a card.,“Knowledge is a feast for the mind. Savor every swallow.”,R,DPI,374216,27537,Donato Giancola,False,600,DATA_000,,D15_SHANDALAR_WIZARDS_TOWER,
ARMAMENT_CORPS_388076,Armament Corps,{2}{W}{B}{G},5,WBG,,Creature,Human Soldier,4,4,"When Armament Corps enters the battlefield, distribute two +1/+1 counters among one or two target creatures you control.",The Abzan avoid extended supply lines by incorporating weapons stores into their battle formations.,U,DPI,388076,157070,Steven Belledin,False,600,DATA_041,F15_BOOSTER_CREATURES,,
ARMAMENT_MASTER_374878,Armament Master,{W}{W},2,W,,Creature,Kor Soldier,2,2,Other Kor creatures you control get +2/+2 for each Equipment attached to Armament Master.,"“We prepare for the known with daggers, rations, rope, and pitons. But we also prepare for the unknown with billycat tails, pikku roots, hedron chips . . .”",R,DPI,374878,123694,Steven Belledin,False,300,DATA_000,,,
ARMILLARY_SPHERE_381985,Armillary Sphere,{2},2,,,Artifact,,,,"{2}, {T}, Sacrifice Armillary Sphere: Search your library for up to two basic land cards, reveal them, and put them into your hand. Then shuffle your library.",The mysterious purpose of two of the rings had eluded Esper mages—until now.,C,DPI,381985,119805,Franz Vohwinkel,False,300,DATA_010,E15_PLAYER_POOL,,
ARMORED_ASCENSION_380223,Armored Ascension,{3}{W},4,W,,Enchantment,Aura,,,"Enchant creature
Enchanted creature gets +1/+1 for each Plains you control and has flying.","With skill and strength honed upon the prairie, Naxtil won his battles high above it.",U,DPI,380223,122162,Jesper Ejsing,False,1050,DATA_000,D15_ZENDIKAR_PLAYER_POOL,,
ARMORED_WARHORSE_382076,Armored Warhorse,{W}{W},2,W,,Creature,Horse,2,3,,"“When we of the Northern Verge claim a mount, no peasant’s nag will do. It must be as strong as our virtue, and must join us of its own will.”
—Sarlena, paladin of the Northern Verge",C,DPI,382076,135281,rk post,False,,DATA_000,,,
ARMORED_WOLFRIDER_374527,Armored Wolf-Rider,{3}{G}{W},5,WG,,Creature,Elf Knight,4,6,,"Wolf-riders of Selesnya apprentice from a young age. Each rider raises a wolf pup from birth to serve as a mount, hoping that one day the two will share the honor of guarding the Great Concourse.",C,DPI,374527,146870,Matt Stewart,False,,DATA_000,,D15_RAVNICA_SELESNYAS_POWER,
ARREST_380273,Arrest,{2}{W},3,W,,Enchantment,Aura,,,"Enchant creature
Enchanted creature can’t attack or block, and its activated abilities can’t be activated.","“We will prove your guilt. We don’t arrest the innocent, you know.”
—Arrester Lavinia, Tenth Precinct",C,DPI,380273,145118,Greg Staples,False,1200,DATA_000,D15_DLC_POOL,,
ARTFUL_DODGE_380186,Artful Dodge,{U},1,U,,Sorcery,,,,"Target creature can’t be blocked this turn.
Flashback {U}",Those who know the alleys and sewers of the Erdwal can disappear like smoke.,C,DPI,380186,139876,Tomasz Jedruszek,False,300,DATA_000,D15_INNISTRAD_PLAYER_POOL,D15_UR_ARCHETYPE_MP,D15_WR_STARTER_BOOSTER_1
ASHAS_FAVOR_381986,Asha’s Favor,{2}{W},3,W,,Enchantment,Aura,,,"Enchant creature
Enchanted creature has flying, first strike, and vigilance.","As his new wings lifted him high above Bant, Taric felt his earthly aspirations transform into heavenly resolve.",C,DPI,381986,118651,Donato Giancola,False,300,DATA_010,E15_PLAYER_POOL,,
ASPHODEL_WANDERER_377487,Asphodel Wanderer,{B},1,B,,Creature,Skeleton Soldier,1,1,{2}{B}: Regenerate Asphodel Wanderer.,"He killed out of hate, so now only hate sustains him. He sought immortality, so the gods gave it to him.",C,DPI,377487,150793,Scott Chou,False,150,DATA_000,D15_THEROS_PLAYER_POOL,,
ASPHYXIATE_377514,Asphyxiate,{1}{B}{B},3,B,,Sorcery,,,,Destroy target untapped creature.,"“Some poisons enter through the blood. Some are ingested. Some are inhaled. All ways through which mortals draw strength are paths for poison.”
—Agathe, priest of Pharika",C,DPI,377514,152037,Kev Walker,False,1200,DATA_000,,,
ASSASSINATE_374217,Assassinate,{2}{B},3,B,,Sorcery,,,,Destroy target tapped creature.,"“This is how wars are won—not with armies of soldiers but with a single knife blade, artfully placed.”
—Yurin, royal assassin",C,DPI,374217,97461,Kev Walker,False,1200,DATA_000,D15_SHANDALAR_PLAYER_POOL,D15_LESSON_2_PLAYER,
ASSAULT_GRIFFIN_378276,Assault Griffin,{3}{W},4,W,,Creature,Griffin,3,2,Flying,"“The Simic offer a prize to any biomancer who can breed a krasis to match a griffin in the air. It’s never been claimed.”
—Libuse, Boros sergeant",C,DPI,378276,146304,Eric Velhagen,False,,DATA_000,D15_RAVNICA_PLAYER_POOL,D15_RAVNICA_BOROS_FIST,
ASSAULT_ZEPPELID_374888,Assault Zeppelid,{2}{G}{U},4,UG,,Creature,Beast,3,3,"Flying, trample","“Show them to Razia and then to the Azorius sky marshals. We could create a fine bidding war—enough to fund the final stages of Project Kraj.”
—Momir Vig",C,DPI,374888,94310,Jeremy Jarvis,False,,DATA_000,,D15_RAVNICA_SIMIC_STRANGENESS,
ASSEMBLE_THE_LEGION_377433,Assemble the Legion,{3}{R}{W},5,WR,,Enchantment,,,,"At the beginning of your upkeep, put a muster counter on Assemble the Legion. Then put a 1/1 red and white Soldier creature token with haste onto the battlefield for each muster counter on Assemble the Legion.",,R,DPI,377433,146505,Eric Deschamps,False,1200,DATA_000,,,
ATTENDED_KNIGHT_374856,Attended Knight,{2}{W},3,W,,Creature,Human Knight,2,2,"First strike
When Attended Knight enters the battlefield, put a 1/1 white Soldier creature token onto the battlefield.",,C,DPI,374856,143836,Seb McKinnon,False,300,DATA_000,D15_SHANDALAR_PLAYER_POOL,,
AUGER_SPREE_374893,Auger Spree,{1}{B}{R},3,BR,,Instant,,,,Target creature gets +4/-4 until end of turn.,"“Finally, a weapon the Boros can’t confiscate!”
—Juri, proprietor of the Juri Revue",C,DPI,374893,145887,Raymond Swanland,False,1200,DATA_000,D15_RAVNICA_PLAYER_POOL,D15_BR_ARCHETYPE_MP; D15_RAVNICA_RAKDOS_RIOT,
AURA_GNARLID_378291,Aura Gnarlid,{2}{G},3,G,,Creature,Beast,2,2,"Creatures with power less than Aura Gnarlid’s power can’t block it.
Aura Gnarlid gets +1/+1 for each Aura on the battlefield.","Kill a gnarlid with your first blow, or it’ll cheerfully show you how it’s done.",C,DPI,378291,127292,Lars Grant-West,False,450,DATA_000,D15_DLC_POOL,,
AVARICE_AMULET_382224,Avarice Amulet,{4},4,,,Artifact,Equipment,,,"Equipped creature gets +2/+0 and has vigilance and “At the beginning of your upkeep, draw a card.”
When equipped creature dies, target opponent gains control of Avarice Amulet.
Equip {2}
At the beginning of your upkeep, draw a card.",,R,DPI,382224,155373,Steven Belledin,False,150,DATA_000,D15_THEROS_REWARDS,,
AVEN_SQUIRE_382093,Aven Squire,{1}{W},2,W,,Creature,Bird Soldier,1,1,"Flying, Exalted","When the meek charge into battle, courage becomes infectious.",C,DPI,382093,118763,David Palumbo,False,300,DATA_010,,,
AVEN_TRAILBLAZER_381987,Aven Trailblazer,{2}{W},3,W,,Creature,Bird Soldier,2,*,"Flying
Domain — Aven Trailblazer’s toughness is equal to the number of basic land types among lands you control.","“The bird wore the form of a man, bereft of filigree. Why do the Texts not speak of it?”
—Belator of Esper",C,DPI,381987,118729,Chris Rahn,False,,DATA_010,,E15_MAELSTROM_EXPLORE,
AVENGER_OF_ZENDIKAR_374218,Avenger of Zendikar,{5}{G}{G},7,G,,Creature,Elemental,5,5,"When Avenger of Zendikar enters the battlefield, put a 0/1 green Plant creature token onto the battlefield for each land you control.
Landfall — Whenever a land enters the battlefield under your control, you may put a +1/+1 counter on each Plant creature you control.",,M,DPI,374218,126560,Zoltan Boros & Gabor Szikszai,False,900,DATA_000,,D15_ZENDIKAR_TANGLED_GROWTH; D15_ZENDIKAR_TANGLED_GROWTH_PW,
AVENGING_ARROW_380274,Avenging Arrow,{2}{W},3,W,,Instant,,,,Destroy target creature that dealt damage this turn.,"“Forgive the theft. Punish the deception.”
—Alcarus, Selesnya archer",C,DPI,380274,145119,James Ryman,False,1200,DATA_000,,,
AZORIUS_GUILDGATE_374451,Azorius Guildgate,,0,,,Land,Gate,,,"Azorius Guildgate enters the battlefield tapped.
{T}: Add {W} or {U} to your mana pool.","Enter the Senate, the seat of justice and the foundation of Ravnican society.",C,DPI,374451,145159,Drew Baker,False,,DATA_000,D15_RAVNICA_SUPPLEMENTAL_LAND_POOL,D15_RAVNICA_SEARCH_THE_CITY; D15_RAVNICA_SEARCH_THE_CITY_PW; D15_UW_ARCHETYPE_MP,
AZURE_MAGE_374801,Azure Mage,{1}{U},2,U,,Creature,Human Wizard,2,1,{3}{U}: Draw a card.,"“We draw our power from the infinite ocean of the mind, where all manner of things can be conceived.”
—Azure creed",U,DPI,374801,134150,Izzy,False,450,DATA_000,,D15_SHANDALAR_WIZARDS_TOWER,
BANEFIRE_381988,Banefire,{X}{R},1,R,,Sorcery,,,,"Banefire deals X damage to target creature or player.
If X is 5 or more, Banefire can’t be countered by spells or abilities and the damage can’t be prevented.","For Sarkhan Vol, the dragon is the purest expression of life’s savage splendor.",R,DPI,381988,118773,Raymond Swanland,False,1200,DATA_010,E15_PLAYER_POOL,,
BANESLAYER_ANGEL_374220,Baneslayer Angel,{3}{W}{W},5,W,,Creature,Angel,5,5,"Flying, first strike, lifelink, protection from Demons and from Dragons",Some angels protect the meek and innocent. Others seek out and smite evil wherever it lurks.,M,DPI,374220,87090,Greg Staples,False,300,DATA_000,D15_SHANDALAR_PLAYER_POOL,D15_GW_ARCHETYPE_MP; D15_UW_ARCHETYPE_MP; D15_WB_ARCHETYPE_MP; D15_WR_ARCHETYPE_MP,
BANISHER_PRIEST_378194,Banisher Priest,{1}{W}{W},3,W,,Creature,Human Cleric,2,2,"When Banisher Priest enters the battlefield, exile target creature an opponent controls until Banisher Priest leaves the battlefield.","“Oathbreaker, I cast you out!”",U,DPI,378194,152534,James Zapata,False,900,DATA_000,D15_ZENDIKAR_PLAYER_POOL,D15_GW_ARCHETYPE_MP; D15_UW_ARCHETYPE_MP; D15_WR_ARCHETYPE_MP,
BANISHING_STROKE_374597,Banishing Stroke,{5}{W},6,W,,Instant,,,,"Put target artifact, creature, or enchantment on the bottom of its owner’s library.
Miracle {W}",,U,DPI,374597,141697,Igor Kieryluk,False,1200,DATA_000,,D15_INNISTRAD_AVACYN,
BANT_CHARM_381867,Bant Charm,{G}{W}{U},3,WUG,,Instant,,,,Choose one — Destroy target artifact; or put target creature on the bottom of its owner’s library; or counter target instant spell.,Bant is a world where death and chaos hold no sway.,U,DPI,381867,114912,Randy Gallegos,False,900,DATA_010,,E15_BANT_EXPLORE,
BANT_PANORAMA_381868,Bant Panorama,,0,,,Land,,,,"{T}: Add {1} to your mana pool.
{1}, {T}, Sacrifice Bant Panorama: Search your library for a basic Forest, Plains, or Island card and put it onto the battlefield tapped. Then shuffle your library.",,C,DPI,381868,114961,Donato Giancola,False,,DATA_010,,E15_BANT_EXPLORE,
BARONY_VAMPIRE_374221,Barony Vampire,{2}{B},3,B,,Creature,Vampire,3,2,,"“Poor little sun-dweller out past curfew. And to think, you might have survived if it wasn’t so close to suppertime.”",C,DPI,374221,129093,Daarken,False,,DATA_000,,D15_INNISTRAD_FEAST_OF_FLESH,
BASILICA_GUARDS_374491,Basilica Guards,{2}{W},3,W,,Creature,Human Soldier,1,4,"Defender, Extort",“None may pass . . . for free.”,C,DPI,374491,146353,Dan Scott,False,600,DATA_000,,,
BASILICA_SCREECHER_380197,Basilica Screecher,{1}{B},2,B,,Creature,Bat,1,2,"Flying
Extort",A screech in the night is all it takes for Orzhov debtors to clutch at their coin purses.,C,DPI,380197,146420,Christine Choi,False,600,DATA_000,,,
BATTERING_KRASIS_374528,Battering Krasis,{2}{G},3,G,,Creature,Fish Beast,2,1,"Trample
Evolve",,C,DPI,374528,147708,Jack Wang,False,300,DATA_000,D15_RAVNICA_PLAYER_POOL,D15_RAVNICA_SIMIC_STRANGENESS,
BATTLE_MASTERY_374896,Battle Mastery,{2}{W},3,W,,Enchantment,Aura,,,"Enchant creature
Enchanted creature has double strike.","“Boom! Boom! Boots the size of oxcarts, then an axe like a falling sun. Elves scattered. Trees scattered. Even the hills ran for the hills!”
—Clachan Tales",U,DPI,374896,106381,Zoltan Boros & Gabor Szikszai,False,600,DATA_000,,D15_THEROS_AJANI,
BATTLE_SLIVER_374222,Battle Sliver,{4}{R},5,R,,Creature,Sliver,3,3,Sliver creatures you control get +2/+0.,"“One emitted a strange series of buzzing clicks and guttural commands, then clawed arms emerged from all of them. Is there no limit to their adaptations?”
—Hastric, Thunian scout",U,DPI,374222,147381,Slawomir Maniak,False,300,DATA_000,,D15_SHANDALAR_SLIVERS_PW,
BATTLEGRACE_ANGEL_381869,Battlegrace Angel,{3}{W}{W},5,W,,Creature,Angel,4,4,"Flying
Exalted
Whenever a creature you control attacks alone, it gains lifelink until end of turn.",,R,DPI,381869,115206,Matt Stewart,False,750,DATA_010,E15_PLAYER_POOL,,
BATTLEWISE_VALOR_374738,Battlewise Valor,{1}{W},2,W,,Instant,,,,Target creature gets +2/+2 until end of turn. Scry 1.,"It’s never good to walk into an ambush, but with the right spell you might walk out again.",C,DPI,374738,150854,Zack Stella,False,600,DATA_000,,D15_THEROS_POLIS_INVASION,
BAYOU_374898,Bayou,,0,,,Land,Swamp Forest,,,{T}: Add {B} or {G} to your mana pool.,,R,DPI,374898,144161,Karl Kopinski,False,,DATA_000,,D15_SHANDALAR_GARRUK_BOSS_BLACK; D15_SHANDALAR_GARRUK_BOSS_GREEN; E15_PLAYER_GARRUK_NODE_1; E15_PLAYER_GARRUK_NODE_2; E15_PLAYER_GARRUK_NODE_3; E15_PLAYER_GARRUK_NODE_4,
BEACON_BEHEMOTH_381989,Beacon Behemoth,{3}{G}{G},5,G,,Creature,Beast,5,3,{1}: Target creature with power 5 or greater gains vigilance until end of turn.,"When its smoky plumes light Naya’s sky, every creature from the smallest pip fawn to the largest rannet heeds the warning.",C,DPI,381989,118735,Jesper Ejsing,False,450,DATA_010,E15_PLAYER_POOL,,
BEARS_COMPANION_388077,Bear’s Companion,{2}{G}{U}{R},5,URG,,Creature,Human Warrior,2,2,"When Bear’s Companion enters the battlefield, put a 4/4 green Bear creature token onto the battlefield.","“The Sultai came hunting for a bear hide. Now I have a belt of naga skin, and my friend has a full belly.”",U,DPI,388077,156528,Winona Nelson,False,1200,DATA_041,F15_BOOSTER_CREATURES,,
BEAST_WITHIN_377411,Beast Within,{2}{G},3,G,,Instant,,,,Destroy target permanent. Its controller puts a 3/3 green Beast creature token onto the battlefield.,"“Monsters dwell in every heart. We only think civilization tames them.”
―Euphemia, Nexus watcher",U,DPI,377411,150062,Jesper Ejsing,False,1200,DATA_000,,D15_SHANDALAR_GARRUK_BOSS_GREEN,
BEASTMASTER_ASCENSION_378342,Beastmaster Ascension,{2}{G},3,G,,Enchantment,,,,"Whenever a creature you control attacks, you may put a quest counter on Beastmaster Ascension.
As long as Beastmaster Ascension has seven or more quest counters on it, creatures you control get +5/+5.",,R,DPI,378342,125085,Alex Horley-Orlandelli,False,600,DATA_000,D15_ZENDIKAR_PLAYER_POOL,D15_GW_ARCHETYPE_MP,
BELLIGERENT_SLIVER_374689,Belligerent Sliver,{2}{R},3,R,,Creature,Sliver,2,2,"Sliver creatures you control have “This creature can’t be blocked except by two or more creatures.”
This creature can’t be blocked except by two or more creatures.","“The slivers became adept at provoking a fear response in other species.”
—Hastric, Thunian scout",U,DPI,374689,155310,Raymond Swanland,False,600,DATA_000,,D15_SHANDALAR_SLIVERS; D15_SHANDALAR_SLIVERS_PW,
BENTHIC_GIANT_374900,Benthic Giant,{5}{U},6,U,,Creature,Giant,4,5,Hexproof,"“Some fates you can see coming for you, plain as day, and there’s nothing you can do about them.”
—Callaphe the mariner",C,DPI,374900,149048,Jaime Jones,False,,DATA_000,,D15_THEROS_WHATS_IN_THE_BOX,
BIDENT_OF_THASSA_380289,Bident of Thassa,{2}{U}{U},4,U,Legendary,Enchantment Artifact,,,,"Whenever a creature you control deals combat damage to a player, you may draw a card.
{1}{U}, {T}: Creatures your opponents control attack this turn if able.",The wills of mortals shift as the tide ebbs and flows.,R,DPI,380289,149970,Yeong-Hao Han,False,1200,DATA_000,D15_THEROS_PLAYER_POOL,D15_UW_ARCHETYPE_MP,
BIOSHIFT_374492,Bioshift,{U/G},1,UG,,Instant,,,,Move any number of +1/+1 counters from target creature onto another target creature with the same controller.,"“It’s all right if you change your mind. There’s always a chance we can rearrange parts later.”
—Zija, Simic mutationist",C,DPI,374492,146292,Scott Chou,False,300,DATA_000,,,
BITTERHEART_WITCH_377455,Bitterheart Witch,{4}{B},5,B,,Creature,Human Shaman,1,2,"Deathtouch
When Bitterheart Witch dies, you may search your library for a Curse card, put it onto the battlefield attached to target player, then shuffle your library.",,U,DPI,377455,139295,Karl Kopinski,False,600,DATA_000,,D15_INNISTRAD_CURSES,
BITUMINOUS_BLAST_381929,Bituminous Blast,{3}{B}{R},5,BR,,Instant,,,,"Cascade
Bituminous Blast deals 4 damage to target creature.",,U,DPI,381929,121045,Raymond Swanland,False,1200,DATA_010,,E15_GRIXIS_EXPLORE; E15_MAELSTROM_EXPLORE,
BLADETUSK_BOAR_374413,Bladetusk Boar,{3}{R},4,R,,Creature,Boar,3,2,Intimidate,"Those who dare stand in its path are either brave or mindless. Or in the case of goblins, both.",C,DPI,374413,123592,Paul Bonner,False,,DATA_000,,D15_ZENDIKAR_ROILING_PLANE; D15_ZENDIKAR_ROILING_PLANE_PW,
BLASTING_STATION_378374,Blasting Station,{3},3,,,Artifact,,,,"{T}, Sacrifice a creature: Blasting Station deals 1 damage to target creature or player.
Whenever a creature enters the battlefield, you may untap Blasting Station.",,U,DPI,378374,155896,Kev Walker,False,600,DATA_000,D15_DLC_POOL,,
BLAZE_374907,Blaze,{X}{R},1,R,,Sorcery,,,,Blaze deals X damage to target creature or player.,,U,DPI,374907,27549,Alex Horley-Orlandelli,False,1050,DATA_000,,D15_ZENDIKAR_TRAPFILLED_LAIR; D15_ZENDIKAR_TRAPFILLED_LAIR_PW,
BLAZING_TORCH_377506,Blazing Torch,{1},1,,,Artifact,Equipment,,,"Equipped creature can’t be blocked by Vampires or Zombies.
Equipped creature has “{T}, Sacrifice Blazing Torch: Blazing Torch deals 2 damage to target creature or player.”
Equip {1}
{T}, Sacrifice Blazing Torch: Blazing Torch deals 2 damage to target creature or player.",,U,DPI,377506,123708,Vance Kovacs,False,450,DATA_000,,D15_ZENDIKAR_TOMB_OF_TERROR; D15_ZENDIKAR_TOMB_OF_TERROR_PW,
BLIGHTNING_380902,Blightning,{1}{B}{R},3,BR,,Sorcery,,,,Blightning deals 3 damage to target player. That player discards two cards.,"In the spirit of inquiry, Tibalt applied a battery of agony spells. They yielded nothing on the vampire’s whereabouts, but the screams were reward enough.",C,DPI,380902,147654,Dan Scott,False,1200,DATA_010,,E15_GRIXIS_EXPLORE,
BLIND_PHANTASM_377427,Blind Phantasm,{2}{U},3,U,,Creature,Illusion,2,3,,Its source is the depths of the mind. Its form is the unexpressed longing to know.,C,DPI,377427,102338,Khang Le,False,,DATA_000,D15_INNISTRAD_PLAYER_POOL,D15_RAVNICA_JACES_TEST,D15_UB_STARTER_BOOSTER_1
BLINDING_MAGE_378288,Blinding Mage,{1}{W},2,W,,Creature,Human Wizard,1,2,"{W}, {T}: Tap target creature.","“I carry the light of truth. Do not pity those it blinds, for they never had eyes to see.”",C,DPI,378288,121614,Eric Deschamps,False,600,DATA_000,,D15_LESSON_5_AI,
BLISTER_BEETLE_381870,Blister Beetle,{1}{B},2,B,,Creature,Insect,1,1,"When Blister Beetle enters the battlefield, target creature gets -1/-1 until end of turn.","Warriors of the Rip Clan wear their beetle-acid scars proudly, even modifying clothing and armor to better display the trophy.",C,DPI,381870,114997,Anthony S. Waters,False,300,DATA_010,E15_PLAYER_POOL,E15_JUND_EXPLORE,
BLITZ_HELLION_381930,Blitz Hellion,{3}{R}{G},5,RG,,Creature,Hellion,7,7,"Trample, haste
At the beginning of the end step, Blitz Hellion’s owner shuffles it into his or her library.",Alarans commemorated its appearances with new holidays bearing names like the Great Cataclysm and the Fall of Ilson Gate.,R,DPI,381930,120953,Anthony S. Waters,False,,DATA_010,,E15_NAYA_EXPLORE,
BLOOD_CRYPT_377485,Blood Crypt,,0,,,Land,Swamp Mountain,,,"As Blood Crypt enters the battlefield, you may pay 2 life. If you don’t, Blood Crypt enters the battlefield tapped.
{T}: Add {B} or {R} to your mana pool.","Where the dead serve as diversion, decor, and dessert.",R,DPI,377485,145239,Vincent Proce,False,,DATA_000,,D15_RAVNICA_RAKDOS_RIOT,
BLOOD_FEUD_374580,Blood Feud,{4}{R}{R},6,R,,Sorcery,,,,Target creature fights another target creature.,"Succession is a matter of blood, and by blood it is often decided.",U,DPI,374580,139766,Winona Nelson,False,1650,DATA_000,D15_INNISTRAD_PLAYER_POOL,,D15_UB_STARTER_BOOSTER_2; D15_UR_STARTER_BOOSTER_2
BLOOD_OGRE_382077,Blood Ogre,{2}{R},3,R,,Creature,Ogre Warrior,2,2,"Bloodthirst 1
First strike",,C,DPI,382077,134130,Christopher Moeller,False,,DATA_000,,,
BLOOD_SEEKER_382078,Blood Seeker,{1}{B},2,B,,Creature,Vampire Shaman,1,1,"Whenever a creature enters the battlefield under an opponent’s control, you may have that player lose 1 life.",A drop now is all he needs to find you later.,C,DPI,382078,123730,Greg Staples,False,300,DATA_000,,D15_ZENDIKAR_TOMB_OF_TERROR,
BLOOD_TRIBUTE_382199,Blood Tribute,{4}{B}{B},6,B,,Sorcery,,,,"Kicker—Tap an untapped Vampire you control.
Target opponent loses half his or her life, rounded up. If Blood Tribute was kicked, you gain life equal to the life lost this way.",,R,DPI,382199,123543,Alex Horley-Orlandelli,False,1950,DATA_000,D15_ZENDIKAR_PLAYER_POOL,,
BLOODCRAZED_NEONATE_374540,Bloodcrazed Neonate,{1}{R},2,R,,Creature,Vampire,2,1,"Bloodcrazed Neonate attacks each turn if able.
Whenever Bloodcrazed Neonate deals combat damage to a player, put a +1/+1 counter on it.","While elder vampires select their meals with care, the newly sired frenzy at the first whiff.",C,DPI,374540,139444,Cynthia Sheppard,False,300,DATA_000,D15_INNISTRAD_PLAYER_POOL,D15_INNISTRAD_FEAST_OF_FLESH; D15_LESSON_1_AI,D15_WB_STARTER_BOOSTER_1
BLOODFLOW_CONNOISSEUR_378378,Bloodflow Connoisseur,{2}{B},3,B,,Creature,Vampire,1,1,Sacrifice a creature: Put a +1/+1 counter on Bloodflow Connoisseur.,"“Death not for survival but for vanity and pleasure? This is the decadence I sought to curb.”
—Sorin Markov",C,DPI,378378,141736,Slawomir Maniak,False,150,DATA_000,D15_INNISTRAD_PLAYER_POOL,D15_BR_ARCHETYPE_MP; D15_INNISTRAD_FEAST_OF_FLESH; D15_INNISTRAD_UNDYING_HORDES,D15_BR_STARTER_BOOSTER_1
BLOODGHAST_374224,Bloodghast,{B}{B},2,B,,Creature,Vampire Spirit,2,1,"Bloodghast can’t block.
Bloodghast has haste as long as an opponent has 10 or less life.
Landfall — Whenever a land enters the battlefield under your control, you may return Bloodghast from your graveyard to the battlefield.",,R,DPI,374224,123734,Daarken,False,300,DATA_000,D15_ZENDIKAR_PLAYER_POOL,D15_BG_ARCHETYPE_MP; D15_BR_ARCHETYPE_MP; D15_ZENDIKAR_TOMB_OF_TERROR; D15_ZENDIKAR_TOMB_OF_TERROR_PW,
BLOODGIFT_DEMON_374225,Bloodgift Demon,{3}{B}{B},5,B,,Creature,Demon,5,4,"Flying
At the beginning of your upkeep, target player draws a card and loses 1 life.",He relishes the devotion of his Skirsdag puppets and their belief that it will earn them immortality.,R,DPI,374225,139296,Peter Mohrbacher,False,450,DATA_000,,D15_INNISTRAD_LILIANAS_WELCOME,
BLOODRITE_INVOKER_382149,Bloodrite Invoker,{2}{B},3,B,,Creature,Vampire Shaman,3,1,{8}: Target player loses 3 life and you gain 3 life.,"“The brood lineages unfolded across the world, each patterned after one of three progenitors, each a study in mindless consumption.”
—The Invokers’ Tales",C,DPI,382149,127337,Svetlin Velinov,False,300,DATA_000,,D15_ZENDIKAR_TOMB_OF_TERROR; D15_ZENDIKAR_TOMB_OF_TERROR_PW,
BLOODROCK_CYCLOPS_350229,Bloodrock Cyclops,{2}{R},3,R,,Creature,Cyclops,3,3,Bloodrock Cyclops attacks each turn if able.,"“There are only fifty words in the cyclops language, and ten of them mean ‘kill.’”
—Ertai",C,DPI,350229,104542,Alex Horley-Orlandelli,False,-300,DATA_000,,D15_LESSON_1_AI,
BLOODTHRONE_VAMPIRE_378375,Bloodthrone Vampire,{1}{B},2,B,,Creature,Vampire,1,1,Sacrifice a creature: Bloodthrone Vampire gets +2/+2 until end of turn.,"Some humans willingly offered up their blood, hoping it would grant the vampire families the strength to stave off the Eldrazi.",C,DPI,378375,127479,Steve Argyle,False,300,DATA_000,,D15_ZENDIKAR_TOMB_OF_TERROR; D15_ZENDIKAR_TOMB_OF_TERROR_PW,
BLUR_SLIVER_374227,Blur Sliver,{2}{R},3,R,,Creature,Sliver,2,2,Sliver creatures you control have haste.,"They move in a synchronized swarm, turning entire squads into heaps of bloody rags and bones in an instant.",C,DPI,374227,147376,Daarken,False,150,DATA_000,,D15_SHANDALAR_SLIVERS; D15_SHANDALAR_SLIVERS_PW,
BOG_RAIDERS_382066,Bog Raiders,{2}{B},3,B,,Creature,Zombie,2,2,Swampwalk,Zombies are the perfect marshland fighters—they don’t need to breathe and they don’t care what they step in.,C,DPI,382066,8678,Carl Critchlow,False,,DATA_010,,E15_SWAMP_WITCH,
BOGBREW_WITCH_380893,Bogbrew Witch,{3}{B},4,B,,Creature,Human Wizard,1,3,"{2}, {T}: Search your library for a card named Festering Newt or Bubbling Cauldron, put it onto the battlefield tapped, then shuffle your library.",“The hardest thing is finding the right ingredients.”,R,DPI,380893,147481,Eric Deschamps,False,600,DATA_000,,D15_SHANDALAR_SLIMY_HORROR,
BOLD_DEFENSE_382200,Bold Defense,{2}{W},3,W,,Instant,,,,"Kicker {3}{W}
Creatures you control get +1/+1 until end of turn. If Bold Defense was kicked, instead creatures you control get +2/+2 and gain first strike until end of turn.",,C,DPI,382200,123620,Scott Chou,False,600,DATA_000,,D15_ZENDIKAR_STRENGTH_IN_NUMBERS,
BOLT_OF_KERANOS_381962,Bolt of Keranos,{1}{R}{R},3,R,,Sorcery,,,,Bolt of Keranos deals 3 damage to target creature or player. Scry 1.,"The breakthroughs granted by Keranos, god of epiphany, can be surprisingly literal.",C,DPI,381962,152047,Karl Kopinski,False,900,DATA_000,D15_THEROS_PLAYER_POOL,D15_UR_ARCHETYPE_MP; D15_WR_ARCHETYPE_MP,
BOMBER_CORPS_380198,Bomber Corps,{1}{R},2,R,,Creature,Human Soldier,1,2,"Battalion — Whenever Bomber Corps and at least two other creatures attack, Bomber Corps deals 1 damage to target creature or player.",“Subtlety is for lawmages and spies.”,C,DPI,380198,146278,Chase Stone,False,300,DATA_000,,D15_RAVNICA_BOROS_FIST,
BOND_BEETLE_378355,Bond Beetle,{G},1,G,,Creature,Insect,0,1,"When Bond Beetle enters the battlefield, put a +1/+1 counter on target creature.","A beetle on your shoulder
—Elvish expression meaning
“a blessing of luck”",C,DPI,378355,143855,John Avon,False,300,DATA_000,,D15_SHANDALAR_BEAST_AMBUSH,
BONE_SPLINTERS_378379,Bone Splinters,{B},1,B,,Sorcery,,,,"As an additional cost to cast Bone Splinters, sacrifice a creature.
Destroy target creature.","“Which do you deserve, the heft of a femur or the graceful sharpness of a forearm? Decisions, decisions . . .”
—Gisa the Mad",C,DPI,378379,141528,Nils Hamm,False,1200,DATA_010,,E15_JUND_EXPLORE,
BONEBREAKER_GIANT_382079,Bonebreaker Giant,{4}{R},5,R,,Creature,Giant,4,4,,One thing’s for sure—his fists are harder than your skull.,C,DPI,382079,137398,Kev Walker,False,,DATA_000,,,
BONESCYTHE_SLIVER_374718,Bonescythe Sliver,{3}{W},4,W,,Creature,Sliver,2,2,Sliver creatures you control have double strike.,"“Their appendages are sharper than our swords and quicker than our bows.”
—Hastric, Thunian scout",R,DPI,374718,147375,Trevor Claxton,False,300,DATA_000,,D15_SHANDALAR_SLIVERS_PW,
BONESPLITTER_350238,Bonesplitter,{1},1,,,Artifact,Equipment,,,"Equipped creature gets +2/+0.
Equip {1}",,C,DPI,350238,50268,Darrell Riche,False,450,DATA_000,,D15_LESSON_5_AI,
BORDERLAND_MINOTAUR_374740,Borderland Minotaur,{2}{R}{R},4,R,,Creature,Minotaur Warrior,4,3,,"“You have led us to triumph over the forces of Mogis!” said Brygus the Brave, clapping the Champion on the back.
The Champion wiped the sweat and blood from her brow.
“I count eight graves,” she said. “Too many to call this a victory.”
—The Theriad",C,DPI,374740,149186,Greg Staples,False,,DATA_000,,D15_THEROS_WHATS_IN_THE_BOX,
BOROS_CHARM_377400,Boros Charm,{R}{W},2,WR,,Instant,,,,Choose one — Boros Charm deals 4 damage to target player; or permanents you control gain indestructible until end of turn; or target creature gains double strike until end of turn.,"“Practice compassion and mercy. But know when they must end.”
—Aurelia",U,DPI,377400,145919,Zoltan Boros,False,900,DATA_000,,,
BOROS_ELITE_377435,Boros Elite,{W},1,W,,Creature,Human Soldier,1,1,"Battalion — Whenever Boros Elite and at least two other creatures attack, Boros Elite gets +2/+2 until end of turn.","“First, you must fight among the rank and file. It is there I will discern your skills as a leader.”
—Aurelia, to Gideon Jura",U,DPI,377435,146263,Willian Murai,False,300,DATA_000,,D15_RAVNICA_BOROS_FIST,
BOROS_GUILDGATE_374493,Boros Guildgate,,0,,,Land,Gate,,,"Boros Guildgate enters the battlefield tapped.
{T}: Add {R} or {W} to your mana pool.",Enter with merciful hearts. Exit with battle cries.,C,DPI,374493,145157,Noah Bradley,False,,DATA_000,D15_RAVNICA_SUPPLEMENTAL_LAND_POOL,D15_RAVNICA_BOROS_FIST; D15_RAVNICA_SEARCH_THE_CITY; D15_RAVNICA_SEARCH_THE_CITY_PW; D15_WR_ARCHETYPE_MP,
BOROS_MASTIFF_377412,Boros Mastiff,{1}{W},2,W,,Creature,Hound,2,2,"Battalion — Whenever Boros Mastiff and at least two other creatures attack, Boros Mastiff gains lifelink until end of turn.",,C,DPI,377412,146849,Kev Walker,False,300,DATA_000,,,
BOUNDLESS_REALMS_374857,Boundless Realms,{6}{G},7,G,,Sorcery,,,,"Search your library for up to X basic land cards, where X is the number of lands you control, and put them onto the battlefield tapped. Then shuffle your library.","“Planeswalking cannot be taught. Either you see the doors or you do not.”
—Nissa Revane",R,DPI,374857,143884,Cliff Childs,False,900,DATA_000,,D15_THEROS_HYDRA_ATTACK,
BOUNTIFUL_HARVEST_374228,Bountiful Harvest,{4}{G},5,G,,Sorcery,,,,You gain 1 life for each land you control.,"Following the sun’s cycle, harvest season comes once a year—unless the druids bid the sun behave otherwise.",C,DPI,374228,121580,Jason Chan,False,900,DATA_000,,E15_SPIRITCRAFTER,
BRACKWATER_ELEMENTAL_381990,Brackwater Elemental,{2}{U},3,U,,Creature,Elemental,4,4,"When Brackwater Elemental attacks or blocks, sacrifice it at the beginning of the next end step.
Unearth {2}{U}",,C,DPI,381990,118721,Thomas M. Baxa,False,-150,DATA_010,E15_PLAYER_POOL,,
BRAIN_MAGGOT_388075,Brain Maggot,{1}{B},2,B,,Enchantment Creature,Insect,1,1,"When Brain Maggot enters the battlefield, target opponent reveals his or her hand and you choose a nonland card from it. Exile that card until Brain Maggot leaves the battlefield.",,U,DPI,388075,153098,Min Yum,False,600,DATA_020,F15_BOOSTER_BLACK,,
BRANCHING_BOLT_381871,Branching Bolt,{1}{R}{G},3,RG,,Instant,,,,Choose one or both — Branching Bolt deals 3 damage to target creature with flying; and/or Branching Bolt deals 3 damage to target creature without flying.,"“Lightning lives in everything, in living flesh and growing things. It must be set free.”
—Rakka Mar",C,DPI,381871,117008,Vance Kovacs,False,1200,DATA_010,,E15_NAYA_EXPLORE,
BREACHING_HIPPOCAMP_380290,Breaching Hippocamp,{3}{U},4,U,,Creature,Horse Fish,3,2,"Flash
When Breaching Hippocamp enters the battlefield, untap another target creature you control.",Don’t try to ride this steed unless you’ve got gills too.,C,DPI,380290,150768,Christopher Burdett,False,150,DATA_000,D15_THEROS_PLAYER_POOL,,
BRIMAZ_KING_OF_ORESKOS_381963,"Brimaz, King of Oreskos",{1}{W}{W},3,W,Legendary,Creature,Cat Soldier,3,4,"Vigilance
Whenever Brimaz, King of Oreskos attacks, put a 1/1 white Cat Soldier creature token with vigilance onto the battlefield attacking.
Whenever Brimaz blocks a creature, put a 1/1 white Cat Soldier creature token with vigilance onto the battlefield blocking that creature.",,M,DPI,381963,152100,Peter Mohrbacher,False,600,DATA_000,D15_THEROS_PLAYER_POOL,D15_GW_ARCHETYPE_MP; D15_UW_ARCHETYPE_MP; D15_WB_ARCHETYPE_MP; D15_WR_ARCHETYPE_MP,
BRINDLE_BOAR_374230,Brindle Boar,{2}{G},3,G,,Creature,Boar,2,2,Sacrifice Brindle Boar: You gain 4 life.,"“Tell the cooks to prepare the fires. Tonight we feast!”
—Tolar Wolfbrother, Krosan tracker.",C,DPI,374230,129128,Dave Allsop,False,300,DATA_000,,D15_SHANDALAR_BEAST_AMBUSH,
BROOD_KEEPER_374641,Brood Keeper,{3}{R},4,R,,Creature,Human Shaman,2,3,"Whenever an Aura becomes attached to Brood Keeper, put a 2/2 red Dragon creature token with flying onto the battlefield. It has “{R}: This creature gets +1/+0 until end of turn.”","“Come, little one. Unfurl your wings, fill your lungs, and release your first fiery breath.”",U,DPI,374641,155244,Scott Murphy,False,300,DATA_000,D15_SHANDALAR_PLAYER_POOL,D15_SHANDALAR_BLAZING_WINGS; D15_WR_ARCHETYPE_MP,
BROODMATE_DRAGON_381872,Broodmate Dragon,{3}{B}{R}{G},6,BRG,,Creature,Dragon,4,4,"Flying
When Broodmate Dragon enters the battlefield, put a 4/4 red Dragon creature token with flying onto the battlefield.","Frozen in fear, the goblins stared upward at the circling hunter—and were promptly eaten by its diving mate.",R,DPI,381872,116186,Vance Kovacs,False,900,DATA_010,,,
BUBBLING_CAULDRON_380244,Bubbling Cauldron,{2},2,,,Artifact,,,,"{1}, {T}, Sacrifice a creature: You gain 4 life.
{1}, {T}, Sacrifice a creature named Festering Newt: Each opponent loses 4 life. You gain life equal to the life lost this way.",,U,DPI,380244,147488,Eric Deschamps,False,450,DATA_000,,D15_SHANDALAR_SLIMY_HORROR,
BULL_CERODON_381873,Bull Cerodon,{4}{R}{W},6,WR,,Creature,Beast,5,5,"Vigilance, haste","It holds motionless vigil, watching Naya in silence through the screen of the whitecover. When it senses anything amiss, it launches forward with the uncanny sound of torn fog.",U,DPI,381873,115032,Jesper Ejsing,False,,DATA_010,,,
BURNING_ANGER_382230,Burning Anger,{4}{R},5,R,,Enchantment,Aura,,,"Enchant creature
Enchanted creature has “{T}: This creature deals damage equal to its power to target creature or player.”
{T}: This creature deals damage equal to its power to target creature or player.","“With rage as your forge, your hammer can smite anything.”",R,DPI,382230,155346,Anthony Palumbo,False,900,DATA_000,D15_ZENDIKAR_PLAYER_POOL,,
BURNING_INQUIRY_378285,Burning Inquiry,{R},1,R,,Sorcery,,,,"Each player draws three cards, then discards three cards at random.","Jariad burned the midnight oil, burned through scroll after scroll, and then burned down his laboratory.",C,DPI,378285,121675,Zoltan Boros & Gabor Szikszai,False,150,DATA_000,D15_DLC_POOL,,
BURST_LIGHTNING_380191,Burst Lightning,{R},1,R,,Instant,,,,"Kicker {4}
Burst Lightning deals 2 damage to target creature or player. If Burst Lightning was kicked, it deals 4 damage to that creature or player instead.",,C,DPI,380191,123560,Vance Kovacs,False,900,DATA_000,,D15_ZENDIKAR_ROILING_PLANE; D15_ZENDIKAR_ROILING_PLANE_PW,
BUTCHER_GHOUL_377395,Butcher Ghoul,{1}{B},2,B,,Creature,Zombie,1,1,Undying,"Without a mind, it doesn’t fear death. Without a soul, it doesn’t mind killing.",C,DPI,377395,141795,Christopher Moeller,False,150,DATA_000,,D15_INNISTRAD_UNDYING_HORDES,
CADAVER_IMP_382150,Cadaver Imp,{1}{B}{B},3,B,,Creature,Imp,1,1,"Flying
When Cadaver Imp enters the battlefield, you may return target creature card from your graveyard to your hand.",The mouth must be pried open before rigor mortis sets in. Otherwise the returning soul can find no ingress.,C,DPI,382150,127320,Dave Kendall,False,750,DATA_010,,E15_SWAMP_WITCH,
CALDERA_HELLION_381874,Caldera Hellion,{3}{R}{R},5,R,,Creature,Hellion,3,3,"Devour 1
When Caldera Hellion enters the battlefield, it deals 3 damage to each creature.",,R,DPI,381874,115118,Raymond Swanland,False,900,DATA_010,,,
CALL_OF_THE_CONCLAVE_374453,Call of the Conclave,{G}{W},2,WG,,Sorcery,,,,Put a 3/3 green Centaur creature token onto the battlefield.,Centaurs are sent to evangelize in Gruul territories where words of war speak louder than prayers of peace.,U,DPI,374453,145917,Terese Nielsen,False,900,DATA_000,,,
CANCEL_374231,Cancel,{1}{U}{U},3,U,,Instant,,,,Counter target spell.,"“What you are attempting is not against the law. It is, however, extremely foolish.”",C,DPI,374231,116179,David Palumbo,False,1050,DATA_000,,D15_INNISTRAD_MAD_SCIENCE_PW; D15_LESSON_4_PLAYER,
CANOPY_SPIDER_374908,Canopy Spider,{1}{G},2,G,,Creature,Spider,1,3,Reach,It keeps the upper reaches of the forest free of every menace . . . except for the spider itself.,C,DPI,374908,2995,Christopher Rush,False,,DATA_000,,D15_INNISTRAD_SPIDER_TANGLE,
CAPTAIN_OF_THE_WATCH_378356,Captain of the Watch,{4}{W}{W},6,W,,Creature,Human Soldier,3,3,"Vigilance
Other Soldier creatures you control get +1/+1 and have vigilance.
When Captain of the Watch enters the battlefield, put three 1/1 white Soldier creature tokens onto the battlefield.",,R,DPI,378356,121658,Greg Staples,False,1050,DATA_000,F15_BOOSTER_WHITE,D15_SHANDALAR_STORM_THE_CASTLE,
CARAVAN_HURDA_382201,Caravan Hurda,{4}{W},5,W,,Creature,Giant,1,5,Lifelink,"“Not too bright, but good enough for the job required—carrying and walking in a straight line.”
—Bruse Tarl, Goma Fada nomad",C,DPI,382201,123627,Dave Kendall,False,,DATA_000,,D15_ZENDIKAR_ALL_OUT_SPRINT,
CARNIVAL_HELLSTEED_374454,Carnival Hellsteed,{4}{B}{R},6,BR,,Creature,Nightmare Horse,5,4,"First strike, haste, Unleash",Its favorite treats are candied hands and sweet hearts.,R,DPI,374454,145227,Chase Stone,False,,DATA_000,,,
CARRION_CROW_374664,Carrion Crow,{2}{B},3,B,,Creature,Zombie Bird,2,2,"Flying
Carrion Crow enters the battlefield tapped.","When carrion feeds on carrion, dark days approach.",C,DPI,374664,155358,Aaron Miller,False,,DATA_000,,D15_INNISTRAD_LIVING_DEATH,
CATHEDRAL_SANCTIFIER_374600,Cathedral Sanctifier,{W},1,W,,Creature,Human Cleric,1,1,"When Cathedral Sanctifier enters the battlefield, you gain 3 life.",“Evil will soon be vanquished. What Innistrad most needs now is healing.”,C,DPI,374600,141677,Michael C. Hayes,False,150,DATA_000,,D15_INNISTRAD_AVACYN,
CENTAURS_HERALD_374455,Centaur’s Herald,{G},1,G,,Creature,Elf Scout,0,1,"{2}{G}, Sacrifice Centaur’s Herald: Put a 3/3 green Centaur creature token onto the battlefield.","The farther they go from Vitu-Ghazi, the less willing the crowd is to part for them.",C,DPI,374455,145872,Howard Lyon,False,600,DATA_000,,,
CHANDRAS_PHOENIX_374233,Chandra’s Phoenix,{1}{R}{R},3,R,,Creature,Phoenix,2,2,"Flying, haste
Whenever an opponent is dealt damage by a red instant or sorcery spell you control or by a red planeswalker you control, return Chandra’s Phoenix from your graveyard to your hand.",,R,DPI,374233,134170,Aleksi Briclot,False,150,DATA_000,,,
CHAPEL_GEIST_374541,Chapel Geist,{1}{W}{W},3,W,,Creature,Spirit,2,3,Flying,"Death has bound it with chains of past regrets. Forever it searches for atonement, each kindness removing a single link.",C,DPI,374541,138324,Peter Mohrbacher,False,,DATA_000,,,
CHARCOAL_DIAMOND_374923,Charcoal Diamond,{2},2,,,Artifact,,,,"Charcoal Diamond enters the battlefield tapped.
{T}: Add {B} to your mana pool.",,U,DPI,374923,156377,Lindsey Look,False,,DATA_000,,D15_RAVNICA_SEARCH_THE_CITY; D15_RAVNICA_SEARCH_THE_CITY_PW,
CHARMBREAKER_DEVILS_378304,Charmbreaker Devils,{5}{R},6,R,,Creature,Devil,4,4,"At the beginning of your upkeep, return an instant or sorcery card at random from your graveyard to your hand.
Whenever you cast an instant or sorcery spell, Charmbreaker Devils gets +4/+0 until end of turn.",,R,DPI,378304,138300,Dan Scott,False,900,DATA_000,D15_INNISTRAD_PLAYER_POOL,D15_UR_ARCHETYPE_MP,D15_BG_STARTER_BOOSTER_3; D15_BR_STARTER_BOOSTER_3; D15_GW_STARTER_BOOSTER_3; D15_RG_STARTER_BOOSTER_3; D15_UR_STARTER_BOOSTER_3; D15_WR_STARTER_BOOSTER_3
CHASM_SKULKER_374680,Chasm Skulker,{2}{U},3,U,,Creature,Squid Horror,1,1,"Whenever you draw a card, put a +1/+1 counter on Chasm Skulker.
When Chasm Skulker dies, put X 1/1 blue Squid creature tokens with islandwalk onto the battlefield, where X is the number of +1/+1 counters on Chasm Skulker.",,R,DPI,374680,155320,Jack Wang,False,900,DATA_000,D15_SHANDALAR_PLAYER_POOL,D15_SHANDALAR_SLIMY_HORROR; D15_UB_ARCHETYPE_MP; D15_UW_ARCHETYPE_MP,
CHILD_OF_NIGHT_374234,Child of Night,{1}{B},2,B,,Creature,Vampire,2,1,Lifelink,Sins that would be too gruesome in the light of day are made more pleasing in the dark of night.,C,DPI,374234,98590,Ash Wood,False,,DATA_000,D15_SHANDALAR_PLAYER_POOL,D15_INNISTRAD_FEAST_OF_FLESH; D15_SHANDALAR_GARRUK_BOSS_BLACK; D15_WB_ARCHETYPE_MP; E15_PLAYER_GARRUK_NODE_4,
CHILD_OF_THORNS_381969,Child of Thorns,{G},1,G,,Creature,Spirit,1,1,Sacrifice Child of Thorns: Target creature gets +1/+1 until end of turn.,"“The soratami scoff at the perils of Jukai, calling the forest an ‘unruly garden.’ Perhaps we should send them a rose such as this.”
—Dokai, Weaver of Life",C,DPI,381969,83868,Jeff Easley,False,150,DATA_010,,E15_SPIRITCRAFTER,
CHILL_OF_FOREBODING_382022,Chill of Foreboding,{2}{U},3,U,,Sorcery,,,,"Each player puts the top five cards of his or her library into his or her graveyard.
Flashback {7}{U}",“Wait . . . did you fellows hear something?”,U,DPI,382022,139738,Terese Nielsen,False,300,DATA_000,D15_INNISTRAD_PLAYER_POOL,,D15_BR_STARTER_BOOSTER_2; D15_WB_STARTER_BOOSTER_2
CHORUS_OF_MIGHT_374456,Chorus of Might,{3}{G},4,G,,Instant,,,,"Until end of turn, target creature gets +1/+1 for each creature you control and gains trample.","“In each of us is the strength of all of us.”
—Trostani",C,DPI,374456,145879,Christopher Moeller,False,900,DATA_000,D15_RAVNICA_PLAYER_POOL,D15_RAVNICA_SELESNYAS_POWER,
CHORUS_OF_THE_TIDES_378458,Chorus of the Tides,{3}{U},4,U,,Creature,Siren,3,2,"Flying
Heroic — Whenever you cast a spell that targets Chorus of the Tides, scry 1.",,C,DPI,378458,152550,Steve Prescott,False,300,DATA_000,,D15_THEROS_PERILOUS_SEAS,
CHOSEN_BY_HELIOD_378213,Chosen by Heliod,{1}{W},2,W,,Enchantment,Aura,,,"Enchant creature
When Chosen by Heliod enters the battlefield, draw a card.
Enchanted creature gets +0/+2.","“Training and studies aid a soldier in meager amounts. The gods do the rest.”
—Brigone, soldier of Meletis",C,DPI,378213,149177,Zack Stella,False,600,DATA_000,,D15_THEROS_POLIS_INVASION,
CHRONICLER_OF_HEROES_377488,Chronicler of Heroes,{1}{G}{W},3,WG,,Creature,Centaur Wizard,3,3,"When Chronicler of Heroes enters the battlefield, draw a card if you control a creature with a +1/+1 counter on it.","She paints pictures with words, though not all pictures show the truth.",U,DPI,377488,150829,John Stanko,False,450,DATA_000,,D15_THEROS_CENTAUR_FURY,
CHRONOZOA_377475,Chronozoa,{3}{U},4,U,,Creature,Illusion,3,3,"Flying, Vanishing 3
When Chronozoa dies, if it had no time counters on it, put two tokens that are copies of it onto the battlefield.",,R,DPI,377475,100652,James Wong,False,600,DATA_000,,D15_RAVNICA_JACES_TEST,
CINDER_ELEMENTAL_374494,Cinder Elemental,{3}{R},4,R,,Creature,Elemental,2,2,"{X}{R}, {T}, Sacrifice Cinder Elemental: Cinder Elemental deals X damage to target creature or player.","“The old gods awoke and sent fingers of fire to see what was left of the old ways under the endless city.”
—Daiva, Gruul storyteller",U,DPI,374494,146357,Svetlin Velinov,False,900,DATA_000,,,
CIVIC_WAYFINDER_380150,Civic Wayfinder,{2}{G},3,G,,Creature,Elf Warrior Druid,2,2,"When Civic Wayfinder enters the battlefield, you may search your library for a basic land card, reveal it, and put it into your hand. If you do, shuffle your library.","“These alleys are not safe. Come, I can guide you back to the market square.”",C,DPI,380150,88610,Cyril Van Der Haegen,False,600,DATA_000,,D15_ZENDIKAR_NISSAS_DEFIANCE,
CLAUSTROPHOBIA_374235,Claustrophobia,{1}{U}{U},3,U,,Enchantment,Aura,,,"Enchant creature
When Claustrophobia enters the battlefield, tap enchanted creature.
Enchanted creature doesn’t untap during its controller’s untap step.",Six feet of earth muffled his cries.,C,DPI,374235,138397,Ryan Pancoast,False,900,DATA_000,,D15_RAVNICA_JACES_TEST,
CLIFF_THREADER_374879,Cliff Threader,{1}{W},2,W,,Creature,Kor Scout,2,1,Mountainwalk,"“The crossing demands singular focus. Your life consists of these ropes, these hooks, and these rocky crags. Your past is miles below.”",C,DPI,374879,123715,Paul Bonner,False,,DATA_000,,D15_ZENDIKAR_KOR_CANYONS,
CLOAKED_SIREN_377522,Cloaked Siren,{3}{U},4,U,,Creature,Siren,3,2,"Flash
Flying","“That is not the voice of the wind singing on the stones.”
—Callaphe the mariner",C,DPI,377522,152911,Mark Zug,False,,DATA_000,,D15_THEROS_PERILOUS_SEAS,
CLOUDFIN_RAPTOR_374495,Cloudfin Raptor,{U},1,U,,Creature,Bird Mutant,0,1,"Flying
Evolve",,C,DPI,374495,146256,Peter Mohrbacher,False,300,DATA_000,D15_RAVNICA_PLAYER_POOL,D15_UW_ARCHETYPE_MP,
CLOUDSHIFT_374601,Cloudshift,{W},1,W,,Instant,,,,"Exile target creature you control, then return that card to the battlefield under your control.","“Even storm clouds bow to worship Avacyn.”
—Elder Rimheit",C,DPI,374601,141551,Howard Lyon,False,600,DATA_000,D15_DLC_POOL,D15_INNISTRAD_AVACYN,
COBBLED_WINGS_380209,Cobbled Wings,{2},2,,,Artifact,Equipment,,,"Equipped creature has flying.
Equip {1}","For the necro-alchemist, any puzzle can be solved with intelligence and harvested body parts.",C,DPI,380209,138153,Matt Stewart,False,150,DATA_000,D15_INNISTRAD_PLAYER_POOL,,
COILING_ORACLE_374889,Coiling Oracle,{G}{U},2,UG,,Creature,Snake Elf Druid,1,1,"When Coiling Oracle enters the battlefield, reveal the top card of your library. If it’s a land card, put it onto the battlefield. Otherwise, put that card into your hand.","Snaking remnants of nature directed by a body of thought and progress, the oracles embody all that is Simic.",C,DPI,374889,94309,Mark Zug,False,600,DATA_000,,D15_RAVNICA_SIMIC_STRANGENESS,
COLOSSAL_MIGHT_381931,Colossal Might,{R}{G},2,RG,,Instant,,,,Target creature gets +4/+2 and gains trample until end of turn.,"“Never corner a barbarian. You become the path of least resistance.”
—Sarkhan Vol",C,DPI,381931,121001,Justin Sweet,False,900,DATA_010,,E15_NAYA_EXPLORE,
COLOSSAL_WHALE_385054,Colossal Whale,{5}{U}{U},7,U,,Creature,Whale,5,5,"Islandwalk
Whenever Colossal Whale attacks, you may exile target creature defending player controls until Colossal Whale leaves the battlefield.",,R,DPI,385054,147477,Adam Paquette,False,900,DATA_000,,D15_SHANDALAR_SLIMY_HORROR,
CONE_OF_FLAME_374237,Cone of Flame,{3}{R}{R},5,R,,Sorcery,,,,"Cone of Flame deals 1 damage to target creature or player, 2 damage to another target creature or player, and 3 damage to a third target creature or player.",,U,DPI,374237,104549,Chippy,False,1200,DATA_000,,D15_RAVNICA_CHANDRAS_FURY,
CONSTRICTING_SLIVER_374690,Constricting Sliver,{5}{W},6,W,,Creature,Sliver,3,3,"Sliver creatures you control have “When this creature enters the battlefield, you may exile target creature an opponent controls until this creature leaves the battlefield.”
When this creature enters the battlefield, you may exile target creature an opponent controls until this creature leaves the battlefield.","Slivers are often seen toying with enemies they capture, not out of cruelty, but to more fully learn their physical capabilities.",U,DPI,374690,155350,Karl Kopinski,False,750,DATA_000,,D15_SHANDALAR_SLIVERS; D15_SHANDALAR_SLIVERS_PW,
CONSUME_STRENGTH_377428,Consume Strength,{1}{B}{G},3,BG,,Instant,,,,Target creature gets +2/+2 until end of turn. Another target creature gets -2/-2 until end of turn.,"As Multani’s troops invaded Urborg, the decay of the swamp became a feast for the living.",C,DPI,377428,31101,Adam Rex,False,1200,DATA_000,,D15_SHANDALAR_GARRUK_BOSS_BLACK; E15_PLAYER_GARRUK_NODE_1; E15_PLAYER_GARRUK_NODE_2; E15_PLAYER_GARRUK_NODE_3; E15_PLAYER_GARRUK_NODE_4,
COORDINATED_ASSAULT_378214,Coordinated Assault,{R},1,R,,Instant,,,,Up to two target creatures each get +1/+0 and gain first strike until end of turn.,It’s hard to shout “Shields up!” with a javelin in your chest.,U,DPI,378214,149199,John Severin Brassell,False,900,DATA_000,D15_THEROS_PLAYER_POOL,D15_THEROS_POLIS_INVASION,
CORAL_BARRIER_377528,Coral Barrier,{2}{U},3,U,,Creature,Wall,1,3,"Defender
When Coral Barrier enters the battlefield, put a 1/1 blue Squid creature token with islandwalk onto the battlefield.",,C,DPI,377528,155214,Florian De Gesincourt,False,300,DATA_000,D15_DLC_POOL,D15_SHANDALAR_SLIMY_HORROR,
CORPSE_BLOCKADE_380199,Corpse Blockade,{2}{B},3,B,,Creature,Zombie,1,4,"Defender
Sacrifice another creature: Corpse Blockade gains deathtouch until end of turn.","There are laws against it, but the dead have no one to complain to and the living are too frightened to investigate.",C,DPI,380199,146295,Lucas Graciano,False,300,DATA_000,D15_RAVNICA_PLAYER_POOL,D15_RAVNICA_GOLGARI_DEPTHS,
CORPSE_CONNOISSEUR_381875,Corpse Connoisseur,{4}{B},5,B,,Creature,Zombie Wizard,3,3,"When Corpse Connoisseur enters the battlefield, you may search your library for a creature card and put that card into your graveyard. If you do, shuffle your library.
Unearth {3}{B}",,U,DPI,381875,115229,Mark Hyzer,False,300,DATA_010,,,
CORPSE_HAULER_378196,Corpse Hauler,{1}{B},2,B,,Creature,Human Rogue,2,1,"{2}{B}, Sacrifice Corpse Hauler: Return another target creature card from your graveyard to your hand.","“He expects a reward, but the only piece of silver he’ll get from me is my blade in his gut.”
—Shelac, necromancer",C,DPI,378196,147401,Jesper Ejsing,False,600,DATA_000,,D15_ZENDIKAR_SCORN_OF_OB_NIXILIS,
CORRUPT_374240,Corrupt,{5}{B},6,B,,Sorcery,,,,Corrupt deals damage equal to the number of Swamps you control to target creature or player. You gain life equal to the damage dealt this way.,One misstep in the swamp and the evil that sleeps beneath will rise to find you.,U,DPI,374240,111602,Dave Allsop,False,1500,DATA_000,,D15_INNISTRAD_LILIANAS_WELCOME; E15_SWAMP_WITCH,
COSIS_RAVAGER_374402,Cosi’s Ravager,{3}{R},4,R,,Creature,Elemental,2,2,"Landfall — Whenever a land enters the battlefield under your control, you may have Cosi’s Ravager deal 1 damage to target player.","“Cosi has many followers. Even the volcano finds a way to do his bidding.”
—Zakken, Enclave cleric",C,DPI,374402,126603,Zoltan Boros & Gabor Szikszai,False,300,DATA_000,,D15_ZENDIKAR_ROILING_PLANE; D15_ZENDIKAR_ROILING_PLANE_PW,
COUNTERLASH_374581,Counterlash,{4}{U}{U},6,U,,Instant,,,,Counter target spell. You may cast a nonland card in your hand that shares a card type with that spell without paying its mana cost.,“Pathetic. Let me show you how it’s done.”,R,DPI,374581,139866,Austin Hsu,False,1350,DATA_000,D15_INNISTRAD_PLAYER_POOL,D15_INNISTRAD_MAD_SCIENCE,D15_GU_STARTER_BOOSTER_3; D15_RG_STARTER_BOOSTER_3; D15_UB_STARTER_BOOSTER_3; D15_UR_STARTER_BOOSTER_3; D15_UW_STARTER_BOOSTER_3
COUNTERSPELL_374241,Counterspell,{U}{U},2,U,,Instant,,,,Counter target spell.,The pyromancer summoned up her mightiest onslaught of fire and rage. Jace feigned interest.,C,DPI,374241,118220,Jason Chan,False,1200,DATA_000,,D15_RAVNICA_JACES_TEST,
COURIERS_CAPSULE_381876,Courier’s Capsule,{1}{U},2,U,,Artifact,,,,"{1}{U}, {T}, Sacrifice Courier’s Capsule: Draw two cards.","In ages past, Esper couriers bore messages written on ornate scrolls. The medium has grown more sophisticated, but the principle remains the same.",C,DPI,381876,114926,Andrew Murray,False,600,DATA_010,E15_PLAYER_POOL,,
COURSER_OF_KRUPHIX_381964,Courser of Kruphix,{1}{G}{G},3,G,,Enchantment Creature,Centaur,2,4,"Play with the top card of your library revealed.
You may play the top card of your library if it’s a land card.
Whenever a land enters the battlefield under your control, you gain 1 life.",,R,DPI,381964,152598,Eric Deschamps,False,600,DATA_000,,,
COURSERS_ACCORD_374458,Coursers’ Accord,{4}{G}{W},6,WG,,Sorcery,,,,"Put a 3/3 green Centaur creature token onto the battlefield, then populate.",Bleak rumors reached Trostani’s ears. She decreed that no one should travel alone.,C,DPI,374458,145880,Nils Hamm,False,1800,DATA_000,,D15_RAVNICA_SELESNYAS_POWER,
COURT_ARCHERS_381877,Court Archers,{2}{G},3,G,,Creature,Human Archer,1,3,"Reach
Exalted",The Sun-Dappled Court of Valeron stands secure behind a wall of steel-tipped arrows.,C,DPI,381877,115039,Randy Gallegos,False,300,DATA_010,,E15_BANT_EXPLORE,
COURT_HOMUNCULUS_382399,Court Homunculus,{W},1,W,,Artifact Creature,Homunculus,1,1,Court Homunculus gets +1/+1 as long as you control another artifact.,Mages of Esper measure their wealth and status by the number of servants in their retinues.,C,DPI,382399,118740,Matt Cavotta,False,150,DATA_010,,E15_ESPER,
COVENANT_OF_BLOOD_378480,Covenant of Blood,{6}{B},7,B,,Sorcery,,,,"Convoke
Covenant of Blood deals 4 damage to target creature or player and you gain 4 life.",,C,DPI,378480,155366,Seb McKinnon,False,1200,DATA_000,D15_ZENDIKAR_PLAYER_POOL,D15_WB_ARCHETYPE_MP; D15_ZENDIKAR_SCORN_OF_OB_NIXILIS,
CRANIAL_PLATING_381862,Cranial Plating,{2},2,,,Artifact,Equipment,,,"Equipped creature gets +1/+0 for each artifact you control.
{B}{B}: Attach Cranial Plating to target creature you control.
Equip {1}",,C,DPI,381862,77166,Adam Rex,False,300,DATA_010,,E15_ESPER,
CRATERHOOF_BEHEMOTH_388071,Craterhoof Behemoth,{5}{G}{G}{G},8,G,,Creature,Beast,5,5,"Haste
When Craterhoof Behemoth enters the battlefield, creatures you control gain trample and get +X/+X until end of turn, where X is the number of creatures you control.",Its footsteps of today are the lakes of tomorrow.,M,DPI,388071,141572,Chris Rahn,False,1800,DATA_022,F15_BOOSTER_GREEN,,
CRAZED_GOBLIN_350192,Crazed Goblin,{R},1,R,,Creature,Goblin Warrior,1,1,Crazed Goblin attacks each turn if able.,Because fighting is easier than figuring out what else to do.,C,DPI,350192,51142,Darrell Riche,False,-150,DATA_000,,D15_LESSON_1_AI,
CREEPY_DOLL_382045,Creepy Doll,{5},5,,,Artifact Creature,Construct,1,1,"Indestructible
Whenever Creepy Doll deals combat damage to a creature, flip a coin. If you win the flip, destroy that creature.","A child’s porcelain doll went missing one night, as did a pair of kitchen shears and the town magistrate.",R,DPI,382045,138131,Matt Stewart,False,600,DATA_000,D15_INNISTRAD_REWARDS,,
CRIPPLING_BLIGHT_382095,Crippling Blight,{B},1,B,,Enchantment,Aura,,,"Enchant creature
Enchanted creature gets -1/-1 and can’t block.","“Still alive? No matter. I’ll leave you as a warning to others who would oppose me.”
—Vish Kal, Blood Arbiter",C,DPI,382095,143846,Lucas Graciano,False,150,DATA_000,,,
CRIPPLING_CHILL_377396,Crippling Chill,{2}{U},3,U,,Instant,,,,"Tap target creature. It doesn’t untap during its controller’s next untap step.
Draw a card.",One breath of the geist turns veins to rivers of ice and freezes hearts midbeat.,C,DPI,377396,141587,Svetlin Velinov,False,600,DATA_000,,D15_INNISTRAD_CURSES; D15_INNISTRAD_FLIGHTS_OF_FEAR,
CRUEL_SADIST_378487,Cruel Sadist,{B},1,B,,Creature,Human Assassin,1,1,"{B}, {T}, Pay 1 life: Put a +1/+1 counter on Cruel Sadist.
{2}{B}, {T}, Remove X +1/+1 counters from Cruel Sadist: Cruel Sadist deals X damage to target creature.",Face of innocence. Hand of death.,R,DPI,378487,155291,Min Yum,False,600,DATA_000,D15_SHANDALAR_PLAYER_POOL,D15_SHANDALAR_ASSASSINS_BLADE; D15_WB_ARCHETYPE_MP,
CRUMBLING_NECROPOLIS_381878,Crumbling Necropolis,,0,,,Land,,,,"Crumbling Necropolis enters the battlefield tapped.
{T}: Add {U}, {B}, or {R} to your mana pool.","“They say the ruins of Sedraxis were once a shining capital in Vithia. Now it is a blight, a place to be avoided by the living.”
—Olcot, Rider of Joffik",U,DPI,381878,115145,Dave Kendall,False,,DATA_010,E15_TRI_LAND_POOL,E15_GRIXIS_EXPLORE,
CRUSADER_OF_ODRIC_388089,Crusader of Odric,{2}{W},3,W,,Creature,Human Soldier,*,*,Crusader of Odric’s power and toughness are each equal to the number of creatures you control.,"“We are Odric’s sword. We strike without fear, for his mind has divined how our foe will be slain.”",U,DPI,388089,143860,Michael Komarck,False,,DATA_030,F15_BOOSTER_WHITE,,
CRYPT_RIPPER_374880,Crypt Ripper,{2}{B}{B},4,B,,Creature,Shade,2,2,"Haste
{B}: Crypt Ripper gets +1/+1 until end of turn.",The tender light of the living quickens the pulse of the dead.,C,DPI,374880,123574,Dave Kendall,False,600,DATA_010,,E15_SWAMP_WITCH,
CULTIVATE_374245,Cultivate,{2}{G},3,G,,Sorcery,,,,"Search your library for up to two basic land cards, reveal those cards, and put one onto the battlefield tapped and the other into your hand. Then shuffle your library.","All seeds share a common bond, calling to each other across infinity.",C,DPI,374245,129089,Anthony Palumbo,False,300,DATA_000,D15_THEROS_PLAYER_POOL,D15_RG_ARCHETYPE_MP; D15_SHANDALAR_GARRUK_BOSS_BLACK; E15_PLAYER_GARRUK_NODE_4,
CUNNING_SPARKMAGE_380904,Cunning Sparkmage,{2}{R},3,R,,Creature,Human Shaman,0,1,"Haste
{T}: Cunning Sparkmage deals 1 damage to target creature or player.",“I see the weaknesses you hide even from yourself.”,U,DPI,380904,126501,Wayne Reynolds,False,300,DATA_000,D15_ZENDIKAR_PLAYER_POOL,,
CURIOSITY_374543,Curiosity,{U},1,U,,Enchantment,Aura,,,"Enchant creature
Whenever enchanted creature deals damage to an opponent, you may draw a card.","“Surely you know the joy of the hunt, my furry friend. My kind of hunt just takes a different form than yours.”",U,DPI,374543,138331,Igor Kieryluk,False,600,DATA_000,,D15_INNISTRAD_MAD_SCIENCE; D15_INNISTRAD_MAD_SCIENCE_PW,
CURSE_OF_BLOODLETTING_374582,Curse of Bloodletting,{3}{R}{R},5,R,,Enchantment,Aura Curse,,,"Enchant player
If a source would deal damage to enchanted player, it deals double that damage to that player instead.","It is the demon’s mark, an infernal claim on the flesh of the guilty.",R,DPI,374582,138281,Michael C. Hayes,False,600,DATA_000,,D15_INNISTRAD_CURSES,
CURSE_OF_DEATHS_HOLD_374544,Curse of Death’s Hold,{3}{B}{B},5,B,,Enchantment,Aura Curse,,,"Enchant player
Creatures enchanted player controls get -1/-1.",“May you and all your kin waste and wither until your clan is no more!”,R,DPI,374544,138267,Clint Cearley,False,1200,DATA_000,,D15_INNISTRAD_CURSES,
CURSE_OF_ECHOES_374583,Curse of Echoes,{4}{U},5,U,,Enchantment,Aura Curse,,,"Enchant player
Whenever enchanted player casts an instant or sorcery spell, each other player may copy that spell and may choose new targets for the copy he or she controls.",,R,DPI,374583,139877,Slawomir Maniak,False,900,DATA_000,,D15_INNISTRAD_CURSES,
CURSE_OF_STALKED_PREY_377456,Curse of Stalked Prey,{1}{R},2,R,,Enchantment,Aura Curse,,,"Enchant player
Whenever a creature deals combat damage to enchanted player, put a +1/+1 counter on that creature.","“Innocent thorns can fill the air with your bloodscent. Don’t stray from the path.”
—Elmut, crossway watcher",R,DPI,377456,138257,Christopher Moeller,False,450,DATA_000,,D15_INNISTRAD_CURSES,
CURSE_OF_THE_BLOODY_TOME_374545,Curse of the Bloody Tome,{2}{U},3,U,,Enchantment,Aura Curse,,,"Enchant player
At the beginning of enchanted player’s upkeep, that player puts the top two cards of his or her library into his or her graveyard.","After seeing his life’s work drip away, the mage decided it was a good time to go crazy.",C,DPI,374545,138328,Jaime Jones,False,600,DATA_000,,D15_INNISTRAD_CURSES,
CURSE_OF_THE_NIGHTLY_HUNT_374546,Curse of the Nightly Hunt,{2}{R},3,R,,Enchantment,Aura Curse,,,"Enchant player
Creatures enchanted player controls attack each turn if able.","When the moon rises and the bloodlust takes hold, nothing matters but the kill.",U,DPI,374546,138251,Daarken,False,300,DATA_000,,D15_INNISTRAD_CURSES,
CURSE_OF_THE_PIERCED_HEART_374547,Curse of the Pierced Heart,{1}{R},2,R,,Enchantment,Aura Curse,,,"Enchant player
At the beginning of enchanted player’s upkeep, Curse of the Pierced Heart deals 1 damage to that player.","“May your veins weep, and may every vampire take notice.”
—Stensian curse",C,DPI,374547,98654,E. M. Gist,False,300,DATA_000,,D15_INNISTRAD_CURSES,
CURSE_OF_THIRST_374585,Curse of Thirst,{4}{B},5,B,,Enchantment,Aura Curse,,,"Enchant player
At the beginning of enchanted player’s upkeep, Curse of Thirst deals damage to that player equal to the number of Curses attached to him or her.","“May you drink until you drown but never be sated.”
—Odila, witch of Morkrut",U,DPI,374585,140324,Christopher Moeller,False,450,DATA_000,,D15_INNISTRAD_CURSES,
CUTTHROAT_MANEUVER_380907,Cutthroat Maneuver,{3}{B},4,B,,Instant,,,,Up to two target creatures each get +1/+1 and gain lifelink until end of turn.,"“Our ambition drives us forward. Together we will claim what is ours, no matter who holds it.”",U,DPI,380907,149089,Brad Rigney,False,600,DATA_000,D15_THEROS_PLAYER_POOL,,
CYCLOPS_OF_ONEEYED_PASS_374944,Cyclops of One-Eyed Pass,{2}{R}{R},4,R,,Creature,Cyclops,5,2,,"The Champion armed herself to face the cyclops, heedless of her companions’ despair.
“How will you defeat it with only one spear?” asked young Althemone.
The Champion raised her weapon. “It has but one eye.”
—The Theriad",C,DPI,374944,152581,Kev Walker,False,,DATA_000,,D15_THEROS_WHATS_IN_THE_BOX,
CYLIAN_ELF_381879,Cylian Elf,{1}{G},2,G,,Creature,Elf Scout,2,2,,"From her sunsail tent high above the forest floor, an elf harkener can hear the footfalls of a single creature through the cacophony of Naya’s jungle sounds.",C,DPI,381879,115163,Steve Prescott,False,,DATA_010,,E15_NAYA_EXPLORE,
DARING_SKYJEK_377436,Daring Skyjek,{1}{W},2,W,,Creature,Human Knight,3,1,"Battalion — Whenever Daring Skyjek and at least two other creatures attack, Daring Skyjek gains flying until end of turn.",“The hard part isn’t landing in the saddle. The hard part is leaping before you see it.”,C,DPI,377436,146322,Jason Chan,False,300,DATA_000,,D15_RAVNICA_BOROS_FIST,
DARK_HATCHLING_381978,Dark Hatchling,{4}{B}{B},6,B,,Creature,Horror,3,3,"Flying
When Dark Hatchling enters the battlefield, destroy target nonblack creature. It can’t be regenerated.",,R,DPI,381978,140772,Brad Rigney,False,1200,DATA_000,,D15_SHANDALAR_GARRUK_BOSS_BLACK; E15_PLAYER_GARRUK_NODE_2; E15_PLAYER_GARRUK_NODE_3; E15_PLAYER_GARRUK_NODE_4,
DARKSTEEL_AXE_378387,Darksteel Axe,{1},1,,,Artifact,Equipment,,,"Indestructible
Equipped creature gets +2/+0.
Equip {2}","Heavier than it looks, tricky to wield, guaranteed to last.",U,DPI,378387,131073,Daniel Ljunggren,False,300,DATA_000,D15_DLC_POOL,,
DARKSTEEL_COLOSSUS_388074,Darksteel Colossus,{11},11,,,Artifact Creature,Golem,11,11,"Trample, indestructible
If Darksteel Colossus would be put into a graveyard from anywhere, reveal Darksteel Colossus and shuffle it into its owner’s library instead.",,M,DPI,388074,51759,Carl Critchlow,False,,DATA_032,F15_BOOSTER_ARTIFACTS,,
DARKSTEEL_INGOT_382109,Darksteel Ingot,{3},3,,,Artifact,,,,"Indestructible
{T}: Add one mana of any color to your mana pool.","“It reflects the purity of Mirrodin-that-was.”
—Koth of the Hammer",U,DPI,382109,52025,Martina Pilcerova,False,,DATA_000,D15_DLC_POOL,,
DEAD_RECKONING_374403,Dead Reckoning,{1}{B}{B},3,B,,Sorcery,,,,"You may put target creature card from your graveyard on top of your library. If you do, Dead Reckoning deals damage equal to that card’s power to target creature.",Many venture out to hunt for treasures. Others lie in wait to hunt the hunters.,C,DPI,374403,126562,Svetlin Velinov,False,900,DATA_000,D15_DLC_POOL,D15_ZENDIKAR_TOMB_OF_TERROR; D15_ZENDIKAR_TOMB_OF_TERROR_PW,
DEAD_WEIGHT_378306,Dead Weight,{B},1,B,,Enchantment,Aura,,,"Enchant creature
Enchanted creature gets -2/-2.",The crueler vampires’ idea of free-range farming.,C,DPI,378306,138139,Randy Gallegos,False,600,DATA_000,D15_INNISTRAD_PLAYER_POOL,D15_LESSON_3_AI,D15_UB_STARTER_BOOSTER_1; D15_WB_STARTER_BOOSTER_1
DEADLY_RECLUSE_374248,Deadly Recluse,{1}{G},2,G,,Creature,Spider,1,2,"Reach, deathtouch",Even dragons fear its silken strands.,C,DPI,374248,121590,Warren Mahy,False,,DATA_000,,,
DEATH_BARON_380155,Death Baron,{1}{B}{B},3,B,,Creature,Zombie Wizard,2,2,Skeleton creatures you control and other Zombie creatures you control get +1/+1 and have deathtouch.,"For the necromancer barons, killing and recruitment are one and the same.",R,DPI,380155,117201,Nils Hamm,False,600,DATA_010,E15_PLAYER_POOL,E15_GRIXIS_EXPLORE,
DEATH_CULTIST_380264,Death Cultist,{B},1,B,,Creature,Human Wizard,1,1,Sacrifice Death Cultist: Target player loses 1 life and you gain 1 life.,Death inevitably seduces all who study it.,C,DPI,380264,125538,Igor Kieryluk,False,150,DATA_000,D15_ZENDIKAR_PLAYER_POOL,D15_ZENDIKAR_SCORN_OF_OB_NIXILIS,
DEATHBELLOW_RAIDER_380291,Deathbellow Raider,{1}{R},2,R,,Creature,Minotaur Berserker,2,3,"Deathbellow Raider attacks each turn if able.
{2}{B}: Regenerate Deathbellow Raider.","“The temple has been rededicated. It belongs to Mogis now.”
—Rastos, disciple of Mogis",C,DPI,380291,149060,Wayne Reynolds,False,,DATA_000,,D15_THEROS_MINOTAURS_STAMPEDE,
DEBT_TO_THE_DEATHLESS_377413,Debt to the Deathless,{X}{W}{W}{B}{B},4,WB,,Sorcery,,,,Each opponent loses two times X life. You gain life equal to the life lost this way.,Some of Orzhov’s cruelest collectors remember their debtors by taste alone.,U,DPI,377413,147722,Seb McKinnon,False,1200,DATA_000,,D15_RAVNICA_ORZHOVS_DEMAND,
DEEPWATER_HYPNOTIST_381965,Deepwater Hypnotist,{1}{U},2,U,,Creature,Merfolk Wizard,2,1,"Inspired — Whenever Deepwater Hypnotist becomes untapped, target creature an opponent controls gets -3/-0 until end of turn.","“Watch the waves too long, and you may never look away.”
—Meletian proverb",C,DPI,381965,152549,Christopher Moeller,False,300,DATA_000,,D15_THEROS_PERILOUS_SEAS,
DEFY_DEATH_374602,Defy Death,{3}{W}{W},5,W,,Sorcery,,,,"Return target creature card from your graveyard to the battlefield. If it’s an Angel, put two +1/+1 counters on it.","Gisela cornered the murderous demon among the graves of the dead villagers. “A fitting end,” she murmured as she raised her sword.",U,DPI,374602,141522,Karl Kopinski,False,1200,DATA_000,,D15_INNISTRAD_AVACYN,
DEMOLISH_378343,Demolish,{3}{R},4,R,,Sorcery,,,,Destroy target artifact or land.,"“This is why I hate settlements. They lull you into a false sense of security.”
—Yon Basrel, Oran-Rief survivalist",C,DPI,378343,123684,John Avon,False,750,DATA_000,D15_THEROS_PLAYER_POOL,D15_THEROS_MINOTAURS_STAMPEDE,
DEMON_OF_DEATHS_GATE_374249,Demon of Death’s Gate,{6}{B}{B}{B},9,B,,Creature,Demon,9,9,"You may pay 6 life and sacrifice three black creatures rather than pay Demon of Death’s Gate’s mana cost.
Flying, trample","The locks on the cages of the damned are opened with keys of marrow, sinew, and blood.",M,DPI,374249,129162,Vance Kovacs,False,,DATA_000,,D15_INNISTRAD_LILIANAS_WELCOME; D15_ZENDIKAR_SCORN_OF_OB_NIXILIS,
DEMONIC_APPETITE_380910,Demonic Appetite,{B},1,B,,Enchantment,Aura,,,"Enchant creature you control
Enchanted creature gets +3/+3.
At the beginning of your upkeep, sacrifice a creature.","“Morality is just shorthand for the constraints of being powerless.”
—Ob Nixilis",C,DPI,380910,125539,Igor Kieryluk,False,900,DATA_000,D15_ZENDIKAR_PLAYER_POOL,,
DEMONIC_TUTOR_374950,Demonic Tutor,{1}{B},2,B,,Sorcery,,,,Search your library for a card and put that card into your hand. Then shuffle your library.,"Liliana learned the secrets she sought, but at a price that was etched on her fate.",U,DPI,374950,122095,Scott Chou,False,1200,DATA_000,,,
DEMONS_JESTER_374250,Demon’s Jester,{3}{B},4,B,,Creature,Imp,2,2,"Flying
Hellbent — Demon’s Jester gets +2/+1 as long as you have no cards in hand.","They knock ’em dead, with or without the punch line.",C,DPI,374250,94652,Pete Venters,False,300,DATA_000,,,
DENY_REALITY_381932,Deny Reality,{3}{U}{B},5,UB,,Sorcery,,,,"Cascade
Return target permanent to its owner’s hand.",,C,DPI,381932,121039,Jean-Sébastien Rossbach,False,1200,DATA_010,,E15_MAELSTROM_EXPLORE,
DEVIANT_GLEE_380276,Deviant Glee,{B},1,B,,Enchantment,Aura,,,"Enchant creature
Enchanted creature gets +2/+1 and has “{R}: This creature gains trample until end of turn.”
{R}: This creature gains trample until end of turn.",“You just need the right incentive to fulfill my dreams.”,C,DPI,380276,145132,Michael C. Hayes,False,600,DATA_000,D15_RAVNICA_PLAYER_POOL,D15_RAVNICA_RAKDOS_RIOT,
DEVOURING_SWARM_382080,Devouring Swarm,{1}{B}{B},3,B,,Creature,Insect,2,1,"Flying
Sacrifice a creature: Devouring Swarm gets +1/+1 until end of turn.",Their arrival is heralded by the deafening hum of ten thousand wings. Their departure is marked by the silence of the dead.,C,DPI,382080,136807,Wayne England,False,300,DATA_000,D15_ZENDIKAR_PLAYER_POOL,,
DIABOLIC_TUTOR_374251,Diabolic Tutor,{2}{B}{B},4,B,,Sorcery,,,,Search your library for a card and put that card into your hand. Then shuffle your library.,The wise always keep an ear open to the whispers of power.,U,DPI,374251,101052,Greg Staples,False,900,DATA_000,,,
DIMIR_GUILDGATE_374497,Dimir Guildgate,,0,,,Land,Gate,,,"Dimir Guildgate enters the battlefield tapped.
{T}: Add {U} or {B} to your mana pool.","Enter and become a mastermind of spies, lies, and deception.",C,DPI,374497,145160,Cliff Childs,False,,DATA_000,D15_RAVNICA_SUPPLEMENTAL_LAND_POOL,D15_RAVNICA_SEARCH_THE_CITY; D15_RAVNICA_SEARCH_THE_CITY_PW; D15_UB_ARCHETYPE_MP,
DINROVA_HORROR_382037,Dinrova Horror,{4}{U}{B},6,UB,,Creature,Horror,4,4,"When Dinrova Horror enters the battlefield, return target permanent to its owner’s hand, then that player discards a card.","“Welcome to the Dimir Public Offices. Not responsible for death or loss of property. Basement off-limits.”
—Sign outside Dinrova Building",U,DPI,382037,146368,Johann Bodin,False,900,DATA_000,D15_RAVNICA_PLAYER_POOL,D15_UB_ARCHETYPE_MP,
DISENTOMB_374860,Disentomb,{B},1,B,,Sorcery,,,,Return target creature card from your graveyard to your hand.,The armies of the dead always report well rested.,C,DPI,374860,121633,Alex Horley-Orlandelli,False,600,DATA_000,,D15_ZENDIKAR_TOMB_OF_TERROR,
DISSOLVE_378216,Dissolve,{1}{U}{U},3,U,,Instant,,,,Counter target spell. Scry 1.,“You thought only the gods could stop you?”,U,DPI,378216,149196,Wesley Burt,False,1050,DATA_000,D15_THEROS_PLAYER_POOL,D15_UB_ARCHETYPE_MP,
DIVINATION_374720,Divination,{2}{U},3,U,,Sorcery,,,,Draw two cards.,"Even the House of Galan, who takes the most scholarly approach to the mystic traditions, has resorted to exploring more primitive methods in Avacyn’s absence.",C,DPI,374720,139884,Scott Chou,False,750,DATA_000,,D15_INNISTRAD_MAD_SCIENCE; D15_LESSON_2_AI; D15_LESSON_4_PLAYER,
DIVINE_FAVOR_374252,Divine Favor,{1}{W},2,W,,Enchantment,Aura,,,"Enchant creature
When Divine Favor enters the battlefield, you gain 3 life.
Enchanted creature gets +1/+3.","With the armory of light, even the squire may champion her people.",C,DPI,374252,134125,Allen Williams,False,450,DATA_000,,D15_THEROS_AJANI,
DIVINE_VERDICT_378357,Divine Verdict,{3}{W},4,W,,Instant,,,,Destroy target attacking or blocking creature.,“Guilty.”,C,DPI,378357,103536,Kev Walker,False,1200,DATA_000,D15_THEROS_PLAYER_POOL,D15_SHANDALAR_STORM_THE_CASTLE,
DOORKEEPER_378329,Doorkeeper,{1}{U},2,U,,Creature,Homunculus,0,4,"Defender
{2}{U}, {T}: Target player puts the top X cards of his or her library into his or her graveyard, where X is the number of creatures with defender you control.",One piercing stare usually convinces thieves to go elsewhere.,C,DPI,378329,145846,Kev Walker,False,300,DATA_000,D15_RAVNICA_PLAYER_POOL,,
DOUBLING_SEASON_374955,Doubling Season,{4}{G},5,G,,Enchantment,,,,"If an effect would put one or more tokens onto the battlefield under your control, it puts twice that many of those tokens onto the battlefield instead.
If an effect would place one or more counters on a permanent you control, it places twice that many of those counters on that permanent instead.",,R,DPI,374955,134053,Chuck Lukacs,False,1200,DATA_000,D15_DLC_POOL,,
DOWNPOUR_374254,Downpour,{1}{U},2,U,,Instant,,,,Tap up to three target creatures.,"“The sky holds vast oceans. They are at your fingertips if you know how to call them.”
—Talrand, sky summoner",C,DPI,374254,143841,Eytan Zana,False,600,DATA_000,,D15_THEROS_OCEANS_MIGHT,
DRAG_DOWN_381991,Drag Down,{2}{B},3,B,,Instant,,,,Domain — Target creature gets -1/-1 until end of turn for each basic land type among lands you control.,"The barbarians of Jund believe the bottomless tar pits extend forever into other, darker worlds.",C,DPI,381991,118687,Trevor Claxton,False,750,DATA_010,E15_PLAYER_POOL,,
DRAGON_EGG_380245,Dragon Egg,{2}{R},3,R,,Creature,Dragon,0,2,"Defender
When Dragon Egg dies, put a 2/2 red Dragon creature token with flying onto the battlefield. It has “{R}: This creature gets +1/+0 until end of turn.”",Dragon birth lairs are littered with treasure to entice the young from their eggs.,U,DPI,380245,147403,Jack Wang,False,600,DATA_000,,D15_SHANDALAR_BLAZING_WINGS,
DRAGON_FODDER_380918,Dragon Fodder,{1}{R},2,R,,Sorcery,,,,Put two 1/1 red Goblin creature tokens onto the battlefield.,Goblins journey to the sacrificial peaks in pairs so that the rare survivor might be able to relate the details of the other’s grisly demise.,C,DPI,380918,115021,Jaime Jones,False,600,DATA_010,,E15_JUND_EXPLORE,
DRAGON_HATCHLING_380246,Dragon Hatchling,{1}{R},2,R,,Creature,Dragon,0,1,"Flying
{R}: Dragon Hatchling gets +1/+0 until end of turn.","“Those dragons grow fast. For a while they feed on squirrels and goblins and then suddenly you’re missing a mammoth.”
—Hurdek, Mazar mammoth trainer",C,DPI,380246,143848,David Palumbo,False,300,DATA_000,,D15_LESSON_5_PLAYER; D15_SHANDALAR_BLAZING_WINGS,
DRAGONSKULL_SUMMIT_382096,Dragonskull Summit,,0,,,Land,,,,"Dragonskull Summit enters the battlefield tapped unless you control a Swamp or a Mountain.
{T}: Add {B} or {R} to your mana pool.",,R,DPI,382096,121671,Jon Foster,False,,DATA_000,,D15_SHANDALAR_ONNAKKE_GUARDIANS,
DRAGONSPEAKER_SHAMAN_380189,Dragonspeaker Shaman,{1}{R}{R},3,R,,Creature,Human Barbarian Shaman,2,2,Dragon spells you cast cost {2} less to cast.,“We speak the dragons’ language of flame and rage. They speak our language of fury and honor. Together we shall weave a tale of destruction without equal.”,U,DPI,380189,48999,Kev Walker,False,300,DATA_000,,,
DRAKEWING_KRASIS_374498,Drakewing Krasis,{1}{G}{U},3,UG,,Creature,Lizard Drake,3,1,"Flying, trample","Cautious not to repeat Vig’s mistakes, the Simic fuse life essences using magic alone. Each result is called a krasis.",C,DPI,374498,146301,Johann Bodin,False,300,DATA_000,,,
DREG_MANGLER_382402,Dreg Mangler,{1}{B}{G},3,BG,,Creature,Plant Zombie,3,3,"Haste
Scavenge {3}{B}{G}",,U,DPI,382402,145204,Peter Mohrbacher,False,300,DATA_010,,E15_PLAYER_GARRUK_NODE_1; E15_PLAYER_GARRUK_NODE_2; E15_PLAYER_GARRUK_NODE_3; E15_PLAYER_GARRUK_NODE_4,
DREGSCAPE_ZOMBIE_381880,Dregscape Zombie,{1}{B},2,B,,Creature,Zombie,2,1,Unearth {B},The undead of Grixis are fueled by their hatred of the living.,C,DPI,381880,114955,Lars Grant-West,False,300,DATA_010,,E15_GRIXIS_EXPLORE,
DROWN_IN_FILTH_374530,Drown in Filth,{B}{G},2,BG,,Sorcery,,,,"Choose target creature. Put the top four cards of your library into your graveyard, then that creature gets -1/-1 until end of turn for each land card in your graveyard.",The rot farmer’s first rite of passage is to craft a pair of work stilts.,C,DPI,374530,147769,Seb McKinnon,False,600,DATA_000,,D15_RAVNICA_GOLGARI_DEPTHS,
DROWNED_CATACOMB_380230,Drowned Catacomb,,0,,,Land,,,,"Drowned Catacomb enters the battlefield tapped unless you control an Island or a Swamp.
{T}: Add {U} or {B} to your mana pool.",,R,DPI,380230,121655,Dave Kendall,False,,DATA_000,,D15_SHANDALAR_SLIMY_HORROR,
DRUDGE_SKELETONS_382057,Drudge Skeletons,{1}{B},2,B,,Creature,Skeleton,1,1,{B}: Regenerate Drudge Skeletons.,"“The dead make good soldiers. They can’t disobey orders, never surrender, and don’t stop fighting when a random body part falls off.”
—Nevinyrral, Necromancer’s Handbook",C,DPI,382057,122151,Daarken,False,150,DATA_000,D15_SHANDALAR_PLAYER_POOL,,
DRYAD_MILITANT_380277,Dryad Militant,{G/W},1,WG,,Creature,Dryad Soldier,2,1,"If an instant or sorcery card would be put into a graveyard from anywhere, exile it instead.",“We will defend the Worldsoul from Izzet ‘progress’ at any cost.”,U,DPI,380277,145180,Terese Nielsen,False,300,DATA_000,,D15_RAVNICA_SELESNYAS_POWER,
DUSKDALE_WURM_369524,Duskdale Wurm,{5}{G}{G},7,G,,Creature,Wurm,7,7,Trample,"“Last time, it tore up the Wilt-Leaf, turned Mistmeadow into a mudhole, and made the river jump its banks. On the bright side, we were eating venison for weeks.”
—Donal Alloway, cenn of Kinscaer",U,DPI,369524,113643,Dan Dos Santos,False,,DATA_000,,D15_LESSON_4_AI,
DUSKHUNTER_BAT_382081,Duskhunter Bat,{1}{B},2,B,,Creature,Bat,1,1,"Bloodthirst 1
Flying","The swamps go silent at its approach, but it still hears the heartbeat of the prey within.",C,DPI,382081,134144,Jesper Ejsing,False,,DATA_000,,D15_SHANDALAR_ONNAKKE_GUARDIANS,
DUTIFUL_THRULL_380200,Dutiful Thrull,{W},1,W,,Creature,Thrull,1,1,{B}: Regenerate Dutiful Thrull.,"“They are useful, but there’s little satisfaction in supplication that throws itself under your heel.”
—Jozica, Orzhov enforcer",C,DPI,380200,146246,Daarken,False,150,DATA_000,,D15_RAVNICA_ORZHOVS_DEMAND,
ELDER_MASTERY_381992,Elder Mastery,{3}{U}{B}{R},6,UBR,,Enchantment,Aura,,,"Enchant creature
Enchanted creature gets +3/+3 and has flying.
Whenever enchanted creature deals damage to a player, that player discards two cards.","Taste his power, hunger for his command.",U,DPI,381992,118747,Dave Allsop,False,1200,DATA_010,E15_PLAYER_POOL,,
ELDER_OF_LAURELS_380211,Elder of Laurels,{2}{G},3,G,,Creature,Human Advisor,2,3,"{3}{G}: Target creature gets +X/+X until end of turn, where X is the number of creatures you control.",Hopes and prayers can carry the same force as swords and torches.,R,DPI,380211,138502,Terese Nielsen,False,600,DATA_000,D15_INNISTRAD_PLAYER_POOL,D15_GW_ARCHETYPE_MP,D15_BG_STARTER_BOOSTER_3; D15_GU_STARTER_BOOSTER_3; D15_GW_STARTER_BOOSTER_3; D15_RG_STARTER_BOOSTER_3; D15_WB_STARTER_BOOSTER_3
ELITE_SKIRMISHER_380162,Elite Skirmisher,{2}{W},3,W,,Creature,Human Soldier,3,1,"Heroic — Whenever you cast a spell that targets Elite Skirmisher, you may tap target creature.",Some adopted the tactics of the leonin to combat the ferocity of the minotaurs.,C,DPI,380162,152530,Mark Winters,False,300,DATA_000,,,
ELITE_VANGUARD_374257,Elite Vanguard,{W},1,W,,Creature,Human Soldier,2,1,,The vanguard is skilled at waging war alone. The enemy is often defeated before its reinforcements reach the front.,U,DPI,374257,103534,Mark Tedin,False,,DATA_000,D15_SHANDALAR_PLAYER_POOL,D15_SHANDALAR_STORM_THE_CASTLE,
ELIXIR_OF_IMMORTALITY_380247,Elixir of Immortality,{1},1,,,Artifact,,,,"{2}, {T}: You gain 5 life. Shuffle Elixir of Immortality and your graveyard into their owner’s library.","“Bottled life. Not as tasty as I’m used to, rather stale, but it has the same effect.”
—Baron Sengir",U,DPI,380247,129148,Zoltan Boros & Gabor Szikszai,False,150,DATA_000,D15_INNISTRAD_PLAYER_POOL,,
ELVISH_CHAMPION_381858,Elvish Champion,{1}{G}{G},3,G,,Creature,Elf,2,2,Other Elf creatures get +1/+1 and have forestwalk.,"“For what are leaves but countless blades
To fight a countless foe on high.”
—Elvish hymn",R,DPI,381858,25888,D. Alexander Gregory,False,450,DATA_000,,,
ELVISH_PIONEER_374957,Elvish Pioneer,{G},1,G,,Creature,Elf Druid,1,1,"When Elvish Pioneer enters the battlefield, you may put a basic land card from your hand onto the battlefield tapped.",“Destruction is the work of an afternoon. Creation is the work of a lifetime.”,C,DPI,374957,156883,Christopher Moeller,False,300,DATA_000,D15_ZENDIKAR_PLAYER_POOL,D15_RG_ARCHETYPE_MP; D15_UG_ARCHETYPE_MP; D15_ZENDIKAR_NISSAS_DEFIANCE,
ELVISH_VISIONARY_374258,Elvish Visionary,{1}{G},2,G,,Creature,Elf Shaman,1,1,"When Elvish Visionary enters the battlefield, draw a card.","Before any major undertaking, a Cylian elf seeks the guidance of a visionary to learn the will of the gargantuan ancients.",C,DPI,374258,115155,D. Alexander Gregory,False,,DATA_000,D15_SHANDALAR_PLAYER_POOL,D15_GW_ARCHETYPE_MP; D15_RG_ARCHETYPE_MP; D15_UG_ARCHETYPE_MP; D15_ZENDIKAR_NISSAS_DEFIANCE,
EMANCIPATION_ANGEL_374604,Emancipation Angel,{1}{W}{W},3,W,,Creature,Angel,3,3,"Flying
When Emancipation Angel enters the battlefield, return a permanent you control to its owner’s hand.",“You have done your best. I give you leave to rest.”,U,DPI,374604,141525,Scott Chou,False,,DATA_000,,D15_INNISTRAD_AVACYN,
EMERIA_THE_SKY_RUIN_377507,"Emeria, the Sky Ruin",,0,,,Land,,,,"Emeria, the Sky Ruin enters the battlefield tapped.
At the beginning of your upkeep, if you control seven or more Plains, you may return target creature card from your graveyard to the battlefield.
{T}: Add {W} to your mana pool.",,R,DPI,377507,123690,Jaime Jones,False,,DATA_000,,,
ENDLESS_OBEDIENCE_378484,Endless Obedience,{4}{B}{B},6,B,,Sorcery,,,,"Convoke
Put target creature card from a graveyard onto the battlefield under your control.",,U,DPI,378484,155381,Karl Kopinski,False,1200,DATA_000,,D15_INNISTRAD_LILIANAS_WELCOME,
ENLARGE_374722,Enlarge,{3}{G}{G},5,G,,Sorcery,,,,Target creature gets +7/+7 and gains trample until end of turn. It must be blocked this turn if able.,,U,DPI,374722,147453,Michael Komarck,False,1200,DATA_000,D15_SHANDALAR_PLAYER_POOL,,
ENTANGLING_VINES_374841,Entangling Vines,{3}{G},4,G,,Enchantment,Aura,,,"Enchant tapped creature
Enchanted creature doesn’t untap during its controller’s untap step.",Every living thing has roots in nature. Sometimes nature gets its roots into you.,C,DPI,374841,121573,Thomas M. Baxa,False,1200,DATA_000,,D15_ZENDIKAR_TANGLED_GROWTH; D15_ZENDIKAR_TANGLED_GROWTH_PW,
ENTREAT_THE_ANGELS_374605,Entreat the Angels,{X}{X}{W}{W}{W},3,W,,Sorcery,,,,"Put X 4/4 white Angel creature tokens with flying onto the battlefield.
Miracle {X}{W}{W}",,M,DPI,374605,138510,Todd Lockwood,False,1800,DATA_000,,D15_INNISTRAD_AVACYN,
ESPER_CORMORANTS_381993,Esper Cormorants,{2}{W}{U},4,WU,,Artifact Creature,Bird,3,3,Flying,"“The smiths of this land must be mad to reach so far and so high for another creature to decorate.”
—Cagen Vargan, Jhessian sea scout",C,DPI,381993,118756,Warren Mahy,False,,DATA_010,E15_PLAYER_POOL,,
ESPER_PANORAMA_381881,Esper Panorama,,0,,,Land,,,,"{T}: Add {1} to your mana pool.
{1}, {T}, Sacrifice Esper Panorama: Search your library for a basic Plains, Island, or Swamp card and put it onto the battlefield tapped. Then shuffle your library.",,C,DPI,381881,116197,Franz Vohwinkel,False,,DATA_010,,E15_ESPER,
ESPER_STORMBLADE_381935,Esper Stormblade,{W/B}{U},2,WUB,,Artifact Creature,Vedalken Wizard,2,1,"As long as you control another multicolored permanent, Esper Stormblade gets +1/+1 and has flying.",Stormcallers came to appreciate the novelty of Jund’s volcanic updrafts.,C,DPI,381935,121055,Matt Stewart,False,150,DATA_010,,,
ESPERZOA_382122,Esperzoa,{2}{U},3,U,,Artifact Creature,Jellyfish,4,3,"Flying
At the beginning of your upkeep, return an artifact you control to its owner’s hand.","The more metal it digests, the more its jelly will fetch on the alchemists’ market.",U,DPI,382122,114960,Warren Mahy,False,-150,DATA_010,E15_PLAYER_POOL,,
ESSENCE_SCATTER_377082,Essence Scatter,{1}{U},2,U,,Instant,,,,Counter target creature spell.,"“What you attempt to pull from the Æther, I can spread onto the wind.”
—Jace Beleren",C,DPI,377082,103538,Jon Foster,False,1050,DATA_000,,D15_SHANDALAR_SLIMY_HORROR,
ETHEREAL_ARMOR_374461,Ethereal Armor,{W},1,W,,Enchantment,Aura,,,"Enchant creature
Enchanted creature gets +1/+1 for each enchantment you control and has first strike.","Metal is scarce, smiths are pricey, and plate mail is heavy.",C,DPI,374461,145844,Daarken,False,600,DATA_000,F15_BOOSTER_WHITE,D15_THEROS_AJANI,
ETHERIUM_SCULPTOR_382123,Etherium Sculptor,{1}{U},2,U,,Artifact Creature,Vedalken Artificer,1,2,Artifact spells you cast cost {1} less to cast.,"The greatest masters of the craft abandon tools altogether, shaping metal with hand and mind alone.",C,DPI,382123,115165,Steven Belledin,False,300,DATA_010,E15_PLAYER_POOL,,
EVERNIGHT_SHADE_377398,Evernight Shade,{3}{B},4,B,,Creature,Shade,1,1,"{B}: Evernight Shade gets +1/+1 until end of turn.
Undying",,U,DPI,377398,141666,Nic Klein,False,600,DATA_000,,,
EVOLVING_WILDS_374260,Evolving Wilds,,0,,,Land,,,,"{T}, Sacrifice Evolving Wilds: Search your library for a basic land card and put it onto the battlefield tapped. Then shuffle your library.","Without the interfering hands of civilization, nature will always shape itself to its own needs.",C,DPI,374260,127296,Steven Belledin,False,,DATA_000,,D15_INNISTRAD_CURSES; D15_RAVNICA_SIMIC_STRANGENESS; D15_SHANDALAR_SLIVERS; D15_SHANDALAR_SLIVERS_PW; D15_ZENDIKAR_STRENGTH_IN_NUMBERS,
EXPERIMENT_ONE_374500,Experiment One,{G},1,G,,Creature,Human Ooze,1,1,"Evolve
Remove two +1/+1 counters from Experiment One: Regenerate Experiment One.",,U,DPI,374500,146274,Chase Stone,False,300,DATA_000,,,
EXPLODING_BORDERS_381994,Exploding Borders,{2}{R}{G},4,RG,,Sorcery,,,,"Domain — Search your library for a basic land card, put that card onto the battlefield tapped, then shuffle your library. Exploding Borders deals X damage to target player, where X is the number of basic land types among lands you control.",Reuniting a world is not a gentle process.,C,DPI,381994,119808,Zoltan Boros & Gabor Szikszai,False,300,DATA_010,,E15_MAELSTROM_EXPLORE; E15_NAYA_EXPLORE,
EXPLOSIVE_IMPACT_382164,Explosive Impact,{5}{R},6,R,,Instant,,,,Explosive Impact deals 5 damage to target creature or player.,"“Such boorish noise is what passes for subtlety among the Boros.”
—Vraska",C,DPI,382164,145871,Steve Argyle,False,1200,DATA_000,D15_RAVNICA_PLAYER_POOL,,
EXTRACTOR_DEMON_381995,Extractor Demon,{4}{B}{B},6,B,,Creature,Demon,5,5,"Flying
Whenever another creature leaves the battlefield, you may have target player put the top two cards of his or her library into his or her graveyard.
Unearth {2}{B}",,R,DPI,381995,119794,Carl Critchlow,False,150,DATA_010,,E15_GRIXIS_EXPLORE,
EYES_IN_THE_SKIES_374462,Eyes in the Skies,{3}{W},4,W,,Instant,,,,"Put a 1/1 white Bird creature token with flying onto the battlefield, then populate.","“What root and branch cannot reach, our winged friends will attend to.”
—Zunak, Selesnya strategist",C,DPI,374462,145112,James Ryman,False,600,DATA_000,,D15_RAVNICA_SELESNYAS_POWER,
FALKENRATH_NOBLE_374552,Falkenrath Noble,{3}{B},4,B,,Creature,Vampire,2,2,"Flying
Whenever Falkenrath Noble or another creature dies, target player loses 1 life and you gain 1 life.",“I often think on how excited they must feel to be chosen as my prey.”,U,DPI,374552,138243,Slawomir Maniak,False,600,DATA_000,,D15_INNISTRAD_FEAST_OF_FLESH,
FANATIC_OF_MOGIS_374745,Fanatic of Mogis,{3}{R},4,R,,Creature,Minotaur Shaman,4,2,"When Fanatic of Mogis enters the battlefield, it deals damage to each opponent equal to your devotion to red.",,U,DPI,374745,150778,Matt Stewart,False,600,DATA_000,,,
FATAL_FUMES_374531,Fatal Fumes,{3}{B},4,B,,Instant,,,,Target creature gets -4/-2 until end of turn.,"Travelers in the undercity dread the horrors and assassins of the Dimir, but nearly as many die from more mundane hazards.",C,DPI,374531,146718,Kev Walker,False,900,DATA_000,,D15_RAVNICA_GOLGARI_DEPTHS,
FATHOM_MAGE_374967,Fathom Mage,{2}{G}{U},4,UG,,Creature,Human Wizard,1,1,"Evolve
Whenever a +1/+1 counter is placed on Fathom Mage, you may draw a card.",,R,DPI,374967,146475,Ryan Pancoast,False,600,DATA_000,,,
FAVORED_HOPLITE_378218,Favored Hoplite,{W},1,W,,Creature,Human Soldier,1,2,"Heroic — Whenever you cast a spell that targets Favored Hoplite, put a +1/+1 counter on Favored Hoplite and prevent all damage that would be dealt to it this turn.",,U,DPI,378218,149108,Winona Nelson,False,300,DATA_000,,D15_THEROS_POLIS_INVASION,
FEAST_ON_THE_FALLEN_374704,Feast on the Fallen,{2}{B},3,B,,Enchantment,,,,"At the beginning of each upkeep, if an opponent lost life last turn, put a +1/+1 counter on target creature you control.","“As our numbers dwindle, the ranks of the dead grow ever stronger.”
—Thalia, Knight-Cathar",U,DPI,374704,155197,Dave Kendall,False,150,DATA_000,,D15_INNISTRAD_FEAST_OF_FLESH,
FELHIDE_BRAWLER_380163,Felhide Brawler,{1}{B},2,B,,Creature,Minotaur,2,2,Felhide Brawler can’t block unless you control another Minotaur.,"Burial rites among the Felhide minotaurs involve devouring those who fell in battle, to remove their shame from memory and to fuel the survivors’ revenge.",C,DPI,380163,152028,Nils Hamm,False,,DATA_000,,D15_THEROS_MINOTAURS_STAMPEDE,
FELHIDE_MINOTAUR_380293,Felhide Minotaur,{2}{B},3,B,,Creature,Minotaur,2,3,,"With spear held high, the Champion came to meet Thyrogog of the Ashlands, who wore the old king’s skin as a cloak and fed on the flesh of innocents. The foul minotaur raised the great axe called Goremaster and charged.
—The Theriad",C,DPI,380293,149182,Kev Walker,False,,DATA_000,,D15_THEROS_MINOTAURS_STAMPEDE,
FELIDAR_SOVEREIGN_377508,Felidar Sovereign,{4}{W}{W},6,W,,Creature,Cat Beast,4,6,"Vigilance, lifelink
At the beginning of your upkeep, if you have 40 or more life, you win the game.","“If survival is a game, I’ve seen the winner.”
—Hazir, Sejiri cartographer",M,DPI,377508,123640,Zoltan Boros & Gabor Szikszai,False,150,DATA_000,F15_BOOSTER_WHITE,D15_ZENDIKAR_ALL_OUT_SPRINT,
FERAL_HYDRA_381882,Feral Hydra,{X}{G},1,G,,Creature,Hydra Beast,0,0,"Feral Hydra enters the battlefield with X +1/+1 counters on it.
{3}: Put a +1/+1 counter on Feral Hydra. Any player may activate this ability.",It shreds its prey as each head fights for the choicest bits.,R,DPI,381882,115048,Steve Prescott,False,300,DATA_000,,,
FERAL_INCARNATION_374706,Feral Incarnation,{8}{G},9,G,,Sorcery,,,,"Convoke
Put three 3/3 green Beast creature tokens onto the battlefield.",Nature is itself wild—in all its forms.,U,DPI,374706,155191,Eytan Zana,False,2400,DATA_000,,D15_ZENDIKAR_NISSAS_DEFIANCE,
FESTERHIDE_BOAR_382046,Festerhide Boar,{3}{G},4,G,,Creature,Boar,3,3,"Trample
Morbid — Festerhide Boar enters the battlefield with two +1/+1 counters on it if a creature died this turn.","“Bury your dead deep. The boars are hungriest while the corpse is still warm.”
—Paulin, trapper of Somberwald",C,DPI,382046,138361,Nils Hamm,False,150,DATA_010,,E15_PLAYER_GARRUK_NODE_1; E15_PLAYER_GARRUK_NODE_2; E15_PLAYER_GARRUK_NODE_3; E15_PLAYER_GARRUK_NODE_4,
FESTERING_GOBLIN_382127,Festering Goblin,{B},1,B,,Creature,Zombie Goblin,1,1,"When Festering Goblin dies, target creature gets -1/-1 until end of turn.","In life, it was a fetid, disease-ridden thing. In death, not much changed.",C,DPI,382127,43038,Thomas M. Baxa,False,300,DATA_010,,E15_SWAMP_WITCH,
FESTERING_NEWT_380248,Festering Newt,{B},1,B,,Creature,Salamander,1,1,"When Festering Newt dies, target creature an opponent controls gets -1/-1 until end of turn. That creature gets -4/-4 instead if you control a creature named Bogbrew Witch.","Its back bubbles like a witch’s cauldron, and it smells just as vile.",C,DPI,380248,147483,Eric Deschamps,False,300,DATA_000,,D15_SHANDALAR_SLIMY_HORROR,
FIRE_DIAMOND_374924,Fire Diamond,{2},2,,,Artifact,,,,"Fire Diamond enters the battlefield tapped.
{T}: Add {R} to your mana pool.",,U,DPI,374924,156379,Lindsey Look,False,,DATA_000,,D15_RAVNICA_SEARCH_THE_CITY; D15_RAVNICA_SEARCH_THE_CITY_PW,
FIREBREATHING_380231,Firebreathing,{R},1,R,,Enchantment,Aura,,,"Enchant creature
{R}: Enchanted creature gets +1/+0 until end of turn.",The mage breathed in life-giving air and breathed out death-bringing fire.,C,DPI,380231,101053,Aleksi Briclot,False,300,DATA_000,,,
FIREWING_PHOENIX_374265,Firewing Phoenix,{3}{R},4,R,,Creature,Phoenix,4,2,"Flying
{1}{R}{R}{R}: Return Firewing Phoenix from your graveyard to your hand.","“When a phoenix nests in a volcano, we rejoice, for it means a hundred years of war.”
—Golmak, Keldon warlord",R,DPI,374265,143878,James Paick,False,150,DATA_000,,D15_RAVNICA_CHANDRAS_FURY,
FLAME_SLASH_380176,Flame Slash,{R},1,R,,Sorcery,,,,Flame Slash deals 4 damage to target creature.,"After millennia asleep, the Eldrazi had forgotten about Zendikar’s fiery temper and dislike of strangers.",C,DPI,380176,127404,Raymond Swanland,False,1050,DATA_000,,D15_ZENDIKAR_ROILING_PLANE_PW,
FLAMEBLAST_DRAGON_382082,Flameblast Dragon,{4}{R}{R},6,R,,Creature,Dragon,5,5,"Flying
Whenever Flameblast Dragon attacks, you may pay {X}{R}. If you do, Flameblast Dragon deals X damage to target creature or player.","He marks his territory with fire and wrath, etching the mountainside with his charring breath.",R,DPI,382082,115242,Jaime Jones,False,600,DATA_010,,,
FLAMETONGUE_KAVU_374963,Flametongue Kavu,{3}{R},4,R,,Creature,Kavu,4,2,"When Flametongue Kavu enters the battlefield, it deals 4 damage to target creature.","“For dim-witted, thick-skulled genetic mutants, they have pretty good aim.”
—Sisay, captain of the Weatherlight",U,DPI,374963,131688,Slawomir Maniak,False,1050,DATA_000,,,
FLAMEWAVE_INVOKER_380151,Flamewave Invoker,{2}{R},3,R,,Creature,Goblin Mutant,2,2,{7}{R}: Flamewave Invoker deals 5 damage to target player.,Inside even the humblest goblin lurks the potential for far greater things—and far worse.,U,DPI,380151,46587,Dave Dorman,False,600,DATA_000,,D15_RAVNICA_CHANDRAS_FURY,
FLEETING_DISTRACTION_380898,Fleeting Distraction,{U},1,U,,Instant,,,,"Target creature gets -1/-0 until end of turn.
Draw a card.","The first spell taught to young mages, it has spared the lives of many whose hands are too small to hold a sword.",C,DPI,380898,141703,Ryan Yee,False,300,DATA_000,D15_INNISTRAD_PLAYER_POOL,D15_INNISTRAD_FLIGHTS_OF_FEAR,
FLESH_TO_DUST_380891,Flesh to Dust,{3}{B}{B},5,B,,Instant,,,,Destroy target creature. It can’t be regenerated.,"“Pain is temporary. So is life.”
—Liliana Vess",C,DPI,380891,156673,Julie Dillon,False,1200,DATA_000,D15_RAVNICA_PLAYER_POOL,D15_BG_ARCHETYPE_MP; D15_UB_ARCHETYPE_MP,
FLESHBAG_MARAUDER_381883,Fleshbag Marauder,{2}{B},3,B,,Creature,Zombie Warrior,3,1,"When Fleshbag Marauder enters the battlefield, each player sacrifices a creature.","Grixis is a world where the only things found in abundance are death and decay. Corpses, whole or in part, are the standard currency among necromancers and demons.",U,DPI,381883,143391,Mark Zug,False,600,DATA_010,,E15_GRIXIS_EXPLORE,
FLESHMAD_STEED_377490,Fleshmad Steed,{1}{B},2,B,,Creature,Horse,2,2,"Whenever another creature dies, tap Fleshmad Steed.",More disturbing than the unknown is a distortion of the familiar.,C,DPI,377490,149180,Robbie Trevino,False,-150,DATA_000,,D15_THEROS_ARMY_OF_THE_RETURNED,
FLING_378320,Fling,{1}{R},2,R,,Instant,,,,"As an additional cost to cast Fling, sacrifice a creature.
Fling deals damage equal to the sacrificed creature’s power to target creature or player.","About halfway to the target, Snukk vowed that he had been tricked for the last time.",C,DPI,378320,3685,Parente,False,1200,DATA_000,D15_INNISTRAD_PLAYER_POOL,D15_BR_ARCHETYPE_MP,D15_BR_STARTER_BOOSTER_1; D15_UR_STARTER_BOOSTER_1
FOG_377083,Fog,{G},1,G,,Instant,,,,Prevent all combat damage that would be dealt this turn.,"“I fear no army or beast, but only the morning fog. Our assault can survive everything else.”
—Lord Hilneth",C,DPI,377083,137404,Jaime Jones,False,900,DATA_000,D15_SHANDALAR_PLAYER_POOL,,
FONT_OF_MYTHOS_381996,Font of Mythos,{4},4,,,Artifact,,,,"At the beginning of each player’s draw step, that player draws two additional cards.",Those who drink from Malfegor’s cup are tainted with hunger and stained with lies.,R,DPI,381996,119800,Dave Allsop,False,600,DATA_010,,E15_MIND_ADDLER,
FORBIDDEN_ALCHEMY_IMS,Forbidden Alchemy,{2}{U},3,U,,Instant,,,,"Look at the top four cards of your library. Put one of them into your hand and the rest into your graveyard.
Flashback {6}{B}",,C,DPI,31,138246,David Rapoza,False,,DATA_000,,D15_INNISTRAD_MAD_SCIENCE_PW,
FOREST_357834,Forest,,0,,Basic,Land,Forest,,,,,L,DPI,357834,123761,Véronique Meignaud,False,,DATA_000,,D15_ZENDIKAR_LAND_POOL,
FOREST_357835,Forest,,0,,Basic,Land,Forest,,,,,L,DPI,357835,123765,Vincent Proce,False,,DATA_000,,D15_ZENDIKAR_LAND_POOL,
FOREST_357836,Forest,,0,,Basic,Land,Forest,,,,,L,DPI,357836,89161,Anthony S. Waters,False,,DATA_000,,D15_LESSON_1_PLAYER,
FOREST_357837,Forest,,0,,Basic,Land,Forest,,,,,L,DPI,357837,123768,Jung Park,False,,DATA_000,,D15_ZENDIKAR_LAND_POOL,
FOREST_357840,Forest,,0,,Basic,Land,Forest,,,,,L,DPI,357840,145261,Adam Paquette,False,,DATA_000,,D15_RAVNICA_LAND_POOL,
FOREST_357841,Forest,,0,,Basic,Land,Forest,,,,,L,DPI,357841,123752,John Avon,False,,DATA_000,,D15_ZENDIKAR_LAND_POOL,
FOREST_357842,Forest,,0,,Basic,Land,Forest,,,,,L,DPI,357842,145258,John Avon,False,,DATA_000,,D15_RAVNICA_LAND_POOL,
FOREST_357843,Forest,,0,,Basic,Land,Forest,,,,,L,DPI,357843,145259,Yeong-Hao Han,False,,DATA_000,,D15_RAVNICA_LAND_POOL,
FOREST_357965,Forest,,0,,Basic,Land,Forest,,,,,L,DPI,357965,80948,Rob Alexander,False,,DATA_000,,D15_LESSON_1_PLAYER; D15_LESSON_4_AI,
FOREST_357966,Forest,,0,,Basic,Land,Forest,,,,,L,DPI,357966,80954,Rob Alexander,False,,DATA_000,,D15_LESSON_1_PLAYER; D15_LESSON_4_AI,
FOREST_357967,Forest,,0,,Basic,Land,Forest,,,,,L,DPI,357967,80965,Rob Alexander,False,,DATA_000,,D15_LESSON_1_PLAYER; D15_LESSON_4_AI,
FOREST_357970,Forest,,0,,Basic,Land,Forest,,,,,L,DPI,357970,80964,Rob Alexander,False,,DATA_000,,D15_LESSON_1_PLAYER; D15_LESSON_4_AI,
FOREST_357972,Forest,,0,,Basic,Land,Forest,,,,,L,DPI,357972,145260,Richard Wright,False,,DATA_000,,D15_RAVNICA_LAND_POOL,
FOREST_380412,Forest,,0,,Basic,Land,Forest,,,,,L,DPI,380412,131692,Noah Bradley,False,,DATA_000,,D15_SHANDALAR_LAND_POOL; DEFAULT_LAND_POOL,
FOREST_380413,Forest,,0,,Basic,Land,Forest,,,,,L,DPI,380413,138785,Jonas De Ro,False,,DATA_000,,D15_SHANDALAR_LAND_POOL; DEFAULT_LAND_POOL,
FOREST_380414,Forest,,0,,Basic,Land,Forest,,,,,L,DPI,380414,121707,Steven Belledin,False,,DATA_000,,D15_SHANDALAR_LAND_POOL; DEFAULT_LAND_POOL,
FOREST_380415,Forest,,0,,Basic,Land,Forest,,,,,L,DPI,380415,153333,John Avon,False,,DATA_000,,D15_SHANDALAR_LAND_POOL; D15_SHANDALAR_SLIVERS; D15_SHANDALAR_SLIVERS_PW; DEFAULT_LAND_POOL,
FOREST_380452,Forest,,0,,Basic,Land,Forest,,,,,L,DPI,380452,138471,Eytan Zana,False,,DATA_000,,D15_INNISTRAD_LAND_POOL,
FOREST_380453,Forest,,0,,Basic,Land,Forest,,,,,L,DPI,380453,138472,James Paick,False,,DATA_000,,D15_INNISTRAD_LAND_POOL,
FOREST_380454,Forest,,0,,Basic,Land,Forest,,,,,L,DPI,380454,138473,Jung Park,False,,DATA_000,,D15_INNISTRAD_LAND_POOL,
FOREST_380491,Forest,,0,,Basic,Land,Forest,,,,,L,DPI,380491,89169,Richard Wright,False,,DATA_000,,D15_RAVNICA_LAND_POOL,
FOREST_380512,Forest,,0,,Basic,Land,Forest,,,,,L,DPI,380512,149138,Steven Belledin,False,,DATA_000,,D15_THEROS_LAND_POOL,
FOREST_380513,Forest,,0,,Basic,Land,Forest,,,,,L,DPI,380513,149139,Rob Alexander,False,,DATA_000,,D15_THEROS_LAND_POOL,
FOREST_380514,Forest,,0,,Basic,Land,Forest,,,,,L,DPI,380514,149980,Raoul Vitale,False,,DATA_000,,D15_THEROS_LAND_POOL; D15_THEROS_WHATS_IN_THE_BOX,
FOREST_380515,Forest,,0,,Basic,Land,Forest,,,,,L,DPI,380515,149141,Adam Paquette,False,,DATA_000,,D15_LESSON_1_PLAYER; D15_LESSON_4_AI; D15_THEROS_LAND_POOL,
FORSAKEN_DRIFTERS_381966,Forsaken Drifters,{3}{B},4,B,,Creature,Zombie,4,2,"When Forsaken Drifters dies, put the top four cards of your library into your graveyard.",It is a terrible thing when the path of the Returned leads them back to the Underworld.,C,DPI,381966,152031,Min Yum,False,,DATA_000,,D15_THEROS_ARMY_OF_THE_RETURNED,
FORTRESS_CRAB_382047,Fortress Crab,{3}{U},4,U,,Creature,Crab,1,6,,"Unbreakable and unappetizing, the crab grows uninterrupted, sometimes to the size of a cottage and beyond.",C,DPI,382047,138368,Vincent Proce,False,,DATA_000,,D15_INNISTRAD_CURSES,
FOUNDRY_STREET_DENIZEN_378279,Foundry Street Denizen,{R},1,R,,Creature,Goblin Warrior,1,1,"Whenever another red creature enters the battlefield under your control, Foundry Street Denizen gets +1/+0 until end of turn.","After the Foundry Street riot, Arrester Hulbein tried to ban bludgeons. Which, inevitably, resulted in another riot.",C,DPI,378279,146260,Raoul Vitale,False,150,DATA_000,D15_RAVNICA_PLAYER_POOL,D15_TUTORIAL_BOSS_DECK,
FRILLED_OCULUS_377439,Frilled Oculus,{1}{U},2,U,,Creature,Homunculus,1,3,{1}{G}: Frilled Oculus gets +2/+2 until end of turn. Activate this ability only once each turn.,"“Understand the Simic? That’s about as easy as winning a staring contest with a homunculus.”
—Dars Gostok, Firefist captain",C,DPI,377439,146264,Marco Nelor,False,300,DATA_000,,,
FROGMITE_382129,Frogmite,{4},4,,,Artifact Creature,Frog,2,2,Affinity for artifacts,"At first, vedalken observers thought blinkmoths naturally avoided certain places. Then they realized those places were frogmite feeding grounds.",C,DPI,382129,51145,Terese Nielsen,False,,DATA_010,,E15_ESPER,
FRONTIER_BIVOUAC_388078,Frontier Bivouac,,0,,,Land,,,,"Frontier Bivouac enters the battlefield tapped.
{T}: Add {G}, {U}, or {R} to your mana pool.","“The most powerful dreams visit those who shelter in a dragon’s skull.”
—Chianul, Who Whispers Twice",U,DPI,388078,156587,Titus Lunter,False,,DATA_040,F15_BOOSTER_LANDS,,
FROST_LYNX_374654,Frost Lynx,{2}{U},3,U,,Creature,Elemental Cat,2,2,"When Frost Lynx enters the battlefield, tap target creature an opponent controls. That creature doesn’t untap during its controller’s next untap step.","It readily attacks much larger prey, knowing retaliation is impossible.",C,DPI,374654,155293,Izzy,False,300,DATA_000,D15_SHANDALAR_PLAYER_POOL,D15_UG_ARCHETYPE_MP; D15_UW_ARCHETYPE_MP,
FURNACE_WHELP_380235,Furnace Whelp,{2}{R}{R},4,R,,Creature,Dragon,2,2,"Flying
{R}: Furnace Whelp gets +1/+0 until end of turn.","Baby dragons can’t figure out humans—if they didn’t want to be killed, why were they made of meat and treasure?",U,DPI,380235,77223,Matt Cavotta,False,300,DATA_000,,D15_SHANDALAR_BLAZING_WINGS,
FUROR_OF_THE_BITTEN_378308,Furor of the Bitten,{R},1,R,,Enchantment,Aura,,,"Enchant creature
Enchanted creature gets +2/+2 and attacks each turn if able.",Those who only believe themselves infected with lycanthropy can be as dangerous as those who really are.,C,DPI,378308,138370,Randy Gallegos,False,450,DATA_000,D15_INNISTRAD_PLAYER_POOL,,D15_BG_STARTER_BOOSTER_1; D15_WR_STARTER_BOOSTER_1
FUSION_ELEMENTAL_381997,Fusion Elemental,{W}{U}{B}{R}{G},5,WUBRG,,Creature,Elemental,8,8,,"As the shards merged into the Maelstrom, their mana energies fused into new monstrosities.",U,DPI,381997,118699,Michael Komarck,False,,DATA_010,E15_PLAYER_POOL,E15_MAELSTROM_EXPLORE,
GALERIDER_SLIVER_374723,Galerider Sliver,{U},1,U,,Creature,Sliver,1,1,Sliver creatures you control have flying.,"Masters of adaptation, galeriders serve multiple purposes useful to the hive. When they’re not patrolling their territories, their majestic wings serve to circulate cool air through the vast hive chambers.",R,DPI,374723,147369,James Zapata,False,300,DATA_000,,D15_SHANDALAR_SLIVERS_PW,
GALLOWS_WARDEN_374555,Gallows Warden,{4}{W},5,W,,Creature,Spirit,3,3,"Flying
Other Spirit creatures you control get +0/+1.",The spirit cares nothing for the crimes or triumphs of the slain. It shelters all beneath its stormy cloak.,U,DPI,374555,138360,Dan Scott,False,150,DATA_000,,,
GALVANIC_ARC_388092,Galvanic Arc,{2}{R},3,R,,Enchantment,Aura,,,"Enchant creature
When Galvanic Arc enters the battlefield, it deals 3 damage to target creature or player.
Enchanted creature has first strike.",,C,DPI,388092,88957,Michael Sutfin,False,900,DATA_021,F15_BOOSTER_RED,,
GALVANIC_JUGGERNAUT_380213,Galvanic Juggernaut,{4},4,,,Artifact Creature,Juggernaut,5,5,"Galvanic Juggernaut attacks each turn if able.
Galvanic Juggernaut doesn’t untap during your untap step.
Whenever another creature dies, untap Galvanic Juggernaut.",,U,DPI,380213,138335,Lucas Graciano,False,-300,DATA_000,D15_DLC_POOL,,
GARGOYLE_SENTINEL_374816,Gargoyle Sentinel,{3},3,,,Artifact Creature,Gargoyle,3,3,"Defender
{3}: Until end of turn, Gargoyle Sentinel loses defender and gains flying.","“Do not mistake a quiet rampart for one that is unguarded. Some things stir only when they need to.”
—Bonovar, siege commander",U,DPI,374816,129079,Drew Baker,False,,DATA_000,D15_INNISTRAD_PLAYER_POOL,D15_LESSON_5_AI,
GARRUKS_COMPANION_374266,Garruk’s Companion,{G}{G},2,G,,Creature,Beast,3,2,Trample,,C,DPI,374266,129114,Efrem Palacios,False,,DATA_000,,D15_SHANDALAR_GARRUK_BOSS_GREEN; E15_PLAYER_GARRUK_NODE_1; E15_PLAYER_GARRUK_NODE_2; E15_PLAYER_GARRUK_NODE_3,
GARRUKS_PACKLEADER_374267,Garruk’s Packleader,{4}{G},5,G,,Creature,Beast,4,4,"Whenever another creature with power 3 or greater enters the battlefield under your control, you may draw a card.","“He has learned much in his long years. And unlike selfish humans, he’s willing to share.”
—Garruk Wildspeaker",U,DPI,374267,129147,Nils Hamm,False,600,DATA_000,D15_DLC_POOL,D15_SHANDALAR_GARRUK_BOSS_GREEN; E15_PLAYER_GARRUK_NODE_1; E15_PLAYER_GARRUK_NODE_2; E15_PLAYER_GARRUK_NODE_3,
GATECREEPER_VINE_374463,Gatecreeper Vine,{1}{G},2,G,,Creature,Plant,0,2,"Defender
When Gatecreeper Vine enters the battlefield, you may search your library for a basic land card or a Gate card, reveal it, put it into your hand, then shuffle your library.",Every inch of Ravnica is home to something.,C,DPI,374463,145142,Trevor Claxton,False,300,DATA_000,,D15_RAVNICA_SEARCH_THE_CITY; D15_RAVNICA_SEARCH_THE_CITY_PW,
GATEKEEPER_OF_MALAKIR_382204,Gatekeeper of Malakir,{B}{B},2,B,,Creature,Warrior Vampire,2,2,"Kicker {B}
When Gatekeeper of Malakir enters the battlefield, if it was kicked, target player sacrifices a creature.",“You may enter the city—once the toll is paid.”,U,DPI,382204,123628,Karl Kopinski,False,600,DATA_000,,D15_ZENDIKAR_TOMB_OF_TERROR_PW,
GATHER_COURAGE_374932,Gather Courage,{G},1,G,,Instant,,,,"Convoke
Target creature gets +2/+2 until end of turn.",,C,DPI,374932,88930,Brian Despain,False,600,DATA_000,D15_DLC_POOL,,
GEIST_OF_THE_MOORS_382308,Geist of the Moors,{1}{W}{W},3,W,,Creature,Spirit,3,1,Flying,"“The battle is won. There’s work to be done. / The Blessed Sleep must wait. / A fiend is about. It stalks the devout. / I’ll save them from my fate.”
—“The Good Geist’s Vow”",U,DPI,382308,155278,Aaron Miller,False,,DATA_000,,D15_INNISTRAD_FLIGHTS_OF_FEAR,
GEISTHONORED_MONK_374268,Geist-Honored Monk,{3}{W}{W},5,W,,Creature,Human Monk,*,*,"Vigilance
Geist-Honored Monk’s power and toughness are each equal to the number of creatures you control.
When Geist-Honored Monk enters the battlefield, put two 1/1 white Spirit creature tokens with flying onto the battlefield.",,R,DPI,374268,138347,Clint Cearley,False,300,DATA_000,,,
GENESIS_HYDRA_380874,Genesis Hydra,{X}{G}{G},2,G,,Creature,Plant Hydra,0,0,"When you cast Genesis Hydra, reveal the top X cards of your library. You may put a nonland permanent card with converted mana cost X or less from among them onto the battlefield. Then shuffle the rest into your library.
Genesis Hydra enters the battlefield with X +1/+1 counters on it.",,R,DPI,380874,155275,Peter Mohrbacher,False,1200,DATA_000,D15_SHANDALAR_PLAYER_POOL,D15_RG_ARCHETYPE_MP; D15_UG_ARCHETYPE_MP,
GHOSTLY_POSSESSION_374557,Ghostly Possession,{2}{W},3,W,,Enchantment,Aura,,,"Enchant creature
Enchanted creature has flying.
Prevent all combat damage that would be dealt to and dealt by enchanted creature.",,C,DPI,374557,138117,Howard Lyon,False,600,DATA_000,,D15_INNISTRAD_FLIGHTS_OF_FEAR,
GHOULRAISER_374269,Ghoulraiser,{1}{B}{B},3,B,,Creature,Zombie,2,2,"When Ghoulraiser enters the battlefield, return a Zombie card at random from your graveyard to your hand.","“Come. Bring your brothers. Tonight, you feast on living flesh.”
—Jadar, ghoulcaller of Nephalia",C,DPI,374269,138100,Steve Prescott,False,600,DATA_000,,D15_INNISTRAD_LIVING_DEATH,
GIANT_GROWTH_374270,Giant Growth,{G},1,G,,Instant,,,,Target creature gets +3/+3 until end of turn.,,C,DPI,374270,101059,Matt Cavotta,False,750,DATA_000,,D15_LESSON_4_AI; D15_RAVNICA_SELESNYAS_POWER,
GIANT_SCORPION_374271,Giant Scorpion,{2}{B},3,B,,Creature,Scorpion,1,3,Deathtouch,"Its sting hurts, but death is strangely painless.",C,DPI,374271,122164,Raymond Swanland,False,,DATA_000,D15_ZENDIKAR_PLAYER_POOL,D15_UB_ARCHETYPE_MP,
GIANT_SPIDER_374272,Giant Spider,{3}{G},4,G,,Creature,Spider,2,4,Reach,"The giant spider’s silk naturally resists gravity, almost weaving itself as it blankets the forest canopy.",C,DPI,374272,6654,Randy Gallegos,False,,DATA_000,,D15_INNISTRAD_SPIDER_TANGLE,
GIFT_OF_IMMORTALITY_380294,Gift of Immortality,{2}{W},3,W,,Enchantment,Aura,,,"Enchant creature
When enchanted creature dies, return that card to the battlefield under its owner’s control. Return Gift of Immortality to the battlefield attached to that creature at the beginning of the next end step.",,R,DPI,380294,149206,Matt Stewart,False,600,DATA_000,,D15_THEROS_AJANI,
GLAZE_FIEND_381884,Glaze Fiend,{1}{B},2,B,,Artifact Creature,Illusion,0,1,"Flying
Whenever another artifact enters the battlefield under your control, Glaze Fiend gets +2/+2 until end of turn.","Before the zealots of the Ethersworn came to power, Esper illusionists dreamed up creations to mimic a variety of substances.",C,DPI,381884,98588,Joshua Hagler,False,300,DATA_010,E15_PLAYER_POOL,,
GLOOMHUNTER_374273,Gloomhunter,{2}{B},3,B,,Creature,Bat,2,1,Flying,"Scavengers both mundane and magical follow in its wake, feeding on the scraps of flesh and spirit it leaves behind.",C,DPI,374273,127277,Lars Grant-West,False,,DATA_000,,D15_ZENDIKAR_TOMB_OF_TERROR; D15_ZENDIKAR_TOMB_OF_TERROR_PW,
GLOOMWIDOW_374274,Gloomwidow,{2}{G},3,G,,Creature,Spider,3,3,"Reach
Gloomwidow can block only creatures with flying.",The abandoned towns on the moors didn’t stay empty for long.,U,DPI,374274,142208,Svetlin Velinov,False,-150,DATA_000,,D15_INNISTRAD_SPIDER_TANGLE,
GLORIOUS_CHARGE_378358,Glorious Charge,{1}{W},2,W,,Instant,,,,Creatures you control get +1/+1 until end of turn.,"“One’s blade is only as sharp as one’s conviction.”
—Ajani Goldmane",C,DPI,378358,122149,Izzy,False,600,DATA_000,,,
GLORY_SEEKER_374275,Glory Seeker,{1}{W},2,W,,Creature,Human Soldier,2,2,,"“There’s no contract to sign, no oath to swear. The enlistment procedure is to unsheathe your sword and point it at the enemy.”",C,DPI,374275,127422,Matt Cavotta,False,,DATA_000,D15_ZENDIKAR_PLAYER_POOL,D15_LESSON_3_PLAYER,
GLUTTONOUS_CYCLOPS_382216,Gluttonous Cyclops,{5}{R},6,R,,Creature,Cyclops,5,4,{5}{R}{R}: Monstrosity 3.,The cyclops had learned to never eat a shepherd. Instead he gently flung the “pit” aside to grow a new flock.,C,DPI,382216,152852,Steve Prescott,False,300,DATA_000,,D15_THEROS_WHATS_IN_THE_BOX,
GNARLED_MASS_381971,Gnarled Mass,{1}{G}{G},3,G,,Creature,Spirit,3,3,,"“On the fifty-seventh day of the Battle of Silk, the bell again tolled in hopes of summoning mortal aid. This time, a new breed of kami rose to answer its call.”
—Great Battles of Kamigawa",C,DPI,381971,83941,Tony Szczudlo,False,,DATA_010,,E15_SPIRITCRAFTER,
GOBLIN_ARSONIST_374276,Goblin Arsonist,{R},1,R,,Creature,Goblin Shaman,1,1,"When Goblin Arsonist dies, you may have it deal 1 damage to target creature or player.",With great power comes great risk of getting yourself killed.,C,DPI,374276,127413,Wayne Reynolds,False,300,DATA_000,D15_ZENDIKAR_PLAYER_POOL,D15_BR_ARCHETYPE_MP,
GOBLIN_BUSHWHACKER_380309,Goblin Bushwhacker,{R},1,R,,Creature,Goblin Warrior,1,1,"Kicker {R}
When Goblin Bushwhacker enters the battlefield, if it was kicked, creatures you control get +1/+0 and gain haste until end of turn.",,C,DPI,380309,123548,Mark Tedin,False,300,DATA_000,D15_DLC_POOL,,
GOBLIN_ELECTROMANCER_380279,Goblin Electromancer,{U}{R},2,UR,,Creature,Goblin Wizard,2,2,Instant and sorcery spells you cast cost {1} less to cast.,"When asked how much power is required, Izzet mages always answer “more.”",C,DPI,380279,145150,Svetlin Velinov,False,300,DATA_000,D15_RAVNICA_PLAYER_POOL,D15_UR_ARCHETYPE_MP,
GOBLIN_RABBLEMASTER_382227,Goblin Rabblemaster,{2}{R},3,R,,Creature,Goblin Warrior,2,2,"Other Goblin creatures you control attack each turn if able.
At the beginning of combat on your turn, put a 1/1 red Goblin creature token with haste onto the battlefield.
Whenever Goblin Rabblemaster attacks, it gets +1/+0 until end of turn for each other attacking Goblin.",,R,DPI,382227,155201,Svetlin Velinov,False,600,DATA_000,D15_RAVNICA_PLAYER_POOL,D15_BR_ARCHETYPE_MP,
GOBLIN_SHORTCUTTER_374279,Goblin Shortcutter,{1}{R},2,R,,Creature,Goblin Scout,2,1,"When Goblin Shortcutter enters the battlefield, target creature can’t block this turn.",“I’m not running away! I’m figuring out the best routes.”,C,DPI,374279,123611,Jesper Ejsing,False,450,DATA_000,D15_DLC_POOL,,
GODHUNTER_OCTOPUS_382217,Godhunter Octopus,{5}{U},6,U,,Creature,Octopus,5,5,Godhunter Octopus can’t attack unless defending player controls an enchantment or an enchanted permanent.,"“I will match Thassa drop for drop and show a god what true power is.”
—Kiora",C,DPI,382217,152824,Tyler Jacobson,False,,DATA_000,,,
GODLESS_SHRINE_377440,Godless Shrine,,0,,,Land,Plains Swamp,,,"As Godless Shrine enters the battlefield, you may pay 2 life. If you don’t, Godless Shrine enters the battlefield tapped.
{T}: Add {W} or {B} to your mana pool.",Judgment without hope.,R,DPI,377440,145162,Cliff Childs,False,,DATA_000,,D15_RAVNICA_ORZHOVS_DEMAND,
GODS_WILLING_382187,Gods Willing,{W},1,W,,Instant,,,,Target creature you control gains protection from the color of your choice until end of turn. Scry 1.,"Honor the gods of Theros, and they will return the favor.",C,DPI,382187,150790,Mark Winters,False,600,DATA_000,D15_THEROS_PLAYER_POOL,,
GOLGARI_GUILDGATE_374833,Golgari Guildgate,,0,,,Land,Gate,,,"Golgari Guildgate enters the battlefield tapped.
{T}: Add {B} or {G} to your mana pool.",Enter those who are starving and sick. You are welcome among the Swarm when the rest of Ravnica rejects you.,C,DPI,374833,145165,Eytan Zana,False,,DATA_000,D15_RAVNICA_SUPPLEMENTAL_LAND_POOL,D15_BG_ARCHETYPE_MP; D15_RAVNICA_GOLGARI_DEPTHS; D15_RAVNICA_SEARCH_THE_CITY; D15_RAVNICA_SEARCH_THE_CITY_PW; D15_SHANDALAR_GARRUK_BOSS_BLACK; D15_SHANDALAR_GARRUK_BOSS_GREEN; E15_PLAYER_GARRUK_NODE_1; E15_PLAYER_GARRUK_NODE_2; E15_PLAYER_GARRUK_NODE_3; E15_PLAYER_GARRUK_NODE_4,
GOLIATH_SPHINX_373698,Goliath Sphinx,{5}{U}{U},7,U,,Creature,Sphinx,8,7,Flying,"He makes his home on the tallest mountain in Sejiri, where the vista is as endless as his patience.",R,DPI,373698,126544,Greg Staples,False,,DATA_000,,D15_LESSON_2_AI,
GOLIATH_SPIDER_374933,Goliath Spider,{6}{G}{G},8,G,,Creature,Spider,7,6,Reach,The glittering strands of its complex web catch everything from a buzzing gnat to a passing bloatdrake.,U,DPI,374933,89000,Alan Pollack,False,,DATA_000,,,
GOREHOUSE_CHAINWALKER_374464,Gore-House Chainwalker,{1}{R},2,R,,Creature,Human Warrior,2,1,Unleash,"If the pig’s blood drips on you, you’re next on the chain.",C,DPI,374464,145864,Dan Scott,False,,DATA_000,,D15_RAVNICA_RAKDOS_RIOT,
GOREHORN_MINOTAURS_382084,Gorehorn Minotaurs,{2}{R}{R},4,R,,Creature,Minotaur Warrior,3,3,Bloodthirst 2,Some of the eleven minotaur clans of Mirtiin are expert crafters and learned philosophers. Others just like to hit stuff.,C,DPI,382084,127464,Wayne Reynolds,False,,DATA_000,,D15_SHANDALAR_ONNAKKE_GUARDIANS,
GORGER_WURM_381939,Gorger Wurm,{3}{R}{G},5,RG,,Creature,Wurm,5,5,Devour 1,"In war-torn Alara, sometimes a wurm’s gullet is the safest place to be.",C,DPI,381939,120971,Parente,False,,DATA_010,E15_PLAYER_POOL,,
GOSSAMER_PHANTASM_374280,Gossamer Phantasm,{1}{U},2,U,,Creature,Illusion,2,1,"Flying
When Gossamer Phantasm becomes the target of a spell or ability, sacrifice it.","“Belief matters more than truth. Every moment, belief in imaginary things alters lives while truth sits unnoticed and waits.”
—Hakim, Loreweaver",C,DPI,374280,100657,Jon Foster,False,,DATA_000,,D15_RAVNICA_JACES_TEST,
GRAPPLER_SPIDER_374405,Grappler Spider,{1}{G},2,G,,Creature,Spider,2,1,Reach,Creatures of the air wisely avoid the darkest regions—which is why grappler spiders inhabit the few places touched by the sun’s rays.,C,DPI,374405,126485,Austin Hsu,False,,DATA_000,,,
GRAPPLING_HOOK_374416,Grappling Hook,{4},4,,,Artifact,Equipment,,,"Equipped creature has double strike.
Whenever equipped creature attacks, you may have target creature block it this turn if able.
Equip {4}","Part tool, part weapon, part of the kor.",R,DPI,374416,123724,Philip Straub,False,300,DATA_000,,D15_ZENDIKAR_KOR_CANYONS,
GRAVE_BRAMBLE_380214,Grave Bramble,{1}{G}{G},3,G,,Creature,Plant,3,4,"Defender, protection from Zombies",Nature abhors a zombie.,C,DPI,380214,138314,Anthony Jones,False,,DATA_000,D15_INNISTRAD_PLAYER_POOL,D15_RG_ARCHETYPE_MP,D15_BG_STARTER_BOOSTER_1; D15_BR_STARTER_BOOSTER_1
GRAVEBORN_MUSE_382391,Graveborn Muse,{2}{B}{B},4,B,,Creature,Zombie Spirit,3,3,"At the beginning of your upkeep, you draw X cards and you lose X life, where X is the number of Zombies you control.","“Her voice is damnation, unyielding and certain.”
—Phage the Untouchable",R,DPI,382391,47521,Kev Walker,False,450,DATA_000,D15_DLC_POOL,,
GRAVEDIGGER_380232,Gravedigger,{3}{B},4,B,,Creature,Zombie,2,2,"When Gravedigger enters the battlefield, you may return target creature card from your graveyard to your hand.",A grave is not always for burial.,C,DPI,380232,2972,Dermot Power,False,600,DATA_000,D15_SHANDALAR_PLAYER_POOL,D15_BG_ARCHETYPE_MP,
GRAVEPURGE_382392,Gravepurge,{2}{B},3,B,,Instant,,,,"Put any number of target creature cards from your graveyard on top of your library.
Draw a card.","“The Blessed Sleep? Ha! Wake up my lovelies, there’s work to be done!”
—Gisa, ghoulcaller of Gavony",C,DPI,382392,138120,Zoltan Boros,False,600,DATA_000,,D15_INNISTRAD_UNDYING_HORDES,
GRAVETILLER_WURM_382393,Gravetiller Wurm,{5}{G},6,G,,Creature,Wurm,4,4,"Trample
Morbid — Gravetiller Wurm enters the battlefield with four +1/+1 counters on it if a creature died this turn.","As the creatures of the night closed in on humanity, Innistrad’s primeval forces stirred, as though waking to watch the slaughter.",U,DPI,382393,139830,Slawomir Maniak,False,300,DATA_000,,E15_PLAYER_GARRUK_NODE_1,
GRAY_MERCHANT_OF_ASPHODEL_374747,Gray Merchant of Asphodel,{3}{B}{B},5,B,,Creature,Zombie,2,4,"When Gray Merchant of Asphodel enters the battlefield, each opponent loses X life, where X is your devotion to black. You gain life equal to the life lost this way.",,C,DPI,374747,150846,Robbie Trevino,False,750,DATA_000,,D15_THEROS_ARMY_OF_THE_RETURNED,
GRAYPELT_HUNTER_374406,Graypelt Hunter,{3}{G},4,G,,Creature,Human Warrior Ally,2,2,"Trample
Whenever Graypelt Hunter or another Ally enters the battlefield under your control, you may put a +1/+1 counter on Graypelt Hunter.",He’ll cleave wood and bone alike to carve a path for his allies.,C,DPI,374406,126592,Svetlin Velinov,False,150,DATA_000,,D15_ZENDIKAR_STRENGTH_IN_NUMBERS,
GRAZING_GLADEHART_374284,Grazing Gladehart,{2}{G},3,G,,Creature,Antelope,2,2,"Landfall — Whenever a land enters the battlefield under your control, you may gain 2 life.","“Don’t be fooled. If it were as docile as it looks, it would’ve died off long ago.”
—Yon Basrel, Oran-Rief survivalist",C,DPI,374284,123656,Ryan Pancoast,False,300,DATA_000,D15_ZENDIKAR_PLAYER_POOL,,
GREATSWORD_378322,Greatsword,{3},3,,,Artifact,Equipment,,,"Equipped creature gets +3/+0.
Equip {3}",The only blow that matters is the killing blow.,U,DPI,378322,134168,Nic Klein,False,300,DATA_000,D15_RAVNICA_PLAYER_POOL,,
GRIFFIN_GUIDE_374285,Griffin Guide,{2}{W},3,W,,Enchantment,Aura,,,"Enchant creature
Enchanted creature gets +2/+2 and has flying.
When enchanted creature dies, put a 2/2 white Griffin creature token with flying onto the battlefield.",,U,DPI,374285,150063,Johann Bodin,False,750,DATA_000,,D15_THEROS_AJANI,
GRIM_DISCOVERY_374881,Grim Discovery,{1}{B},2,B,,Sorcery,,,,Choose one or both — Return target creature card from your graveyard to your hand; and/or return target land card from your graveyard to your hand.,Few among the living understand just how much of their world is shaped by the ruins of the dead.,C,DPI,374881,123587,Christopher Moeller,False,300,DATA_000,,D15_ZENDIKAR_TOMB_OF_TERROR_PW,
GRIM_ROUSTABOUT_374465,Grim Roustabout,{1}{B},2,B,,Creature,Skeleton Warrior,1,1,"Unleash
{1}{B}: Regenerate Grim Roustabout.",He’ll point you to your death row seats.,C,DPI,374465,145127,Steven Belledin,False,300,DATA_000,,D15_RAVNICA_RAKDOS_RIOT,
GRIPTIDE_377491,Griptide,{3}{U},4,U,,Instant,,,,Put target creature on top of its owner’s library.,"When the sea god Thassa wishes to speak with a mortal, she does not issue a summons or grant a vision requesting a visit. The sea simply brings her guest before her.",C,DPI,377491,151413,Adam Paquette,False,600,DATA_000,,D15_THEROS_PERILOUS_SEAS,
GRISELBRAND_374286,Griselbrand,{4}{B}{B}{B}{B},8,B,Legendary,Creature,Demon,7,7,"Flying, lifelink
Pay 7 life: Draw seven cards.","“Avacyn emerged from the broken Helvault, but her freedom came at a price—him.”
—Thalia, Knight-Cathar",M,DPI,374286,141739,Igor Kieryluk,False,900,DATA_000,D15_INNISTRAD_PLAYER_POOL,D15_BG_ARCHETYPE_MP; D15_INNISTRAD_LILIANAS_WELCOME; D15_WB_ARCHETYPE_MP,
GRISLY_SALVAGE_378331,Grisly Salvage,{B}{G},2,BG,,Instant,,,,Reveal the top five cards of your library. You may put a creature or land card from among them into your hand. Put the rest into your graveyard.,"To the Golgari, anything buried is treasure.",C,DPI,378331,145156,Dave Kendall,False,600,DATA_000,,D15_RAVNICA_GOLGARI_DEPTHS,
GRISLY_SPECTACLE_374503,Grisly Spectacle,{2}{B}{B},4,B,,Instant,,,,Destroy target nonartifact creature. Its controller puts a number of cards equal to that creature’s power from the top of his or her library into his or her graveyard.,"“Watch people flock to a murder scene. Then tell me we’re not all a little sick in the head.”
—Juri, proprietor of the Juri Revue",C,DPI,374503,146425,Zoltan Boros,False,1200,DATA_000,,D15_RAVNICA_RAKDOS_RIOT,
GRIXIS_PANORAMA_381887,Grixis Panorama,,0,,,Land,,,,"{T}: Add {1} to your mana pool.
{1}, {T}, Sacrifice Grixis Panorama: Search your library for a basic Island, Swamp, or Mountain card and put it onto the battlefield tapped. Then shuffle your library.",,C,DPI,381887,116199,Nils Hamm,False,,DATA_010,,E15_GRIXIS_EXPLORE,
GROUND_ASSAULT_378280,Ground Assault,{R}{G},2,RG,,Sorcery,,,,Ground Assault deals damage to target creature equal to the number of lands you control.,"“Taking down a dragon is easy. All you need is enough space to get in a good swing.”
—Narbulg Nine Fingers",U,DPI,378280,146307,Karl Kopinski,False,900,DATA_000,D15_RAVNICA_PLAYER_POOL,D15_RG_ARCHETYPE_MP,
GROUNDSHAKER_SLIVER_374287,Groundshaker Sliver,{6}{G},7,G,,Creature,Sliver,5,5,Sliver creatures you control have trample.,,C,DPI,374287,147468,Chase Stone,False,300,DATA_000,,D15_SHANDALAR_SLIVERS,
GROUNDSWELL_377504,Groundswell,{G},1,G,,Instant,,,,"Target creature gets +2/+2 until end of turn.
Landfall — If you had a land enter the battlefield under your control this turn, that creature gets +4/+4 until end of turn instead.",“This world will not be tamed.”,C,DPI,377504,126475,Chris Rahn,False,600,DATA_000,,D15_ZENDIKAR_NISSAS_DEFIANCE,
GRUUL_GUILDGATE_374504,Gruul Guildgate,,0,,,Land,Gate,,,"Gruul Guildgate enters the battlefield tapped.
{T}: Add {R} or {G} to your mana pool.",Enter and leave the shackles of society behind.,C,DPI,374504,145163,Randy Gallegos,False,,DATA_000,D15_RAVNICA_SUPPLEMENTAL_LAND_POOL,D15_RAVNICA_SEARCH_THE_CITY; D15_RAVNICA_SEARCH_THE_CITY_PW; D15_RG_ARCHETYPE_MP,
GUARD_GOMAZOA_381979,Guard Gomazoa,{2}{U},3,U,,Creature,Jellyfish,1,3,"Defender, flying
Prevent all combat damage that would be dealt to Guard Gomazoa.","It lingers near the outposts of the Makindi Trenches, inadvertently granting another layer of defense.",U,DPI,381979,127377,Rob Alexander,False,600,DATA_000,D15_ZENDIKAR_PLAYER_POOL,D15_UB_ARCHETYPE_MP,
GUARDIANS_OF_AKRASA_382098,Guardians of Akrasa,{2}{W},3,W,,Creature,Human Soldier,0,4,"Defender, Exalted",“Only by the bravery of those who put loyalty above glory is our home kept safe.”—Elspeth Tirel,C,DPI,382098,115136,Alan Pollack,False,300,DATA_010,,E15_BANT_EXPLORE,
GUTTER_SKULK_374506,Gutter Skulk,{1}{B},2,B,,Creature,Zombie Rat,2,2,,"Upon finding his warehouse infested, Gaven didn’t know whether to get an exterminator or an exorcist.",C,DPI,374506,146236,Mark Winters,False,,DATA_000,,D15_RAVNICA_GOLGARI_DEPTHS,
GUTTERSNIPE_374466,Guttersnipe,{2}{R},3,R,,Creature,Goblin Shaman,2,2,"Whenever you cast an instant or sorcery spell, Guttersnipe deals 2 damage to each opponent.","He wants to watch Ravnica burn, one soul at a time.",U,DPI,374466,145175,Steve Prescott,False,300,DATA_000,D15_RAVNICA_PLAYER_POOL,D15_UR_ARCHETYPE_MP,
GUUL_DRAZ_VAMPIRE_388097,Guul Draz Vampire,{B},1,B,,Creature,Vampire Rogue,1,1,"As long as an opponent has 10 or less life, Guul Draz Vampire gets +2/+1 and has intimidate.",“A creature’s bloodscent is a beacon that cannot be disguised.”,C,DPI,388097,123537,Steve Argyle,False,150,DATA_020,F15_BOOSTER_BLACK,,
HALL_OF_TRIUMPH_382218,Hall of Triumph,{3},3,,Legendary,Artifact,,,,"As Hall of Triumph enters the battlefield, choose a color.
Creatures you control of the chosen color get +1/+1.","Heroes act without thought of glory or reward. Accolades are a consequence, not a goal.",R,DPI,382218,152799,Ryan Yee,False,750,DATA_000,D15_DLC_POOL,,
HALO_HUNTER_374289,Halo Hunter,{2}{B}{B}{B},5,B,,Creature,Demon,6,3,"Intimidate
When Halo Hunter enters the battlefield, destroy target Angel.","Hanging on the walls of his lair, the fallen halos cast his depravity in everlasting light.",R,DPI,374289,123643,Chris Rahn,False,300,DATA_000,,,
HARMONIZE_374291,Harmonize,{2}{G}{G},4,G,,Sorcery,,,,Draw three cards.,“Words lie. People lie. The land tells the truth.”,U,DPI,374291,125852,Paul Lee,False,1200,DATA_000,,D15_SHANDALAR_GARRUK_BOSS_GREEN; E15_PLAYER_GARRUK_NODE_1; E15_PLAYER_GARRUK_NODE_2; E15_PLAYER_GARRUK_NODE_3,
HARROW_380310,Harrow,{2}{G},3,G,,Instant,,,,"As an additional cost to cast Harrow, sacrifice a land.
Search your library for up to two basic land cards and put them onto the battlefield. Then shuffle your library.","The Roil redraws the world as it passes, leaving only the hedrons unchanged.",C,DPI,380310,123598,Izzy,False,300,DATA_000,,D15_ZENDIKAR_TANGLED_GROWTH; D15_ZENDIKAR_TANGLED_GROWTH_PW,
HAVOC_FESTIVAL_374467,Havoc Festival,{4}{B}{R},6,BR,,Enchantment,,,,"Players can’t gain life.
At the beginning of each player’s upkeep, that player loses half his or her life, rounded up.","“We can’t control enemies who have no regard for their own survival.”
—Arrester Lavinia, Tenth Precinct",R,DPI,374467,145967,Johannes Voss,False,900,DATA_000,,D15_RAVNICA_RAKDOS_RIOT,
HEALER_OF_THE_PRIDE_380236,Healer of the Pride,{3}{W},4,W,,Creature,Cat Cleric,2,3,"Whenever another creature enters the battlefield under your control, you gain 2 life.",“No life is without meaning. No living thing is too small to be strong.”,U,DPI,380236,143913,Christopher Moeller,False,300,DATA_000,,,
HEDRON_CRAB_378344,Hedron Crab,{U},1,U,,Creature,Crab,0,2,"Landfall — Whenever a land enters the battlefield under your control, target player puts the top three cards of his or her library into his or her graveyard.",Hedrons perplex minds both great and small.,U,DPI,378344,123591,Jesper Ejsing,False,300,DATA_000,D15_ZENDIKAR_PLAYER_POOL,,
HELIODS_PILGRIM_374636,Heliod’s Pilgrim,{2}{W},3,W,,Creature,Human Cleric,1,2,"When Heliod’s Pilgrim enters the battlefield, you may search your library for an Aura card, reveal it, put it into your hand, then shuffle your library.",The blessings of Heliod are apparent for all to see.,C,DPI,374636,155368,Izzy,False,600,DATA_000,,,
HELLFIRE_MONGREL_374418,Hellfire Mongrel,{2}{R},3,R,,Creature,Elemental Hound,2,2,"At the beginning of each opponent’s upkeep, if that player has two or fewer cards in hand, Hellfire Mongrel deals 2 damage to him or her.",There is no fondness between the hound and its master. There is only a common appreciation of the hunt.,U,DPI,374418,123720,Dan Scott,False,300,DATA_000,,D15_RAVNICA_CHANDRAS_FURY,
HELLSPARK_ELEMENTAL_381998,Hellspark Elemental,{1}{R},2,R,,Creature,Elemental,3,1,"Trample, haste
At the beginning of the end step, sacrifice Hellspark Elemental.
Unearth {1}{R}",,U,DPI,381998,118669,Justin Sweet,False,300,DATA_010,E15_PLAYER_POOL,E15_GRIXIS_EXPLORE,
HERO_OF_IROAS_381967,Hero of Iroas,{1}{W},2,W,,Creature,Human Soldier,2,2,"Aura spells you cast cost {1} less to cast.
Heroic — Whenever you cast a spell that targets Hero of Iroas, put a +1/+1 counter on Hero of Iroas.",“My left has felled a cyclops. My right has slain a giant. I bring both to every fight.”,R,DPI,381967,152087,Willian Murai,False,450,DATA_000,D15_THEROS_PLAYER_POOL,D15_WR_ARCHETYPE_MP,
HEROES_BANE_380393,Heroes’ Bane,{3}{G}{G},5,G,,Creature,Hydra,0,0,"Heroes’ Bane enters the battlefield with four +1/+1 counters on it.
{2}{G}{G}: Put X +1/+1 counters on Heroes’ Bane, where X is its power.",Travelers’ tales claim that hydras bite off their own heads to make themselves deadlier.,R,DPI,380393,153017,Raymond Swanland,False,300,DATA_000,,D15_THEROS_HYDRA_ATTACK,
HIGHLAND_BERSERKER_382205,Highland Berserker,{1}{R},2,R,,Creature,Human Berserker Ally,2,1,"Whenever Highland Berserker or another Ally enters the battlefield under your control, you may have Ally creatures you control gain first strike until end of turn.",He gets paid by the axe.,C,DPI,382205,123610,Chris Rahn,False,300,DATA_000,,D15_ZENDIKAR_STRENGTH_IN_NUMBERS,
HIGHWAY_ROBBER_380178,Highway Robber,{2}{B}{B},4,B,,Creature,Human Mercenary,2,2,"When Highway Robber enters the battlefield, target opponent loses 2 life and you gain 2 life.","“Tonight, madam, it’s your money and your life.”",C,DPI,380178,19300,Kev Walker,False,450,DATA_000,,D15_SHANDALAR_ASSASSINS_BLADE,
HIVE_STIRRINGS_374294,Hive Stirrings,{2}{W},3,W,,Sorcery,,,,Put two 1/1 colorless Sliver creature tokens onto the battlefield.,Sliver young are sorted into clutches according to their potential and their future role. Human scholars can only guess how those are determined.,C,DPI,374294,147406,Maciej Kuciara,False,600,DATA_000,,D15_SHANDALAR_SLIVERS; D15_SHANDALAR_SLIVERS_PW,
HOLD_THE_GATES_377442,Hold the Gates,{2}{W},3,W,,Enchantment,,,,Creatures you control get +0/+1 for each Gate you control and have vigilance.,“We grew up on these streets. We know them better than any Boros grunt from Zelzo.”,U,DPI,377442,146432,Zoltan Boros,False,150,DATA_000,,D15_RAVNICA_SEARCH_THE_CITY_PW,
HOLLOWHENGE_BEAST_377127,Hollowhenge Beast,{3}{G}{G},5,G,,Creature,Beast,5,5,,"In a world of monsters, it’s the stuff of nightmares.",C,DPI,377127,139903,Dave Kendall,False,,DATA_000,,D15_SHANDALAR_GARRUK_BOSS_GREEN; E15_PLAYER_GARRUK_NODE_1; E15_PLAYER_GARRUK_NODE_2; E15_PLAYER_GARRUK_NODE_3,
HOLY_JUSTICIAR_374610,Holy Justiciar,{3}{W},4,W,,Creature,Human Cleric,2,1,"{2}{W}, {T}: Tap target creature. If that creature is a Zombie, exile it.","Her eyes see through the rotting flesh and glimpse a soul in agony, begging for the Blessed Sleep.",U,DPI,374610,141570,David Rapoza,False,600,DATA_000,,D15_INNISTRAD_AVACYN,
HONOR_OF_THE_PURE_380196,Honor of the Pure,{1}{W},2,W,,Enchantment,,,,White creatures you control get +1/+1.,"Together the soldiers were like a golden blade, cutting down their enemies and scarring the darkness.",R,DPI,380196,102628,Greg Staples,False,1200,DATA_000,,D15_LESSON_3_PLAYER,
HORIZON_SCHOLAR_380875,Horizon Scholar,{5}{U},6,U,,Creature,Sphinx,4,4,"Flying
When Horizon Scholar enters the battlefield, scry 2.",,U,DPI,380875,149084,Karl Kopinski,False,150,DATA_000,D15_THEROS_PLAYER_POOL,,
HOT_SOUP_374695,Hot Soup,{1},1,,,Artifact,Equipment,,,"Equipped creature can’t be blocked.
Whenever equipped creature is dealt damage, destroy it.
Equip {3}",“Comin’ through!”,U,DPI,374695,155248,David Palumbo,False,-150,DATA_000,D15_SHANDALAR_PLAYER_POOL,,
HOVER_BARRIER_374469,Hover Barrier,{2}{U},3,U,,Creature,Illusion Wall,0,6,"Defender, flying","As whispers and rumors increased, so did the demand for fail-safe barriers.",U,DPI,374469,145898,Mathias Kollros,False,,DATA_000,,D15_RAVNICA_JACES_TEST,
HOWLGEIST_380158,Howlgeist,{5}{G},6,G,,Creature,Spirit Wolf,4,2,"Creatures with power less than Howlgeist’s power can’t block it.
Undying",,U,DPI,380158,141646,David Rapoza,False,300,DATA_000,D15_INNISTRAD_PLAYER_POOL,,D15_GU_STARTER_BOOSTER_2; D15_GW_STARTER_BOOSTER_2; D15_RG_STARTER_BOOSTER_2; D15_UW_STARTER_BOOSTER_2
HOWLING_BANSHEE_380225,Howling Banshee,{2}{B}{B},4,B,,Creature,Spirit,3,3,"Flying
When Howling Banshee enters the battlefield, each player loses 3 life.","Villagers cloaked the town in magical silence, but their ears still bled.",U,DPI,380225,121627,Andrew Robinson,False,300,DATA_010,,E15_SWAMP_WITCH,
HOWLING_MINE_381980,Howling Mine,{2},2,,,Artifact,,,,"At the beginning of each player’s draw step, if Howling Mine is untapped, that player draws an additional card.","The mine’s riches never end, nor do the moans of the spirits doomed to haunt them.",R,DPI,381980,102959,Ralph Horsley,False,300,DATA_010,,E15_MIND_ADDLER,
HUNT_THE_WEAK_374296,Hunt the Weak,{3}{G},4,G,,Sorcery,,,,Put a +1/+1 counter on target creature you control. Then that creature fights target creature you don’t control.,He who hesitates is lunch.,C,DPI,374296,147413,Raoul Vitale,False,1200,DATA_000,D15_SHANDALAR_PLAYER_POOL,D15_SHANDALAR_BEAST_AMBUSH; D15_TUTORIAL_BOSS_DECK,
HUNTERS_PROWESS_378461,Hunter’s Prowess,{4}{G},5,G,,Sorcery,,,,"Until end of turn, target creature gets +3/+3 and gains trample and “Whenever this creature deals combat damage to a player, draw that many cards.”
Whenever this creature deals combat damage to a player, draw that many cards.","To be counted among the warriors of Setessa’s Leina Tower, you must not fear death, only failure.",R,DPI,378461,152602,Greg Staples,False,1200,DATA_000,D15_THEROS_PLAYER_POOL,,
HYSTERICAL_BLINDNESS_382048,Hysterical Blindness,{2}{U},3,U,,Instant,,,,Creatures your opponents control get -4/-0 until end of turn.,"“The panic is amusing, but the real fun comes when the spell passes and the villagers start looking for a scapegoat.”
—Ludevic, necro-alchemist",C,DPI,382048,138372,Wayne England,False,600,DATA_000,D15_INNISTRAD_PLAYER_POOL,,
ILLUSIONARY_SERVANT_374297,Illusionary Servant,{1}{U}{U},3,U,,Creature,Illusion,3,4,"Flying
When Illusionary Servant becomes the target of a spell or ability, sacrifice it.","“Illusion is a handy but fragile medium. Use it only in a pinch, or against the dim-witted.”
—Jace Beleren",C,DPI,374297,103537,Dave Kendall,False,-300,DATA_000,,D15_RAVNICA_JACES_TEST,
ILLUSIONISTS_BRACERS_382040,Illusionist’s Bracers,{2},2,,,Artifact,Equipment,,,"Whenever an ability of equipped creature is activated, if it isn’t a mana ability, copy that ability. You may choose new targets for the copy.
Equip {3}",It’s easy to believe you’re a god when you’re twice as powerful as everyone else.,R,DPI,382040,147252,Svetlin Velinov,False,600,DATA_000,D15_RAVNICA_REWARDS,,
IMPERIOUS_PERFECT_382055,Imperious Perfect,{2}{G},3,G,,Creature,Elf Warrior,2,2,"Other Elf creatures you control get +1/+1.
{G}, {T}: Put a 1/1 green Elf Warrior creature token onto the battlefield.","In a culture of beauty, the most beautiful are worshipped as gods.",U,DPI,382055,105444,Scott M. Fischer,False,600,DATA_000,,D15_ZENDIKAR_NISSAS_DEFIANCE,
IN_GARRUKS_WAKE_382226,In Garruk’s Wake,{7}{B}{B},9,B,,Sorcery,,,,Destroy all creatures you don’t control and all planeswalkers you don’t control.,"Beyond pain, beyond obsession and wild despair, there lies a place of twisted power only the most tormented souls can reach.",R,DPI,382226,155382,Chase Stone,False,2100,DATA_000,,D15_SHANDALAR_GARRUK_BOSS_BLACK; E15_PLAYER_GARRUK_NODE_4,
INDULGENT_TORMENTOR_378477,Indulgent Tormentor,{3}{B}{B},5,B,,Creature,Demon,5,3,"Flying
At the beginning of your upkeep, draw a card unless target opponent sacrifices a creature or pays 3 life.",The promise of anguish is payment enough for services rendered.,R,DPI,378477,155300,Wesley Burt,False,750,DATA_000,D15_ZENDIKAR_PLAYER_POOL,D15_BR_ARCHETYPE_MP; D15_ZENDIKAR_SCORN_OF_OB_NIXILIS,D15_BR_STARTER_BOOSTER_0; D15_UB_STARTER_BOOSTER_0
INFANTRY_VETERAN_374818,Infantry Veteran,{W},1,W,,Creature,Human Soldier,1,1,{T}: Target attacking creature gets +1/+1 until end of turn.,"“Any fool can pick up a sword and charge into battle. To emerge alive at the end, that is a gift that comes from leadership and experience.”",C,DPI,374818,156474,Zoltan Boros,False,300,DATA_000,,D15_SHANDALAR_STORM_THE_CASTLE,
INFERNO_FIST_380873,Inferno Fist,{1}{R},2,R,,Enchantment,Aura,,,"Enchant creature you control
Enchanted creature gets +2/+0.
{R}, Sacrifice Inferno Fist: Inferno Fist deals 2 damage to target creature or player.",“I’ve never been above throwing the first punch.”,C,DPI,380873,155392,James Ryman,False,300,DATA_000,D15_SHANDALAR_PLAYER_POOL,D15_WR_ARCHETYPE_MP,
INFERNO_TITAN_380233,Inferno Titan,{4}{R}{R},6,R,,Creature,Giant,6,6,"{R}: Inferno Titan gets +1/+0 until end of turn.
Whenever Inferno Titan enters the battlefield or attacks, it deals 3 damage divided as you choose among one, two, or three target creatures and/or players.",,M,DPI,380233,129131,Kev Walker,False,900,DATA_000,D15_RAVNICA_PLAYER_POOL,D15_BR_ARCHETYPE_MP; D15_RG_ARCHETYPE_MP; D15_UR_ARCHETYPE_MP; D15_WR_ARCHETYPE_MP,
INFERNO_TRAP_374419,Inferno Trap,{3}{R},4,R,,Instant,Trap,,,"If you’ve been dealt damage by two or more creatures this turn, you may pay {R} rather than pay Inferno Trap’s mana cost.
Inferno Trap deals 4 damage to target creature.",“Do you smell something burning?”,U,DPI,374419,123744,Philip Straub,False,1200,DATA_000,,D15_ZENDIKAR_TRAPFILLED_LAIR_PW,
INNOCENT_BLOOD_377452,Innocent Blood,{B},1,B,,Sorcery,,,,Each player sacrifices a creature.,Zombies mourn for the living and celebrate those who will soon be given the gift of death.,C,DPI,377452,33426,Carl Critchlow,False,750,DATA_000,,,
INSPIRATION_380922,Inspiration,{3}{U},4,U,,Instant,,,,Target player draws two cards.,"“Day 31: I finally succeeded in my time reversal experiment!
“Day 30: I might have a problem here.”
—Journal of the Prime Izmagnus",C,DPI,380922,145125,Izzy,False,600,DATA_000,D15_RAVNICA_PLAYER_POOL,D15_UB_ARCHETYPE_MP; D15_UR_ARCHETYPE_MP,
INSPIRED_CHARGE_378289,Inspired Charge,{2}{W}{W},4,W,,Instant,,,,Creatures you control get +2/+1 until end of turn.,"“Impossible! How could they overwhelm us? We had barricades, war elephants, … and they were barely a tenth of our number!”
—General Avitora",C,DPI,378289,129157,Wayne Reynolds,False,600,DATA_000,D15_RAVNICA_PLAYER_POOL,,
IOR_RUIN_EXPEDITION_374420,Ior Ruin Expedition,{1}{U},2,U,,Enchantment,,,,"Landfall — Whenever a land enters the battlefield under your control, you may put a quest counter on Ior Ruin Expedition.
Remove three quest counters from Ior Ruin Expedition and sacrifice it: Draw two cards.",,C,DPI,374420,123635,Chris Rahn,False,300,DATA_000,D15_ZENDIKAR_PLAYER_POOL,,
ISLAND_357816,Island,,0,,Basic,Land,Island,,,,,L,DPI,357816,137569,Cliff Childs,False,,DATA_000,,D15_SHANDALAR_LAND_POOL; D15_SHANDALAR_SLIVERS_PW; DEFAULT_LAND_POOL,
ISLAND_357939,Island,,0,,Basic,Land,Island,,,,,L,DPI,357939,137570,Peter Mohrbacher,False,,DATA_000,,D15_SHANDALAR_LAND_POOL; DEFAULT_LAND_POOL,
ISLAND_369825,Island,,0,,Basic,Land,Island,,,,,L,DPI,369825,138766,Andreas Rocha,False,,DATA_000,,D15_SHANDALAR_LAND_POOL; DEFAULT_LAND_POOL,
ISLAND_380419,Island,,0,,Basic,Land,Island,,,,,L,DPI,380419,153335,Florian De Gesincourt,False,,DATA_000,,D15_SHANDALAR_LAND_POOL; DEFAULT_LAND_POOL,
ISLAND_380455,Island,,0,,Basic,Land,Island,,,,,L,DPI,380455,138460,James Paick,False,,DATA_000,,D15_INNISTRAD_CURSES; D15_INNISTRAD_FLIGHTS_OF_FEAR; D15_INNISTRAD_LAND_POOL; D15_INNISTRAD_MAD_SCIENCE; D15_INNISTRAD_MAD_SCIENCE_PW; D15_LESSON_2_AI; D15_LESSON_4_PLAYER,
ISLAND_380456,Island,,0,,Basic,Land,Island,,,,,L,DPI,380456,138461,Jung Park,False,,DATA_000,,D15_INNISTRAD_FLIGHTS_OF_FEAR; D15_INNISTRAD_LAND_POOL; D15_INNISTRAD_MAD_SCIENCE; D15_INNISTRAD_MAD_SCIENCE_PW; D15_LESSON_2_AI; D15_LESSON_4_PLAYER,
ISLAND_380457,Island,,0,,Basic,Land,Island,,,,,L,DPI,380457,138462,Adam Paquette,False,,DATA_000,,D15_INNISTRAD_FLIGHTS_OF_FEAR; D15_INNISTRAD_LAND_POOL; D15_INNISTRAD_MAD_SCIENCE; D15_INNISTRAD_MAD_SCIENCE_PW; D15_LESSON_2_AI; D15_LESSON_4_PLAYER,
ISLAND_380471,Island,,0,,Basic,Land,Island,,,,,L,DPI,380471,123754,Véronique Meignaud,False,,DATA_000,,D15_ZENDIKAR_LAND_POOL,
ISLAND_380472,Island,,0,,Basic,Land,Island,,,,,L,DPI,380472,123756,Jung Park,False,,DATA_000,,D15_ZENDIKAR_LAND_POOL,
ISLAND_380473,Island,,0,,Basic,Land,Island,,,,,L,DPI,380473,123757,Vincent Proce,False,,DATA_000,,D15_ZENDIKAR_LAND_POOL,
ISLAND_380474,Island,,0,,Basic,Land,Island,,,,,L,DPI,380474,123767,John Avon,False,,DATA_000,,D15_ZENDIKAR_LAND_POOL,
ISLAND_380492,Island,,0,,Basic,Land,Island,,,,,L,DPI,380492,145246,Adam Paquette,False,,DATA_000,,D15_RAVNICA_LAND_POOL,
ISLAND_380493,Island,,0,,Basic,Land,Island,,,,,L,DPI,380493,145247,Richard Wright,False,,DATA_000,,D15_RAVNICA_LAND_POOL,
ISLAND_380494,Island,,0,,Basic,Land,Island,,,,,L,DPI,380494,145248,Yeong-Hao Han,False,,DATA_000,,D15_RAVNICA_LAND_POOL,
ISLAND_380495,Island,,0,,Basic,Land,Island,,,,,L,DPI,380495,145249,John Avon,False,,DATA_000,,D15_LESSON_2_AI; D15_LESSON_4_PLAYER; D15_RAVNICA_LAND_POOL,
ISLAND_380496,Island,,0,,Basic,Land,Island,,,,,L,DPI,380496,89176,Richard Wright,False,,DATA_000,,D15_RAVNICA_LAND_POOL,
ISLAND_380516,Island,,0,,Basic,Land,Island,,,,,L,DPI,380516,149126,Rob Alexander,False,,DATA_000,,D15_THEROS_LAND_POOL,
ISLAND_380517,Island,,0,,Basic,Land,Island,,,,,L,DPI,380517,149127,Steven Belledin,False,,DATA_000,,D15_THEROS_LAND_POOL,
ISLAND_380518,Island,,0,,Basic,Land,Island,,,,,L,DPI,380518,149976,Adam Paquette,False,,DATA_000,,D15_THEROS_LAND_POOL,
ISLAND_380519,Island,,0,,Basic,Land,Island,,,,,L,DPI,380519,149977,Raoul Vitale,False,,DATA_000,,D15_LESSON_2_AI; D15_LESSON_4_PLAYER; D15_THEROS_LAND_POOL; D15_THEROS_WHATS_IN_THE_BOX; D15_ZENDIKAR_TRAPFILLED_LAIR; D15_ZENDIKAR_TRAPFILLED_LAIR_PW,
IZZET_GUILDGATE_374470,Izzet Guildgate,,0,,,Land,Gate,,,"Izzet Guildgate enters the battlefield tapped.
{T}: Add {U} or {R} to your mana pool.",Enter those with the vision to create and the daring to release their creations.,C,DPI,374470,146228,Noah Bradley,False,,DATA_000,D15_RAVNICA_SUPPLEMENTAL_LAND_POOL,D15_RAVNICA_SEARCH_THE_CITY; D15_RAVNICA_SEARCH_THE_CITY_PW; D15_UR_ARCHETYPE_MP,
JACES_MINDSEEKER_374301,Jace’s Mindseeker,{4}{U}{U},6,U,,Creature,Fish Illusion,4,4,"Flying
When Jace’s Mindseeker enters the battlefield, target opponent puts the top five cards of his or her library into his or her graveyard. You may cast an instant or sorcery card from among them without paying its mana cost.",,R,DPI,374301,147476,Greg Staples,False,,DATA_000,,D15_RAVNICA_JACES_TEST,
JADDI_LIFESTRIDER_380267,Jaddi Lifestrider,{4}{G},5,G,,Creature,Elemental,2,8,"When Jaddi Lifestrider enters the battlefield, you may tap any number of untapped creatures you control. You gain 2 life for each creature tapped this way.",Nature’s arms encircle all who are willing to draw close.,U,DPI,380267,127282,Vincent Proce,False,600,DATA_000,,D15_ZENDIKAR_TANGLED_GROWTH; D15_ZENDIKAR_TANGLED_GROWTH_PW,
JADE_MAGE_377465,Jade Mage,{1}{G},2,G,,Creature,Human Shaman,2,1,{2}{G}: Put a 1/1 green Saproling creature token onto the battlefield.,"“We are one with the wild things. Life blooms from our fingertips and nature responds to our summons.”
—Jade creed",U,DPI,377465,134157,Izzy,False,300,DATA_000,D15_SHANDALAR_PLAYER_POOL,,
JALIRA_MASTER_POLYMORPHIST_382228,"Jalira, Master Polymorphist",{3}{U},4,U,Legendary,Creature,Human Wizard,2,2,"{2}{U}, {T}, Sacrifice another creature: Reveal cards from the top of your library until you reveal a nonlegendary creature card. Put that card onto the battlefield and the rest on the bottom of your library in a random order.",“You can become anything if I just put my mind to it.”,R,DPI,382228,155282,Steve Prescott,False,900,DATA_000,D15_SHANDALAR_PLAYER_POOL,D15_UG_ARCHETYPE_MP,
JET_MEDALLION_374793,Jet Medallion,{2},2,,,Artifact,,,,Black spells you cast cost {1} less to cast.,,R,DPI,374793,144003,Daniel Ljunggren,False,750,DATA_000,,,
JHESSIAN_INFILTRATOR_381890,Jhessian Infiltrator,{G}{U},2,UG,,Creature,Human Rogue,2,2,Jhessian Infiltrator can’t be blocked.,The Jhessian navy makes successful raids on Valeron’s coastal towns thanks to their spies planted during peacetime.,U,DPI,381890,115205,Donato Giancola,False,,DATA_010,,E15_BANT_EXPLORE,
JOIN_THE_RANKS_374920,Join the Ranks,{3}{W},4,W,,Instant,,,,Put two 1/1 white Soldier Ally creature tokens onto the battlefield.,"Expeditionary houses are notorious for their rivalries. But when adventurers meet in the wilderness, the instinct for mutual survival outweighs petty grudges.",C,DPI,374920,126480,Kekai Kotaki,False,600,DATA_000,,D15_ZENDIKAR_STRENGTH_IN_NUMBERS,
JORAGA_BARD_374302,Joraga Bard,{3}{G},4,G,,Creature,Elf Rogue Ally,1,4,"Whenever Joraga Bard or another Ally enters the battlefield under your control, you may have Ally creatures you control gain vigilance until end of turn.","Adventuring bards recite Chanter’s Epics, never-ending tales that keep their comrades’ minds alert to danger.",C,DPI,374302,123731,Volkan Baga,False,300,DATA_000,,,
JORAGA_WARCALLER_380306,Joraga Warcaller,{G},1,G,,Creature,Elf Warrior,1,1,"Multikicker {1}{G}
Joraga Warcaller enters the battlefield with a +1/+1 counter on it for each time it was kicked.
Other Elf creatures you control get +1/+1 for each +1/+1 counter on Joraga Warcaller.",,R,DPI,380306,126735,Steven Belledin,False,1500,DATA_000,,,
JUGAN_THE_RISING_STAR_382130,"Jugan, the Rising Star",{3}{G}{G}{G},6,G,Legendary,Creature,Dragon Spirit,5,5,"Flying
When Jugan, the Rising Star dies, you may distribute five +1/+1 counters among any number of target creatures.",,M,DPI,382130,80557,Shishizaru,False,1500,DATA_010,,,
JUND_CHARM_381891,Jund Charm,{B}{R}{G},3,BRG,,Instant,,,,Choose one — Exile all cards from target player’s graveyard; or Jund Charm deals 2 damage to each creature; or put two +1/+1 counters on target creature.,"Jund pulses with raw energy, waiting for shamans to shape it into useful form.",U,DPI,381891,114908,Brandon Kitkouski,False,900,DATA_010,,E15_JUND_EXPLORE,
JUND_PANORAMA_381892,Jund Panorama,,0,,,Land,,,,"{T}: Add {1} to your mana pool.
{1}, {T}, Sacrifice Jund Panorama: Search your library for a basic Swamp, Mountain, or Forest card and put it onto the battlefield tapped. Then shuffle your library.",,C,DPI,381892,116191,Jaime Jones,False,,DATA_010,,E15_JUND_EXPLORE,
JUNGLE_SHRINE_374970,Jungle Shrine,,0,,,Land,,,,"Jungle Shrine enters the battlefield tapped.
{T}: Add {R}, {G}, or {W} to your mana pool.","On Naya, ambition and treachery are scarce, hunted nearly to extinction by the awe owed to terrestrial gods.",U,DPI,374970,115111,Wayne Reynolds,False,,DATA_010,E15_TRI_LAND_POOL,E15_MAELSTROM_EXPLORE; E15_NAYA_EXPLORE,
KALASTRIA_HIGHBORN_382195,Kalastria Highborn,{B}{B},2,B,,Creature,Vampire Shaman,2,2,"Whenever Kalastria Highborn or another Vampire you control dies, you may pay {B}. If you do, target player loses 2 life and you gain 2 life.",Each of Malakir’s great families boasts a contingent of nulls appropriate to its rank in society.,R,DPI,382195,124406,D. Alexander Gregory,False,600,DATA_000,F15_BOOSTER_BLACK,D15_ZENDIKAR_TOMB_OF_TERROR; D15_ZENDIKAR_TOMB_OF_TERROR_PW,
KALONIAN_TUSKER_374303,Kalonian Tusker,{G}{G},2,G,,Creature,Beast,3,3,,"“And all this time I thought we were tracking it.”
—Juruk, Kalonian tracker",U,DPI,374303,147389,Svetlin Velinov,False,,DATA_000,,D15_LESSON_1_PLAYER,
KAMI_OF_THE_HUNT_381974,Kami of the Hunt,{2}{G},3,G,,Creature,Spirit,2,2,"Whenever you cast a Spirit or Arcane spell, Kami of the Hunt gets +1/+1 until end of turn.","“Don’t worry, Jiro. The kami would never attack us this close to home . . . . Jiro?”
—Hoto, temple guardian, last words",C,DPI,381974,80704,Alex Horley-Orlandelli,False,150,DATA_010,,,
KARRTHUS_TYRANT_OF_JUND_381940,"Karrthus, Tyrant of Jund",{4}{B}{R}{G},7,BRG,Legendary,Creature,Dragon,7,7,"Flying, haste
When Karrthus, Tyrant of Jund enters the battlefield, gain control of all Dragons, then untap all Dragons.
Other Dragon creatures you control have haste.",,M,DPI,381940,121005,Dave Kendall,False,600,DATA_010,,E15_JUND_EXPLORE,
KATHARI_BOMBER_381941,Kathari Bomber,{1}{B}{R},3,BR,,Creature,Bird Shaman,2,2,"Flying
When Kathari Bomber deals combat damage to a player, put two 1/1 red Goblin creature tokens onto the battlefield and sacrifice Kathari Bomber.
Unearth {3}{B}{R}",,C,DPI,381941,120992,Carl Critchlow,False,150,DATA_010,E15_PLAYER_POOL,,
KESSIG_RECLUSE_374591,Kessig Recluse,{2}{G}{G},4,G,,Creature,Spider,2,3,"Reach, deathtouch","Its silk is highly prized, but then again, so is your life.",C,DPI,374591,139748,Vincent Proce,False,,DATA_000,,,
KHALNI_GARDEN_374407,Khalni Garden,,0,,,Land,,,,"Khalni Garden enters the battlefield tapped.
When Khalni Garden enters the battlefield, put a 0/1 green Plant creature token onto the battlefield.
{T}: Add {G} to your mana pool.",,C,DPI,374407,123552,Ryan Pancoast,False,150,DATA_000,,D15_ZENDIKAR_TANGLED_GROWTH; D15_ZENDIKAR_TANGLED_GROWTH_PW,
KHALNI_HEART_EXPEDITION_374304,Khalni Heart Expedition,{1}{G},2,G,,Enchantment,,,,"Landfall — Whenever a land enters the battlefield under your control, you may put a quest counter on Khalni Heart Expedition.
Remove three quest counters from Khalni Heart Expedition and sacrifice it: Search your library for up to two basic land cards, put them onto the battlefield tapped, then shuffle your library.",,C,DPI,374304,123647,Jason Chan,False,300,DATA_000,,D15_ZENDIKAR_TANGLED_GROWTH_PW,
KILN_FIEND_378295,Kiln Fiend,{1}{R},2,R,,Creature,Elemental Beast,1,2,"Whenever you cast an instant or sorcery spell, Kiln Fiend gets +3/+0 until end of turn.",It traps an explosion within its stony skin.,C,DPI,378295,127418,Adi Granov,False,600,DATA_000,D15_ZENDIKAR_PLAYER_POOL,D15_TUTORIAL_BOSS_DECK; D15_UR_ARCHETYPE_MP; D15_ZENDIKAR_ROILING_PLANE; D15_ZENDIKAR_ROILING_PLANE_PW,
KINGPINS_PET_377443,Kingpin’s Pet,{1}{W}{B},3,WB,,Creature,Thrull,2,2,"Flying
Extort","“Debt and death sound so similar, and thrulls are so hard of hearing. Mistakes are inevitable.”
—Milana, Orzhov prelate",C,DPI,377443,146551,Mark Zug,False,300,DATA_000,,D15_RAVNICA_ORZHOVS_DEMAND,
KITESAIL_374863,Kitesail,{2},2,,,Artifact,Equipment,,,"Equipped creature gets +1/+0 and has flying.
Equip {2}","Kitesailing is a way of life—and without practice, the end of it.",U,DPI,374863,126591,Cyril Van Der Haegen,False,150,DATA_000,,D15_ZENDIKAR_KOR_CANYONS,
KITESAIL_APPRENTICE_374305,Kitesail Apprentice,{W},1,W,,Creature,Kor Soldier,1,1,"As long as Kitesail Apprentice is equipped, it gets +1/+1 and has flying.","Carving lines through the sky, kite sailors map trails for the pilgrims below to follow.",C,DPI,374305,126601,Austin Hsu,False,300,DATA_000,D15_DLC_POOL,D15_ZENDIKAR_KOR_CANYONS,
KNIGHT_OF_OBLIGATION_374509,Knight of Obligation,{3}{W},4,W,,Creature,Human Knight,2,4,"Vigilance
Extort",He can calculate interest to six decimal places even in the midst of a deadly duel.,U,DPI,374509,146362,Ryan Barger,False,300,DATA_000,,,
KNIGHT_OF_THE_SKYWARD_EYE_381894,Knight of the Skyward Eye,{1}{W},2,W,,Creature,Human Knight,2,2,{3}{G}: Knight of the Skyward Eye gets +3/+3 until end of turn. Activate this ability only once each turn.,"The Order of the Skyward Eye does the bidding of an evil force, unwittingly stirring fear and mistrust across Bant in accordance with his plans.",C,DPI,381894,115100,Matt Stewart,False,150,DATA_010,E15_PLAYER_POOL,,
KODAMA_OF_THE_NORTH_TREE_381975,Kodama of the North Tree,{2}{G}{G}{G},5,G,Legendary,Creature,Spirit,6,4,"Trample, shroud","“The monks of the North Tree rarely saw their kodama until the Kami War, when it woke like a slumbering, angry bear.”
—“Poem of the Five Trees”",R,DPI,381975,80552,Shishizaru,False,,DATA_010,,E15_SPIRITCRAFTER,
KODAMA_OF_THE_SOUTH_TREE_381976,Kodama of the South Tree,{2}{G}{G},4,G,Legendary,Creature,Spirit,4,4,"Whenever you cast a Spirit or Arcane spell, each other creature you control gets +1/+1 and gains trample until end of turn.","“The monks of the South Tree had always reveled beneath their kodama’s friendly gaze. During the Kami War, this gaze became fierce and full of hate.”
—“Poem of the Five Trees”",R,DPI,381976,46526,Ron Spears,False,,DATA_010,,E15_SPIRITCRAFTER,
KODAMAS_REACH_382131,Kodama’s Reach,{2}{G},3,G,,Sorcery,Arcane,,,"Search your library for up to two basic land cards, reveal those cards, and put one onto the battlefield tapped and the other into your hand. Then shuffle your library.","“The land grows only where the kami will it.”
—Dosan the Falling Leaf",C,DPI,382131,80586,Heather Hudson,False,300,DATA_010,,,
KOR_CARTOGRAPHER_374423,Kor Cartographer,{3}{W},4,W,,Creature,Kor Scout,2,2,"When Kor Cartographer enters the battlefield, you may search your library for a Plains card, put it onto the battlefield tapped, then shuffle your library.",Kor have no concept of exploration. They return to homelands forgotten.,C,DPI,374423,123541,Ryan Pancoast,False,300,DATA_000,D15_ZENDIKAR_PLAYER_POOL,D15_ZENDIKAR_KOR_CANYONS,
KOR_HOOKMASTER_374424,Kor Hookmaster,{2}{W},3,W,,Creature,Kor Soldier,2,2,"When Kor Hookmaster enters the battlefield, tap target creature an opponent controls. That creature doesn’t untap during its controller’s next untap step.","“For us, a rope represents the ties that bind the kor. For you, it’s more literal.”",C,DPI,374424,123575,Wayne Reynolds,False,300,DATA_000,,D15_ZENDIKAR_KOR_CANYONS,
KOR_LINESLINGER_377481,Kor Line-Slinger,{1}{W},2,W,,Creature,Kor Scout,0,1,{T}: Tap target creature with power 3 or less.,"“I tried to tell her to stay behind, that this fight was too dangerous. I spent the next hour tied to the rafters.”
—Zahr Gada, Halimar expedition leader",C,DPI,377481,127346,Steve Prescott,False,300,DATA_000,,,
KOR_OUTFITTER_374425,Kor Outfitter,{W}{W},2,W,,Creature,Kor Soldier,2,2,"When Kor Outfitter enters the battlefield, you may attach target Equipment you control to target creature you control.","“We take only what we need to survive. Believe me, you will need this.”",C,DPI,374425,123669,Kieran Yanner,False,300,DATA_000,,D15_ZENDIKAR_KOR_CANYONS,
KOR_SANCTIFIERS_377510,Kor Sanctifiers,{2}{W},3,W,,Creature,Kor Cleric,2,3,"Kicker {W}
When Kor Sanctifiers enters the battlefield, if it was kicked, destroy target artifact or enchantment.",“Why keep such trinkets? They only add weight to your travels.”,C,DPI,377510,123719,Dan Scott,False,300,DATA_000,,D15_ZENDIKAR_KOR_CANYONS,
KOZILEK_BUTCHER_OF_TRUTH_380268,"Kozilek, Butcher of Truth",{10},10,,Legendary,Creature,Eldrazi,12,12,"When you cast Kozilek, Butcher of Truth, draw four cards.
Annihilator 4
When Kozilek is put into a graveyard from anywhere, its owner shuffles his or her graveyard into his or her library.",,M,DPI,380268,127396,Michael Komarck,False,1200,DATA_000,D15_DLC_POOL,,
KRAGMA_WARCALLER_378219,Kragma Warcaller,{3}{B}{R},5,BR,,Creature,Minotaur Warrior,2,3,"Minotaur creatures you control have haste.
Whenever a Minotaur you control attacks, it gets +2/+0 until end of turn.","A warcaller merely brings the herd together. After that, the meat-hunger is all the encouragement they need.",U,DPI,378219,149097,Gabor Szikszai,False,450,DATA_000,,D15_THEROS_MINOTAURS_STAMPEDE,
KRAKEN_HATCHLING_374306,Kraken Hatchling,{U},1,U,,Creature,Kraken,0,4,,"A spike and a maul are needed to crack their shells, but the taste is worth the effort.",C,DPI,374306,123566,Jason Felix,False,,DATA_000,D15_ZENDIKAR_PLAYER_POOL,D15_THEROS_OCEANS_MIGHT; D15_UB_ARCHETYPE_MP,
KRAKEN_OF_THE_STRAITS_382092,Kraken of the Straits,{5}{U}{U},7,U,,Creature,Kraken,6,6,Creatures with power less than the number of Islands you control can’t block Kraken of the Straits.,Thassa felt no need to punish the sailors for their folly in crossing the straits. The kraken would do it for her.,U,DPI,382092,152556,Richard Wright,False,600,DATA_000,D15_THEROS_PLAYER_POOL,,
KRENKOS_COMMAND_378362,Krenko’s Command,{1}{R},2,R,,Sorcery,,,,Put two 1/1 red Goblin creature tokens onto the battlefield.,"Goblins are eager to follow orders, especially when those orders involve stealing, hurting, annoying, eating, destroying, or swearing.",C,DPI,378362,143849,Karl Kopinski,False,600,DATA_000,D15_RAVNICA_PLAYER_POOL,D15_BR_ARCHETYPE_MP; D15_TUTORIAL_BOSS_DECK; D15_UR_ARCHETYPE_MP,
KRESH_THE_BLOODBRAIDED_382401,Kresh the Bloodbraided,{2}{B}{R}{G},5,BRG,Legendary,Creature,Human Warrior,3,3,"Whenever another creature dies, you may put X +1/+1 counters on Kresh the Bloodbraided, where X is that creature’s power.",Each of his twenty-two braids is bound with bone and leather from a foe.,M,DPI,382401,114985,Raymond Swanland,False,600,DATA_010,E15_PLAYER_POOL,,
KROVIKAN_MIST_374983,Krovikan Mist,{1}{U},2,U,,Creature,Illusion,*,*,"Flying
Krovikan Mist’s power and toughness are each equal to the number of Illusions on the battlefield.","Plague-induced dreams became real as they swirled above Krov, mingling with the magical residue of the World Spell.",C,DPI,374983,98041,Jeremy Jarvis,False,300,DATA_000,,,
LABORATORY_MANIAC_374560,Laboratory Maniac,{2}{U},3,U,,Creature,Human Wizard,2,2,"If you would draw a card while your library has no cards in it, you win the game instead.","His mind whirled with grand plans, never thinking of what might happen if he were to succeed.",R,DPI,374560,138348,Jason Felix,False,150,DATA_000,F15_BOOSTER_BLUE,D15_INNISTRAD_MAD_SCIENCE; D15_INNISTRAD_MAD_SCIENCE_PW,
LAGONNABAND_ELDER_377492,Lagonna-Band Elder,{2}{W},3,W,,Creature,Centaur Advisor,3,2,"When Lagonna-Band Elder enters the battlefield, if you control an enchantment, you gain 3 life.",“The best lessons are not the ones I teach. They are the ones the pupils realize for themselves.”,C,DPI,377492,150817,Min Yum,False,150,DATA_000,,D15_THEROS_CENTAUR_FURY,
LAUNCH_THE_FLEET_380394,Launch the Fleet,{W},1,W,,Sorcery,,,,"Strive — Launch the Fleet costs {1} more to cast for each target beyond the first.
Until end of turn, any number of target creatures each gain “Whenever this creature attacks, put a 1/1 white Soldier creature token onto the battlefield tapped and attacking.”
Whenever this creature attacks, put a 1/1 white Soldier creature token onto the battlefield tapped and attacking.",,R,DPI,380394,153056,Karl Kopinski,False,900,DATA_000,,,
LAVABALL_TRAP_374426,Lavaball Trap,{6}{R}{R},8,R,,Instant,Trap,,,"If an opponent had two or more lands enter the battlefield under his or her control this turn, you may pay {3}{R}{R} rather than pay Lavaball Trap’s mana cost.
Destroy two target lands. Lavaball Trap deals 4 damage to each creature.",,R,DPI,374426,125072,Zoltan Boros & Gabor Szikszai,False,1200,DATA_000,,D15_ZENDIKAR_TRAPFILLED_LAIR; D15_ZENDIKAR_TRAPFILLED_LAIR_PW,
LAVABORN_MUSE_374308,Lavaborn Muse,{3}{R},4,R,,Creature,Spirit,3,3,"At the beginning of each opponent’s upkeep, if that player has two or fewer cards in hand, Lavaborn Muse deals 3 damage to him or her.","“Her voice is disaster, painful and final.”
—Matoc, lavamancer",R,DPI,374308,47522,Brian Snoddy,False,450,DATA_000,,D15_RAVNICA_CHANDRAS_FURY,
LAY_OF_THE_LAND_380251,Lay of the Land,{G},1,G,,Sorcery,,,,"Search your library for a basic land card, reveal it, put it into your hand, then shuffle your library.",Victory favors neither the righteous nor the wicked. It favors the prepared.,C,DPI,380251,148277,Chuck Lukacs,False,300,DATA_000,,,
LEONIN_SNARECASTER_380877,Leonin Snarecaster,{1}{W},2,W,,Creature,Cat Soldier,2,1,"When Leonin Snarecaster enters the battlefield, you may tap target creature.","Formerly oppressed by the polis of Meletis, leonin occasionally “mistake” their old enemies for game.",C,DPI,380877,150812,Kev Walker,False,150,DATA_000,D15_THEROS_PLAYER_POOL,D15_THEROS_AJANI; D15_UW_ARCHETYPE_MP,
LETHARGY_TRAP_374427,Lethargy Trap,{3}{U},4,U,,Instant,Trap,,,"If three or more creatures are attacking, you may pay {U} rather than pay Lethargy Trap’s mana cost.
Attacking creatures get -3/-0 until end of turn.","Suddenly, Zurdi didn’t care about treasure, glory, food . . . or the drakes circling above.",C,DPI,374427,123569,Anthony Francisco,False,600,DATA_000,,D15_ZENDIKAR_TRAPFILLED_LAIR; D15_ZENDIKAR_TRAPFILLED_LAIR_PW,
LIGHTKEEPER_OF_EMERIA_377405,Lightkeeper of Emeria,{3}{W},4,W,,Creature,Angel,2,4,"Multikicker {W}
Flying
When Lightkeeper of Emeria enters the battlefield, you gain 2 life for each time it was kicked.",,U,DPI,377405,126550,James Ryman,False,150,DATA_000,,D15_ZENDIKAR_ALL_OUT_SPRINT,
LIGHTNING_STRIKE_380908,Lightning Strike,{1}{R},2,R,,Instant,,,,Lightning Strike deals 3 damage to target creature or player.,To wield lightning is to tame chaos.,C,DPI,380908,150851,Adam Paquette,False,900,DATA_000,,D15_THEROS_ARMY_OF_THE_RETURNED,
LIGHTNING_TALONS_374311,Lightning Talons,{2}{R},3,R,,Enchantment,Aura,,,"Enchant creature
Enchanted creature gets +3/+0 and has first strike.","“The victim was either clawed to death or struck by lightning. Possibly both.”
—Pel Javya, Wojek investigator",C,DPI,374311,148273,Johann Bodin,False,750,DATA_000,D15_RAVNICA_PLAYER_POOL,D15_SHANDALAR_BLAZING_WINGS; D15_TUTORIAL_BOSS_DECK,
LILIANAS_CARESS_374819,Liliana’s Caress,{1}{B},2,B,,Enchantment,,,,"Whenever an opponent discards a card, that player loses 2 life.",“This might hurt less if you don’t fight so hard. But I doubt it.”,U,DPI,374819,129124,Steve Argyle,False,150,DATA_000,,D15_INNISTRAD_LILIANAS_WELCOME,
LILIANAS_REAVER_374312,Liliana’s Reaver,{2}{B}{B},4,B,,Creature,Zombie,4,3,"Deathtouch
Whenever Liliana’s Reaver deals combat damage to a player, that player discards a card and you put a 2/2 black Zombie creature token onto the battlefield tapped.",,R,DPI,374312,148900,Karl Kopinski,False,600,DATA_000,,D15_INNISTRAD_LILIANAS_WELCOME,
LILIANAS_SHADE_374866,Liliana’s Shade,{2}{B}{B},4,B,,Creature,Shade,1,1,"When Liliana’s Shade enters the battlefield, you may search your library for a Swamp card, reveal it, put it into your hand, then shuffle your library.
{B}: Liliana’s Shade gets +1/+1 until end of turn.",,C,DPI,374866,143845,Eric Deschamps,False,150,DATA_000,,D15_INNISTRAD_LILIANAS_WELCOME,
LILIANAS_SPECTER_374820,Liliana’s Specter,{1}{B}{B},3,B,,Creature,Specter,2,1,"Flying
When Liliana’s Specter enters the battlefield, each opponent discards a card.","“The finest minions know what I need without me ever saying a thing.”
—Liliana Vess",C,DPI,374820,129091,Vance Kovacs,False,300,DATA_000,D15_DLC_POOL,D15_INNISTRAD_LILIANAS_WELCOME,
LIVING_DESTINY_380194,Living Destiny,{3}{G},4,G,,Instant,,,,"As an additional cost to cast Living Destiny, reveal a creature card from your hand.
You gain life equal to the revealed card’s converted mana cost.",“That our enemies are great only brings us greater hope.”,C,DPI,380194,127300,James Ryman,False,300,DATA_000,D15_ZENDIKAR_PLAYER_POOL,D15_THEROS_OCEANS_MIGHT,
LIVING_TOTEM_374663,Living Totem,{3}{G},4,G,,Creature,Plant Elemental,2,3,"Convoke
When Living Totem enters the battlefield, you may put a +1/+1 counter on another target creature.",,C,DPI,374663,156427,Svetlin Velinov,False,150,DATA_000,,D15_SHANDALAR_BEAST_AMBUSH,
LONE_MISSIONARY_377482,Lone Missionary,{1}{W},2,W,,Creature,Kor Monk,2,1,"When Lone Missionary enters the battlefield, you gain 4 life.","His mission has become a grim pilgrimage, a tour of the Eldrazi-stricken outposts across Zendikar. But he marches on alone, stubborn as the daily dawn.",C,DPI,377482,127255,Svetlin Velinov,False,150,DATA_000,D15_ZENDIKAR_PLAYER_POOL,D15_WB_ARCHETYPE_MP; D15_ZENDIKAR_ALL_OUT_SPRINT,
LORTHOS_THE_TIDEMAKER_377063,"Lorthos, the Tidemaker",{5}{U}{U}{U},8,U,Legendary,Creature,Octopus,8,8,"Whenever Lorthos, the Tidemaker attacks, you may pay {8}. If you do, tap up to eight target permanents. Those permanents don’t untap during their controllers’ next untap steps.","When Lorthos emerges from his deepwater realm, the tides bow to his will and the coastline cowers in his presence.",M,DPI,377063,123706,Kekai Kotaki,False,1800,DATA_000,,D15_THEROS_OCEANS_MIGHT,
LOYAL_PEGASUS_380912,Loyal Pegasus,{W},1,W,,Creature,Pegasus,2,1,"Flying
Loyal Pegasus can’t attack or block alone.","“Even if I should die in the saddle, she will not let me fall to the ground.”
—Hypatia of the Winged Horse",C,DPI,380912,152012,John Severin Brassell,False,-150,DATA_000,D15_THEROS_PLAYER_POOL,,
MAALFELD_TWINS_374613,Maalfeld Twins,{5}{B},6,B,,Creature,Zombie,4,4,"When Maalfeld Twins dies, put two 2/2 black Zombie creature tokens onto the battlefield.","“Who am I to break up a family?”
—Gisa the Mad",U,DPI,374613,141557,Mike Sass,False,900,DATA_000,D15_INNISTRAD_PLAYER_POOL,D15_INNISTRAD_LIVING_DEATH,D15_BG_STARTER_BOOSTER_2; D15_BR_STARTER_BOOSTER_2
MAELSTROM_ARCHANGEL_380172,Maelstrom Archangel,{W}{U}{B}{R}{G},5,WUBRG,,Creature,Angel,5,5,"Flying
Whenever Maelstrom Archangel deals combat damage to a player, you may cast a nonland card from your hand without paying its mana cost.",There is no world where angels fear to tread.,M,DPI,380172,118767,Cyril Van Der Haegen,False,1200,DATA_000,D15_DLC_POOL,E15_MAELSTROM_EXPLORE,
MAGMA_RIFT_380312,Magma Rift,{2}{R},3,R,,Sorcery,,,,"As an additional cost to cast Magma Rift, sacrifice a land.
Magma Rift deals 5 damage to target creature.","“Lighting a fire needs kindling and heat. You be the kindling. I’ll bring the heat.”
—Chandra Nalaar",C,DPI,380312,123593,Jung Park,False,1200,DATA_000,,D15_ZENDIKAR_ROILING_PLANE,
MAGMA_SPRAY_380156,Magma Spray,{R},1,R,,Instant,,,,"Magma Spray deals 2 damage to target creature. If that creature would die this turn, exile it instead.","The ancient dragon Thraxes sleeps in Purphoros’s sacred peak. When he stirs in dreams, so does the mountain.",C,DPI,380156,152859,Richard Wright,False,750,DATA_010,,E15_GRIXIS_EXPLORE,
MAHAMOTI_DJINN_381859,Mahamoti Djinn,{4}{U}{U},6,U,,Creature,Djinn,5,6,Flying,"Of royal blood among the spirits of the air, the Mahamoti djinn rides on the wings of the winds. As dangerous in the gambling hall as he is in battle, he is a master of trickery and misdirection.",R,DPI,381859,86730,Greg Staples,False,,DATA_000,D15_RAVNICA_REWARDS,,
MANOWAR_374987,Man-o’-War,{2}{U},3,U,,Creature,Jellyfish,2,2,"When Man-o’-War enters the battlefield, return target creature to its owner’s hand.","“Beauty to the eye does not always translate to the touch.”
—Naimah, Femeref philosopher",C,DPI,374987,2212,Jon J Muth,False,600,DATA_000,,D15_LESSON_2_AI; D15_THEROS_OCEANS_MIGHT,
MANAFORCE_MACE_382000,Manaforce Mace,{4},4,,,Artifact,Equipment,,,"Domain — Equipped creature gets +1/+1 for each basic land type among lands you control.
Equip {3}","As the shards merged, relics once thought mundane regained forgotten powers.",U,DPI,382000,115175,Jeremy Jarvis,False,300,DATA_010,E15_PLAYER_POOL,,
MANIACAL_RAGE_382001,Maniacal Rage,{1}{R},2,R,,Enchantment,Aura,,,"Enchant creature
Enchanted creature gets +2/+2 and can’t block.","The spikes of sangrite made the goblin stronger, but they didn’t make him any smarter.",C,DPI,382001,118742,Brandon Kitkouski,False,300,DATA_010,E15_PLAYER_POOL,,
MANOR_SKELETON_382049,Manor Skeleton,{1}{B},2,B,,Creature,Skeleton,1,1,"Haste
{1}{B}: Regenerate Manor Skeleton.",Lungs dried to parchment wheeze blasphemies within a cage of bleached bone.,C,DPI,382049,139306,Eric Deschamps,False,150,DATA_000,,D15_INNISTRAD_UNDYING_HORDES,
MARAUDING_MAULHORN_378199,Marauding Maulhorn,{2}{R}{R},4,R,,Creature,Beast,5,3,Marauding Maulhorn attacks each combat if able unless you control a creature named Advocate of the Beast.,"“It’s not just you. Everyone makes it angry.”
—Ardenoth, elvish nature advocate",C,DPI,378199,147423,Jesper Ejsing,False,-300,DATA_000,D15_SHANDALAR_PLAYER_POOL,D15_TUTORIAL_BOSS_DECK,
MARBLE_DIAMOND_380254,Marble Diamond,{2},2,,,Artifact,,,,"Marble Diamond enters the battlefield tapped.
{T}: Add {W} to your mana pool.",,U,DPI,380254,156364,Lindsey Look,False,,DATA_000,,D15_RAVNICA_SEARCH_THE_CITY; D15_RAVNICA_SEARCH_THE_CITY_PW,
MARCH_OF_THE_RETURNED_374756,March of the Returned,{3}{B},4,B,,Sorcery,,,,Return up to two target creature cards from your graveyard to your hand.,The Returned have no memory of the Underworld or of their former lives. The golden masks they wear are the last gifts of the selves they left behind.,C,DPI,374756,150791,Mark Zug,False,1200,DATA_000,,D15_THEROS_ARMY_OF_THE_RETURNED,
MARDU_ROUGHRIDER_388079,Mardu Roughrider,{2}{R}{W}{B},5,WBR,,Creature,Orc Warrior,5,4,"Whenever Mardu Roughrider attacks, target creature can’t block this turn.","The most ferocious saddlebrutes lead the assault, ramming through massed pikes and stout barricades as if they were paper and silk.",U,DPI,388079,156526,Kev Walker,False,300,DATA_041,F15_BOOSTER_CREATURES,,
MARITIME_GUARD_374993,Maritime Guard,{1}{U},2,U,,Creature,Merfolk Soldier,1,3,,"Once common in the Kapsho Seas, merfolk were hunted almost to extinction. They survived those dark days and emerged calculating and determined to endure.",C,DPI,374993,129129,Allen Williams,False,,DATA_000,D15_SHANDALAR_PLAYER_POOL,,
MARKED_BY_HONOR_380402,Marked by Honor,{3}{W},4,W,,Enchantment,Aura,,,"Enchant creature
Enchanted creature gets +2/+2 and has vigilance.",Stand your post for duty. Stand your ground for honor.,C,DPI,380402,155280,David Palumbo,False,300,DATA_000,D15_SHANDALAR_PLAYER_POOL,,
MARSH_CASUALTIES_374429,Marsh Casualties,{B}{B},2,B,,Sorcery,,,,"Kicker {3}
Creatures target player controls get -1/-1 until end of turn. If Marsh Casualties was kicked, those creatures get -2/-2 until end of turn instead.",,U,DPI,374429,123555,Scott Chou,False,900,DATA_000,,D15_ZENDIKAR_SCORN_OF_OB_NIXILIS,
MARSH_THREADER_374408,Marsh Threader,{1}{W},2,W,,Creature,Kor Scout,2,1,Swampwalk,“Give me a sturdy rope over the advice of any so-called expert. I can thread the dark wilds better than anyone.”,C,DPI,374408,126508,David Palumbo,False,,DATA_000,,D15_ZENDIKAR_KOR_CANYONS,
MASKED_ADMIRERS_388087,Masked Admirers,{2}{G}{G},4,G,,Creature,Elf Shaman,3,2,"When Masked Admirers enters the battlefield, draw a card.
Whenever you cast a creature spell, you may pay {G}{G}. If you do, return Masked Admirers from your graveyard to your hand.","“Beauty determines value, and we determine beauty.”",R,DPI,388087,105471,Eric Fortune,False,150,DATA_022,F15_BOOSTER_GREEN,,
MASS_OF_GHOULS_380152,Mass of Ghouls,{3}{B}{B},5,B,,Creature,Zombie Warrior,5,3,,"“An army has filled the valley, but it’s not like any army I’ve ever seen. There are no tents, no fires, no horses . . . just a sea of bodies, writhing and moaning, as if a pestilent village were sent to invade us.”
—Onean scout",C,DPI,380152,102346,Lucio Parrillo,False,,DATA_000,,D15_INNISTRAD_LIVING_DEATH,
MASTER_OF_ETHERIUM_381895,Master of Etherium,{2}{U},3,U,,Artifact Creature,Vedalken Wizard,*,*,"Master of Etherium’s power and toughness are each equal to the number of artifacts you control.
Other artifact creatures you control get +1/+1.",“Only a mind unfettered with the concerns of the flesh can see the world as it truly is.”,R,DPI,381895,115147,Matt Cavotta,False,150,DATA_010,F15_BOOSTER_ARTIFACTS,,
MASTER_OF_WAVES_388096,Master of Waves,{3}{U},4,U,,Creature,Merfolk Wizard,2,1,"Protection from red
Elemental creatures you control get +1/+1.
When Master of Waves enters the battlefield, put a number of 1/0 blue Elemental creature tokens onto the battlefield equal to your devotion to blue.",,M,DPI,388096,150840,Karl Kopinski,False,900,DATA_031,F15_BOOSTER_BLUE,,
MATCA_RIOTERS_382002,Matca Rioters,{2}{G},3,G,,Creature,Human Warrior,*,*,Domain — Matca Rioters’s power and toughness are each equal to the number of basic land types among lands you control.,"When outsiders interrupted the matca championship, things got ugly.",C,DPI,382002,118691,Steve Argyle,False,,DATA_010,E15_PLAYER_POOL,E15_MAELSTROM_EXPLORE,
MAUSOLEUM_GUARD_374563,Mausoleum Guard,{3}{W},4,W,,Creature,Human Scout,2,2,"When Mausoleum Guard dies, put two 1/1 white Spirit creature tokens with flying onto the battlefield.","“Ghoulcallers trying to get in, geists trying to get out . . . . This duty is never dull.”",U,DPI,374563,138411,David Palumbo,False,450,DATA_000,D15_INNISTRAD_PLAYER_POOL,D15_UW_ARCHETYPE_MP,D15_BG_STARTER_BOOSTER_2; D15_UW_STARTER_BOOSTER_2; D15_WB_STARTER_BOOSTER_2
MAZES_END_377414,Maze’s End,,0,,,Land,,,,"Maze’s End enters the battlefield tapped.
{T}: Add {1} to your mana pool.
{3}, {T}, Return Maze’s End to its owner’s hand: Search your library for a Gate card, put it onto the battlefield, then shuffle your library. If you control ten or more Gates with different names, you win the game.",,M,DPI,377414,147861,Cliff Childs,False,600,DATA_000,,D15_RAVNICA_SEARCH_THE_CITY; D15_RAVNICA_SEARCH_THE_CITY_PW,
MEDITATION_PUZZLE_374658,Meditation Puzzle,{3}{W}{W},5,W,,Instant,,,,"Convoke
You gain 8 life.","Find your center, and you will find your way.",C,DPI,374658,155206,Mark Winters,False,900,DATA_000,D15_SHANDALAR_PLAYER_POOL,,
MEGANTIC_SLIVER_374318,Megantic Sliver,{5}{G},6,G,,Creature,Sliver,3,3,Sliver creatures you control get +3/+3.,"Even the thrums, the lowliest of slivers, become deadly in its presence.",R,DPI,374318,147431,Ryan Barger,False,300,DATA_000,,D15_SHANDALAR_SLIVERS,
MENTOR_OF_THE_MEEK_378310,Mentor of the Meek,{2}{W},3,W,,Creature,Human Soldier,2,2,"Whenever another creature with power 2 or less enters the battlefield under your control, you may pay {1}. If you do, draw a card.",“In these halls there is no pass or fail. Your true test comes with the first full moon.”,R,DPI,378310,138444,Jana Schirmer & Johannes Voss,False,600,DATA_000,D15_INNISTRAD_PLAYER_POOL,D15_GW_ARCHETYPE_MP,D15_GW_STARTER_BOOSTER_3; D15_UB_STARTER_BOOSTER_3; D15_UW_STARTER_BOOSTER_3; D15_WB_STARTER_BOOSTER_3; D15_WR_STARTER_BOOSTER_3
MERCURIAL_PRETENDER_378479,Mercurial Pretender,{4}{U},5,U,,Creature,Shapeshifter,0,0,"You may have Mercurial Pretender enter the battlefield as a copy of any creature you control except it gains “{2}{U}{U}: Return this creature to its owner’s hand.”
{2}{U}{U}: Return this creature to its owner’s hand.",The king went off to find himself. Imagine his terror when he succeeded.,R,DPI,378479,155349,Izzy,False,300,DATA_000,D15_THEROS_PLAYER_POOL,D15_UG_ARCHETYPE_MP,D15_GU_STARTER_BOOSTER_0; D15_UW_STARTER_BOOSTER_0
MESSENGERS_SPEED_378221,Messenger’s Speed,{R},1,R,,Enchantment,Aura,,,"Enchant creature
Enchanted creature has trample and haste.","“He outran arrows. He outran even the archers’ insults.”
—Bayma, storyteller of Lagonna Band",C,DPI,378221,149188,Clint Cearley,False,150,DATA_000,,,
METEORITE_374652,Meteorite,{5},5,,,Artifact,,,,"When Meteorite enters the battlefield, it deals 2 damage to target creature or player.
{T}: Add one mana of any color to your mana pool.","“And if I’m lying,” he began . . .",U,DPI,374652,155390,Scott Murphy,False,600,DATA_000,D15_SHANDALAR_PLAYER_POOL,D15_RG_ARCHETYPE_MP,
MIDNIGHT_HAUNTING_374319,Midnight Haunting,{2}{W},3,W,,Instant,,,,Put two 1/1 white Spirit creature tokens with flying onto the battlefield.,The path back to the world of the living is murky and bewildering. A geist may not even realize that it’s terrifying its own loved ones.,U,DPI,374319,138174,Matt Stewart,False,900,DATA_000,,D15_INNISTRAD_FLIGHTS_OF_FEAR,
MILITARY_INTELLIGENCE_380889,Military Intelligence,{1}{U},2,U,,Enchantment,,,,"Whenever you attack with two or more creatures, draw a card.",To know the battlefield is to anticipate the enemy. To know the enemy is to anticipate victory.,U,DPI,380889,155404,Craig J Spearing,False,300,DATA_000,D15_RAVNICA_PLAYER_POOL,D15_UW_ARCHETYPE_MP,
MILLSTONE_380894,Millstone,{2},2,,,Artifact,,,,"{2}, {T}: Target player puts the top two cards of his or her library into his or her graveyard.","Minds, like mountains, are never so grand and mighty that they can’t be reduced to dust.",U,DPI,380894,148278,Yeong-Hao Han,False,300,DATA_000,D15_DLC_POOL,,
MIMING_SLIME_374513,Miming Slime,{2}{G},3,G,,Sorcery,,,,"Put an X/X green Ooze creature token onto the battlefield, where X is the greatest power among creatures you control.","“We paid the Simic very well for this capability, but we should quickly recoup our expenses in saved wages.”
—Milana, Orzhov prelate",U,DPI,374513,146339,Svetlin Velinov,False,900,DATA_000,,D15_RAVNICA_SIMIC_STRANGENESS,
MIND_ROT_374321,Mind Rot,{2}{B},3,B,,Sorcery,,,,Target player discards two cards.,"“What a pity. You should have written it down.”
—Liliana Vess",C,DPI,374321,6586,Steve Luke,False,750,DATA_000,D15_THEROS_PLAYER_POOL,D15_INNISTRAD_LILIANAS_WELCOME,
MIND_SCULPT_374867,Mind Sculpt,{1}{U},2,U,,Sorcery,,,,Target opponent puts the top seven cards of his or her library into his or her graveyard.,"“Your mind was a curious mix of madness and genius. I just took away the genius.”
—Jace Beleren",C,DPI,374867,143840,Michael C. Hayes,False,450,DATA_000,,D15_SHANDALAR_WIZARDS_TOWER,
MINOTAUR_ABOMINATION_378200,Minotaur Abomination,{4}{B}{B},6,B,,Creature,Zombie Minotaur,4,6,,"“Look at that. Shuffling, wobbling, entrails placed haphazardly. It’s shameful. Who would let that kind of work flap about for all to see?”
—Lestin, necromancer",C,DPI,378200,147443,Karl Kopinski,False,,DATA_000,,D15_LESSON_3_AI,
MINOTAUR_SKULLCLEAVER_374757,Minotaur Skullcleaver,{2}{R},3,R,,Creature,Minotaur Berserker,2,2,"Haste
When Minotaur Skullcleaver enters the battlefield, it gets +2/+0 until end of turn.","“Their only dreams are of full stomachs.”
—Kleon the Iron-Booted",C,DPI,374757,149061,Phill Simmer,False,300,DATA_000,,D15_THEROS_MINOTAURS_STAMPEDE,
MISCHIEF_AND_MAYHEM_380913,Mischief and Mayhem,{4}{G},5,G,,Sorcery,,,,Up to two target creatures each get +4/+4 until end of turn.,"“The false god Xenagos treats the whole world as his rollick site. If his whims are left unchecked, Theros will be reduced to rubble and ashes.”
—Elspeth",U,DPI,380913,152597,Zack Stella,False,1800,DATA_000,D15_THEROS_PLAYER_POOL,,
MOLD_SHAMBLER_380313,Mold Shambler,{3}{G},4,G,,Creature,Fungus Beast,3,3,"Kicker {1}{G}
When Mold Shambler enters the battlefield, if it was kicked, destroy target noncreature permanent.","When civilization encroaches on nature, Zendikar encroaches back.",C,DPI,380313,123623,Karl Kopinski,False,900,DATA_000,D15_DLC_POOL,,
MONOMANIA_380928,Monomania,{3}{B}{B},5,B,,Sorcery,,,,Target player chooses a card in his or her hand and discards the rest.,"“What do vermin cling to when all hope is lost?”
—Sorin Markov",R,DPI,380928,137413,James Ryman,False,1500,DATA_000,D15_RAVNICA_PLAYER_POOL,,
MOON_HERON_380878,Moon Heron,{3}{U},4,U,,Creature,Spirit Bird,3,2,Flying,The heron is the symbol of the archangel Avacyn. The fact that such spirits still fly gives the church hope that its founder may one day return.,C,DPI,380878,138165,Charles Urbach,False,,DATA_000,D15_INNISTRAD_PLAYER_POOL,,D15_GU_STARTER_BOOSTER_1; D15_UR_STARTER_BOOSTER_1; D15_UW_STARTER_BOOSTER_1
MOSS_DIAMOND_380255,Moss Diamond,{2},2,,,Artifact,,,,"Moss Diamond enters the battlefield tapped.
{T}: Add {G} to your mana pool.",,U,DPI,380255,156372,Lindsey Look,False,,DATA_000,,D15_RAVNICA_SEARCH_THE_CITY; D15_RAVNICA_SEARCH_THE_CITY_PW,
MOUNTAIN_380420,Mountain,,0,,Basic,Land,Mountain,,,,,L,DPI,380420,153334,Florian De Gesincourt,False,,DATA_000,,D15_SHANDALAR_LAND_POOL; DEFAULT_LAND_POOL,
MOUNTAIN_380421,Mountain,,0,,Basic,Land,Mountain,,,,,L,DPI,380421,137571,Cliff Childs,False,,DATA_000,,D15_SHANDALAR_LAND_POOL; D15_SHANDALAR_SLIVERS; D15_SHANDALAR_SLIVERS_PW; DEFAULT_LAND_POOL,
MOUNTAIN_380422,Mountain,,0,,Basic,Land,Mountain,,,,,L,DPI,380422,121704,Karl Kopinski,False,,DATA_000,,D15_SHANDALAR_LAND_POOL; DEFAULT_LAND_POOL,
MOUNTAIN_380423,Mountain,,0,,Basic,Land,Mountain,,,,,L,DPI,380423,121703,Nils Hamm,False,,DATA_000,,D15_SHANDALAR_LAND_POOL; DEFAULT_LAND_POOL,
MOUNTAIN_380458,Mountain,,0,,Basic,Land,Mountain,,,,,L,DPI,380458,138776,James Paick,False,,DATA_000,,D15_INNISTRAD_LAND_POOL; D15_LESSON_5_PLAYER,
MOUNTAIN_380459,Mountain,,0,,Basic,Land,Mountain,,,,,L,DPI,380459,138468,Eytan Zana,False,,DATA_000,,D15_INNISTRAD_LAND_POOL; D15_LESSON_1_AI; D15_LESSON_5_PLAYER,
MOUNTAIN_380460,Mountain,,0,,Basic,Land,Mountain,,,,,L,DPI,380460,138470,Adam Paquette,False,,DATA_000,,D15_INNISTRAD_CURSES; D15_INNISTRAD_LAND_POOL; D15_LESSON_1_AI; D15_LESSON_5_PLAYER,
MOUNTAIN_380475,Mountain,,0,,Basic,Land,Mountain,,,,,L,DPI,380475,123758,Jung Park,False,,DATA_000,,D15_ZENDIKAR_LAND_POOL; D15_ZENDIKAR_ROILING_PLANE; D15_ZENDIKAR_ROILING_PLANE_PW,
MOUNTAIN_380476,Mountain,,0,,Basic,Land,Mountain,,,,,L,DPI,380476,123762,John Avon,False,,DATA_000,,D15_ZENDIKAR_LAND_POOL; D15_ZENDIKAR_ROILING_PLANE; D15_ZENDIKAR_ROILING_PLANE_PW,
MOUNTAIN_380477,Mountain,,0,,Basic,Land,Mountain,,,,,L,DPI,380477,123764,Véronique Meignaud,False,,DATA_000,,D15_ZENDIKAR_LAND_POOL; D15_ZENDIKAR_ROILING_PLANE; D15_ZENDIKAR_ROILING_PLANE_PW,
MOUNTAIN_380478,Mountain,,0,,Basic,Land,Mountain,,,,,L,DPI,380478,123766,Vincent Proce,False,,DATA_000,,D15_ZENDIKAR_LAND_POOL; D15_ZENDIKAR_ROILING_PLANE; D15_ZENDIKAR_ROILING_PLANE_PW,
MOUNTAIN_380497,Mountain,,0,,Basic,Land,Mountain,,,,,L,DPI,380497,145254,John Avon,False,,DATA_000,,D15_LESSON_1_AI; D15_LESSON_5_PLAYER; D15_RAVNICA_LAND_POOL,
MOUNTAIN_380498,Mountain,,0,,Basic,Land,Mountain,,,,,L,DPI,380498,145255,Adam Paquette,False,,DATA_000,,D15_LESSON_1_AI; D15_RAVNICA_LAND_POOL,
MOUNTAIN_380499,Mountain,,0,,Basic,Land,Mountain,,,,,L,DPI,380499,145256,Richard Wright,False,,DATA_000,,D15_RAVNICA_LAND_POOL,
MOUNTAIN_380500,Mountain,,0,,Basic,Land,Mountain,,,,,L,DPI,380500,145257,Yeong-Hao Han,False,,DATA_000,,D15_LESSON_1_AI; D15_RAVNICA_LAND_POOL,
MOUNTAIN_380501,Mountain,,0,,Basic,Land,Mountain,,,,,L,DPI,380501,89172,Richard Wright,False,,DATA_000,,D15_RAVNICA_LAND_POOL,
MOUNTAIN_380520,Mountain,,0,,Basic,Land,Mountain,,,,,L,DPI,380520,149134,Rob Alexander,False,,DATA_000,,D15_THEROS_LAND_POOL,
MOUNTAIN_380521,Mountain,,0,,Basic,Land,Mountain,,,,,L,DPI,380521,149135,Steven Belledin,False,,DATA_000,,D15_THEROS_LAND_POOL; D15_THEROS_WHATS_IN_THE_BOX,
MOUNTAIN_380522,Mountain,,0,,Basic,Land,Mountain,,,,,L,DPI,380522,149136,Adam Paquette,False,,DATA_000,,D15_THEROS_LAND_POOL,
MOUNTAIN_380523,Mountain,,0,,Basic,Land,Mountain,,,,,L,DPI,380523,149137,Raoul Vitale,False,,DATA_000,,D15_LESSON_1_AI; D15_LESSON_5_PLAYER; D15_THEROS_LAND_POOL; D15_ZENDIKAR_TRAPFILLED_LAIR; D15_ZENDIKAR_TRAPFILLED_LAIR_PW,
MOX_OPAL_382182,Mox Opal,{0},0,,Legendary,Artifact,,,,Metalcraft — {T}: Add one mana of any color to your mana pool. Activate this ability only if you control three or more artifacts.,The suns of Mirrodin have shone upon perfection only once.,M,DPI,382182,131046,Volkan Baga,False,,DATA_010,,,
MULCH_374566,Mulch,{1}{G},2,G,,Sorcery,,,,Reveal the top four cards of your library. Put all land cards revealed this way into your hand and the rest into your graveyard.,The land knows no difference between the graves of commoners and nobles.,C,DPI,374566,138401,Christopher Moeller,False,600,DATA_000,,D15_INNISTRAD_SPIDER_TANGLE,
MURASA_PYROMANCER_374322,Murasa Pyromancer,{4}{R}{R},6,R,,Creature,Human Shaman Ally,3,2,"Whenever Murasa Pyromancer or another Ally enters the battlefield under your control, you may have Murasa Pyromancer deal damage to target creature equal to the number of Allies you control.","“Fire is my accomplice. For enough coin, it can be yours as well.”",U,DPI,374322,123789,Kekai Kotaki,False,600,DATA_000,,D15_ZENDIKAR_STRENGTH_IN_NUMBERS,
MURDER_374323,Murder,{1}{B}{B},3,B,,Instant,,,,Destroy target creature.,,C,DPI,374323,143847,Allen Williams,False,1200,DATA_000,,,
MUTILATE_374868,Mutilate,{2}{B}{B},4,B,,Sorcery,,,,All creatures get -1/-1 until end of turn for each Swamp you control.,"“It’s only torture if you’re strong enough to survive. Otherwise, it’s a simple, gruesome death. I’m happy with either outcome.”
—Liliana Vess",R,DPI,374868,143946,Tyler Jacobson,False,1500,DATA_000,,D15_INNISTRAD_LILIANAS_WELCOME; E15_SWAMP_WITCH,
MYCOLOTH_381896,Mycoloth,{3}{G}{G},5,G,,Creature,Fungus,4,4,"Devour 2
At the beginning of your upkeep, put a 1/1 green Saproling creature token onto the battlefield for each +1/+1 counter on Mycoloth.",,R,DPI,381896,117004,Raymond Swanland,False,300,DATA_010,E15_PLAYER_POOL,,
MYR_ENFORCER_382400,Myr Enforcer,{7},7,,,Artifact Creature,Myr,4,4,Affinity for artifacts,Most myr monitor other species. Some myr monitor other myr.,C,DPI,382400,51176,Jim Murray,False,,DATA_010,,E15_ESPER,
MYRSMITH_388095,Myrsmith,{1}{W},2,W,,Creature,Human Artificer,2,1,"Whenever you cast an artifact spell, you may pay {1}. If you do, put a 1/1 colorless Myr artifact creature token onto the battlefield.","The Auriok see the artificer as a conduit, beckoning new creations into the world.",U,DPI,388095,131108,Eric Deschamps,False,450,DATA_032,F15_BOOSTER_ARTIFACTS,,
MYSTIC_MONASTERY_388080,Mystic Monastery,,0,,,Land,,,,"Mystic Monastery enters the battlefield tapped.
{T}: Add {U}, {R}, or {W} to your mana pool.","When asked how many paths reach enlightenment, the monk kicked a heap of sand. “Count,” he smiled, “and then find more grains.”",U,DPI,388080,156584,Florian de Gesincourt,False,,DATA_040,F15_BOOSTER_LANDS,,
NARROW_ESCAPE_374431,Narrow Escape,{2}{W},3,W,,Instant,,,,Return target permanent you control to its owner’s hand. You gain 4 life.,"“A good explorer has to be as slippery as a gomazoa, as tough as a scute bug, and luckier than a ten-fingered trapfinder.”
—Arhana, Kazandu trapfinder",C,DPI,374431,123595,Karl Kopinski,False,900,DATA_000,,D15_ZENDIKAR_ALL_OUT_SPRINT; D15_ZENDIKAR_KOR_CANYONS,
NATURALIZE_377110,Naturalize,{1}{G},2,G,,Instant,,,,Destroy target artifact or enchantment.,"“When your cities and trinkets crumble, only nature will remain.”
—Garruk Wildspeaker",C,DPI,377110,49669,Tim Hildebrandt,False,750,DATA_000,D15_INNISTRAD_PLAYER_POOL,,D15_UB_STARTER_BOOSTER_1
NATURES_LORE_374324,Nature’s Lore,{1}{G},2,G,,Sorcery,,,,Search your library for a Forest card and put that card onto the battlefield. Then shuffle your library.,"Nature’s secrets can be read on every tree, every branch, every leaf.",C,DPI,374324,6666,Terese Nielsen,False,450,DATA_000,,,
NAV_SQUAD_COMMANDOS_380202,Nav Squad Commandos,{4}{W},5,W,,Creature,Human Soldier,3,5,"Battalion — Whenever Nav Squad Commandos and at least two other creatures attack, Nav Squad Commandos gets +1/+1 until end of turn. Untap it.","Funded by the Azorius to keep current maps of the undercity, the Boros nav squads survey even the most unsavory areas.",C,DPI,380202,146349,Steve Prescott,False,300,DATA_000,,,
NAYA_PANORAMA_381897,Naya Panorama,,0,,,Land,,,,"{T}: Add {1} to your mana pool.
{1}, {T}, Sacrifice Naya Panorama: Search your library for a basic Mountain, Forest, or Plains card and put it onto the battlefield tapped. Then shuffle your library.",,C,DPI,381897,116189,Hideaki Takamura,False,,DATA_010,,E15_NAYA_EXPLORE,
NECROBITE_381958,Necrobite,{2}{B},3,B,,Instant,,,,Target creature gains deathtouch until end of turn. Regenerate it.,"An undead snake doesn’t bite in self-defense. It hungers as any zombie, never sated.",C,DPI,381958,141727,Nils Hamm,False,750,DATA_000,,,
NECROMANCERS_ASSISTANT_374670,Necromancer’s Assistant,{2}{B},3,B,,Creature,Zombie,3,1,"When Necromancer’s Assistant enters the battlefield, put the top three cards of your library into your graveyard.",Zombies and necromancers agree: easy access to brains is preferred.,C,DPI,374670,155364,Svetlin Velinov,False,,DATA_000,D15_INNISTRAD_PLAYER_POOL,D15_BG_ARCHETYPE_MP; D15_INNISTRAD_LILIANAS_WELCOME,D15_BG_STARTER_BOOSTER_1
NEGATE_378363,Negate,{1}{U},2,U,,Instant,,,,Counter target noncreature spell.,Masters of the arcane savor a delicious irony. Their study of deep and complex arcana leads to such a simple end: the ability to say merely yes or no.,C,DPI,378363,109907,Jeremy Jarvis,False,750,DATA_000,D15_ZENDIKAR_PLAYER_POOL,,
NEMESIS_OF_MORTALS_378224,Nemesis of Mortals,{4}{G}{G},6,G,,Creature,Snake,5,5,"Nemesis of Mortals costs {1} less to cast for each creature card in your graveyard.
{7}{G}{G}: Monstrosity 5. This ability costs {1} less to activate for each creature card in your graveyard.",,U,DPI,378224,150797,Mathias Kollros,False,300,DATA_000,D15_THEROS_PLAYER_POOL,D15_BG_ARCHETYPE_MP,
NESSIAN_ASP_380297,Nessian Asp,{4}{G},5,G,,Creature,Snake,4,5,"Reach
{6}{G}: Monstrosity 4.",It’s not the two heads you should fear. It’s the four fangs.,C,DPI,380297,149190,Alex Horley-Orlandelli,False,300,DATA_000,D15_THEROS_PLAYER_POOL,,
NESSIAN_COURSER_374759,Nessian Courser,{2}{G},3,G,,Creature,Centaur Warrior,3,3,,"Khestes the Adamant, the Champion’s closest ally among the centaurs, took one stone to his shoulder and another to his flank. He held his stride and his aim, and let fly the arrow that killed the giant Grinthax.
—The Theriad",C,DPI,374759,149961,Steve Prescott,False,,DATA_000,,D15_THEROS_WHATS_IN_THE_BOX,
NETTLE_SWINE_374617,Nettle Swine,{3}{G},4,G,,Creature,Boar,4,3,,"“I killed one and found bricks and bones in its belly. It had eaten a whole cottage, thatch and all.”
—Paulin, trapper",C,DPI,374617,141523,Christopher Moeller,False,,DATA_000,,D15_THEROS_WHATS_IN_THE_BOX,
NIBLIS_OF_THE_BREATH_382024,Niblis of the Breath,{2}{U},3,U,,Creature,Spirit,2,1,"Flying
{U}, {T}: You may tap or untap target creature.","“Why do the dead remain among us? Where is Flight Alabaster to lead them home? Where is Avacyn?”
—Eruth of Lambholt",U,DPI,382024,139726,Igor Kieryluk,False,300,DATA_000,D15_INNISTRAD_PLAYER_POOL,,D15_GU_STARTER_BOOSTER_2; D15_GW_STARTER_BOOSTER_2; D15_UB_STARTER_BOOSTER_2; D15_UR_STARTER_BOOSTER_2; D15_UW_STARTER_BOOSTER_2
NIBLIS_OF_THE_MIST_382025,Niblis of the Mist,{2}{W},3,W,,Creature,Spirit,2,1,"Flying
When Niblis of the Mist enters the battlefield, you may tap target creature.","“Not even a roaring fire could thaw the chill it put in my heart.”
—Vonn, geist-trapper",C,DPI,382025,139784,Igor Kieryluk,False,150,DATA_000,,,
NIGHTGUARD_PATROL_359471,Nightguard Patrol,{2}{W},3,W,,Creature,Human Soldier,2,1,"First strike, vigilance",“The Wojek defend the laws. We defend the people.”,C,DPI,359471,88964,Dany Orizio,False,,DATA_000,,D15_LESSON_3_PLAYER,
NIGHTMARE_382111,Nightmare,{5}{B},6,B,,Creature,Nightmare Horse,*,*,"Flying
Nightmare’s power and toughness are each equal to the number of Swamps you control.",The thunder of its hooves beats dreams into despair.,R,DPI,382111,148276,Vance Kovacs,False,300,DATA_000,D15_INNISTRAD_REWARDS,D15_LESSON_3_AI; E15_SWAMP_WITCH,
NIGHTSOIL_KAMI_382181,Nightsoil Kami,{4}{G}{G},6,G,,Creature,Spirit,6,4,Soulshift 5,,C,DPI,382181,86185,Jim Nelson,False,300,DATA_010,,E15_SPIRITCRAFTER,
NIMBUS_SWIMMER_374515,Nimbus Swimmer,{X}{G}{U},2,UG,,Creature,Leviathan,0,0,"Flying
Nimbus Swimmer enters the battlefield with X +1/+1 counters on it.",The Simic soon discovered that the sky offered as few constraints on size as the sea.,U,DPI,374515,146426,Howard Lyon,False,900,DATA_000,,D15_RAVNICA_SIMIC_STRANGENESS,
NIMBUS_WINGS_374882,Nimbus Wings,{1}{W},2,W,,Enchantment,Aura,,,"Enchant creature
Enchanted creature gets +1/+2 and has flying.","Explorers may find ways into the Sky Ruin, but they find its secrets well protected by shifting hedrons and Roil winds.",C,DPI,374882,123589,Chris Rahn,False,150,DATA_000,D15_ZENDIKAR_PLAYER_POOL,D15_WR_ARCHETYPE_MP,
NISSAS_CHOSEN_374325,Nissa’s Chosen,{G}{G},2,G,,Creature,Elf Warrior,2,3,"If Nissa’s Chosen would die, put it on the bottom of its owner’s library instead.","“Nissa will save the elves, but only the ones who have proved their worth.”",C,DPI,374325,123629,Jaime Jones,False,,DATA_000,,D15_ZENDIKAR_NISSAS_DEFIANCE,
NISSAS_EXPEDITION_382232,Nissa’s Expedition,{4}{G},5,G,,Sorcery,,,,"Convoke
Search your library for up to two basic land cards, put them onto the battlefield tapped, then shuffle your library.",,U,DPI,382232,155290,Dan Scott,False,300,DATA_000,,,
NOMAD_OUTPOST_388081,Nomad Outpost,,0,,,Land,,,,"Nomad Outpost enters the battlefield tapped.
{T}: Add {R}, {W}, or {B} to your mana pool.","“Only the weak imprison themselves behind walls. We live free under the wind, and our freedom makes us strong.”
—Zurgo, khan of the Mardu",U,DPI,388081,156586,Noah Bradley,False,,DATA_040,F15_BOOSTER_LANDS,,
NULLIFY_381968,Nullify,{U}{U},2,U,,Instant,,,,Counter target creature or Aura spell.,"“Those who incur Thassa’s anger will be swallowed whole by her waves, or torn asunder by her bident.”
—Thrasios, triton hero",C,DPI,381968,152026,Adam Paquette,False,900,DATA_000,D15_THEROS_PLAYER_POOL,D15_UB_ARCHETYPE_MP,
NYLEAS_DISCIPLE_377047,Nylea’s Disciple,{2}{G}{G},4,G,,Creature,Centaur Archer,3,3,"When Nylea’s Disciple enters the battlefield, you gain life equal to your devotion to green.",,C,DPI,377047,149070,Trevor Claxton,False,300,DATA_000,D15_THEROS_PLAYER_POOL,,
OBELISK_OF_ALARA_382004,Obelisk of Alara,{6},6,,,Artifact,,,,"{1}{W}, {T}: You gain 5 life.
{1}{U}, {T}: Draw a card, then discard a card.
{1}{B}, {T}: Target creature gets -2/-2 until end of turn.
{1}{R}, {T}: Obelisk of Alara deals 3 damage to target player.
{1}{G}, {T}: Target creature gets +4/+4 until end of turn.",,R,DPI,382004,118743,Jeremy Jarvis,False,1650,DATA_010,E15_PLAYER_POOL,,
OBELISK_OF_BANT_381898,Obelisk of Bant,{3},3,,,Artifact,,,,"{T}: Add {G}, {W}, or {U} to your mana pool.","Whether incorporated into the structure of castles or admired as lone symbols, the obelisks stand for Bant’s values of loyalty, honor, and truth.",C,DPI,381898,115135,David Palumbo,False,,DATA_010,,E15_BANT_EXPLORE,
OBELISK_OF_GRIXIS_381900,Obelisk of Grixis,{3},3,,,Artifact,,,,"{T}: Add {U}, {B}, or {R} to your mana pool.","Like most features of Grixis, the obelisks that remain from the time of Alara now exist only for dark exploitation.",C,DPI,381900,114991,Nils Hamm,False,,DATA_010,,E15_GRIXIS_EXPLORE,
OBELISK_OF_JUND_381901,Obelisk of Jund,{3},3,,,Artifact,,,,"{T}: Add {B}, {R}, or {G} to your mana pool.","Volcanic ash-winds batter it, climbing vines overwhelm it, dragonfire roasts it, and yet it still stands as a testament to a forgotten world.",C,DPI,381901,114996,Brandon Kitkouski,False,,DATA_010,,E15_JUND_EXPLORE,
OBELISK_OF_NAYA_381902,Obelisk of Naya,{3},3,,,Artifact,,,,"{T}: Add {R}, {G}, or {W} to your mana pool.","Centuries have passed since the plane shattered, yet the obelisks of each shard faithfully serve their long-forgotten purpose.",C,DPI,381902,115112,Steve Prescott,False,,DATA_010,,E15_NAYA_EXPLORE,
OBLIVION_RING_382100,Oblivion Ring,{2}{W},3,W,,Enchantment,,,,"When Oblivion Ring enters the battlefield, exile another target nonland permanent.
When Oblivion Ring leaves the battlefield, return the exiled card to the battlefield under its owner’s control.",,U,DPI,382100,115005,Franz Vohwinkel,False,1200,DATA_010,,E15_BANT_EXPLORE; E15_ESPER,
OBSTINATE_BALOTH_382071,Obstinate Baloth,{2}{G}{G},4,G,,Creature,Beast,4,4,"When Obstinate Baloth enters the battlefield, you gain 4 life.
If a spell or ability an opponent controls causes you to discard Obstinate Baloth, put it onto the battlefield instead of putting it into your graveyard.",,R,DPI,382071,129158,Chris Rahn,False,150,DATA_000,,D15_SHANDALAR_GARRUK_BOSS_BLACK,
OGRE_BATTLEDRIVER_378201,Ogre Battledriver,{2}{R}{R},4,R,,Creature,Ogre Warrior,3,3,"Whenever another creature enters the battlefield under your control, that creature gets +2/+0 and gains haste until end of turn.","Ogres are driven by passion, rage, and another ogre standing behind them with a whip.",R,DPI,378201,101055,Greg Staples,False,450,DATA_000,D15_SHANDALAR_PLAYER_POOL,,
OGRE_JAILBREAKER_382170,Ogre Jailbreaker,{3}{B},4,B,,Creature,Ogre Rogue,4,4,"Defender
Ogre Jailbreaker can attack as though it didn’t have defender as long as you control a Gate.","It took three years for it to occur to him to use the chain as a weapon, but once it did, he made up for lost time.",C,DPI,382170,145858,Karl Kopinski,False,,DATA_000,D15_RAVNICA_PLAYER_POOL,,
ONDU_CLERIC_374432,Ondu Cleric,{1}{W},2,W,,Creature,Kor Cleric Ally,1,1,"Whenever Ondu Cleric or another Ally enters the battlefield under your control, you may gain life equal to the number of Allies you control.",A cleric’s true balm is the confidence he inspires in his compatriots.,C,DPI,374432,123556,Jim Murray,False,150,DATA_000,,,
ONYX_MAGE_382086,Onyx Mage,{1}{B},2,B,,Creature,Human Wizard,2,1,{1}{B}: Target creature you control gains deathtouch until end of turn.,"“We wield death and darkness, powers that make lesser mages tremble in fear.”
—Onyx creed",U,DPI,382086,134069,Izzy,False,150,DATA_000,,D15_SHANDALAR_ASSASSINS_BLADE,
OPAL_LAKE_GATEKEEPERS_374533,Opal Lake Gatekeepers,{3}{U},4,U,,Creature,Vedalken Soldier,2,4,"When Opal Lake Gatekeepers enters the battlefield, if you control two or more Gates, you may draw a card.","Sentries guard Ravnica’s landmarks and outlying districts, unaware of these places’ import to the maze.",C,DPI,374533,147786,Seb McKinnon,False,300,DATA_000,,D15_RAVNICA_SEARCH_THE_CITY; D15_RAVNICA_SEARCH_THE_CITY_PW,
OPULENT_PALACE_388082,Opulent Palace,,0,,,Land,,,,"Opulent Palace enters the battlefield tapped.
{T}: Add {B}, {G}, or {U} to your mana pool.",The dense jungle surrenders to a lush and lavish expanse. At its center uncoil the spires of Qarsi Palace.,U,DPI,388082,156585,Adam Paquette,False,,DATA_040,F15_BOOSTER_LANDS,,
ORACLE_OF_MUL_DAYA_380314,Oracle of Mul Daya,{3}{G},4,G,,Creature,Elf Shaman,2,2,"You may play an additional land on each of your turns.
Play with the top card of your library revealed.
You may play the top card of your library if it’s a land card.",,R,DPI,380314,123639,Vance Kovacs,False,750,DATA_000,,,
ORANRIEF_SURVIVALIST_374433,Oran-Rief Survivalist,{1}{G},2,G,,Creature,Human Warrior Ally,1,1,"Whenever Oran-Rief Survivalist or another Ally enters the battlefield under your control, you may put a +1/+1 counter on Oran-Rief Survivalist.",“I’m strong enough to survive alone. I’m smart enough to want companions at my side.”,C,DPI,374433,123580,Kev Walker,False,300,DATA_000,,D15_ZENDIKAR_STRENGTH_IN_NUMBERS,
ORCHARD_SPIRIT_382050,Orchard Spirit,{2}{G},3,G,,Creature,Spirit,2,2,Orchard Spirit can’t be blocked except by creatures with flying or reach.,"“Pick not the rotten fruit, but neither touch the best. Leave those as an offering for our unseen guests.”
—Radwick, farmer of Gatstaf",C,DPI,382050,138389,Howard Lyon,False,300,DATA_010,,,
ORDEAL_OF_HELIOD_374761,Ordeal of Heliod,{1}{W},2,W,,Enchantment,Aura,,,"Enchant creature
Whenever enchanted creature attacks, put a +1/+1 counter on it. Then if it has three or more +1/+1 counters on it, sacrifice Ordeal of Heliod.
When you sacrifice Ordeal of Heliod, you gain 10 life.",,U,DPI,374761,149082,Lucas Graciano,False,300,DATA_000,D15_THEROS_PLAYER_POOL,D15_WR_ARCHETYPE_MP,
ORDRUUN_VETERAN_377445,Ordruun Veteran,{2}{R}{W},4,WR,,Creature,Minotaur Soldier,3,1,"Battalion — Whenever Ordruun Veteran and at least two other creatures attack, Ordruun Veteran gains double strike until end of turn.","“My father was Gruul, but I chose the precision of the legion over the fury of the pack.”",U,DPI,377445,146385,Greg Staples,False,300,DATA_000,,D15_RAVNICA_BOROS_FIST,
ORESKOS_SUN_GUIDE_378463,Oreskos Sun Guide,{1}{W},2,W,,Creature,Cat Monk,2,2,"Inspired — Whenever Oreskos Sun Guide becomes untapped, you gain 2 life.",“Let the humans have their pantheon. We need no gods to thrive. Even a mortal such as I can capture a part of the sun’s power.”,C,DPI,378463,152014,Mathias Kollros,False,150,DATA_000,,,
ORESKOS_SWIFTCLAW_382219,Oreskos Swiftclaw,{1}{W},2,W,,Creature,Cat Warrior,3,1,,"After the Battle of Pharagax Bridge, the Champion spent many months among the leonin of Oreskos. She found that they were quick to take offense, not because they were thin-skinned, but because they were always eager for a fight.
—The Theriad",C,DPI,382219,153083,James Ryman,False,,DATA_000,,D15_THEROS_WHATS_IN_THE_BOX,
ORZHOV_GUILDGATE_374968,Orzhov Guildgate,,0,,,Land,Gate,,,"Orzhov Guildgate enters the battlefield tapped.
{T}: Add {W} or {B} to your mana pool.","Enter to find wealth, security, and eternal life . . . for just a small price up front.",C,DPI,374968,146330,John Avon,False,,DATA_000,D15_RAVNICA_SUPPLEMENTAL_LAND_POOL,D15_RAVNICA_ORZHOVS_DEMAND; D15_RAVNICA_SEARCH_THE_CITY; D15_RAVNICA_SEARCH_THE_CITY_PW; D15_WB_ARCHETYPE_MP,
OSTRACIZE_374925,Ostracize,{B},1,B,,Sorcery,,,,Target opponent reveals his or her hand. You choose a creature card from it. That player discards that card.,“You won’t be needing this.”,C,DPI,374925,27571,Hannibal King,False,600,DATA_000,,D15_INNISTRAD_LILIANAS_WELCOME,
OUST_377483,Oust,{W},1,W,,Sorcery,,,,Put target creature into its owner’s library second from the top. Its controller gains 3 life.,"“‘Invincible’ is just a word.”
—Gideon Jura",U,DPI,377483,127425,Mike Bierek,False,750,DATA_000,,D15_ZENDIKAR_ALL_OUT_SPRINT,
OVERRUN_374327,Overrun,{2}{G}{G}{G},5,G,,Sorcery,,,,Creatures you control get +3/+3 and gain trample until end of turn.,Nature doesn’t walk.,U,DPI,374327,33280,Carl Critchlow,False,1500,DATA_000,,D15_SHANDALAR_BEAST_AMBUSH,
OVERWHELM_378350,Overwhelm,{5}{G}{G},7,G,,Sorcery,,,,"Convoke
Creatures you control get +3/+3 until end of turn.","The Conclave acts with a single will, expressed by countless warriors.",U,DPI,378350,89085,Wayne Reynolds,False,1200,DATA_000,,D15_ZENDIKAR_NISSAS_DEFIANCE,
PACIFISM_380881,Pacifism,{1}{W},2,W,,Enchantment,Aura,,,"Enchant creature
Enchanted creature can’t attack or block.","For the first time in his life, Grakk felt a little warm and fuzzy inside.",C,DPI,380881,1988,Robert Bliss,False,1200,DATA_000,,D15_LESSON_3_PLAYER,
PALACE_GUARD_380226,Palace Guard,{2}{W},3,W,,Creature,Human Soldier,1,4,Palace Guard can block any number of creatures.,“I’m not nearly as bothered by being outnumbered as I am by their foul stench.”,C,DPI,380226,121617,Volkan Baga,False,600,DATA_000,,D15_SHANDALAR_STORM_THE_CASTLE,
PALISADE_GIANT_382171,Palisade Giant,{4}{W}{W},6,W,,Creature,Giant Soldier,2,7,All damage that would be dealt to you or another permanent you control is dealt to Palisade Giant instead.,"Refusing guild allegiances, she fights for those who can’t protect themselves.",R,DPI,382171,145937,Greg Staples,False,1050,DATA_000,D15_RAVNICA_PLAYER_POOL,D15_UW_ARCHETYPE_MP,
PARAGON_OF_ETERNAL_WILDS_378481,Paragon of Eternal Wilds,{3}{G},4,G,,Creature,Human Druid,2,2,"Other green creatures you control get +1/+1.
{G}, {T}: Another target green creature you control gains trample until end of turn.",,U,DPI,378481,155375,Winona Nelson,False,450,DATA_000,D15_DLC_POOL,,
PARAGON_OF_FIERCE_DEFIANCE_377031,Paragon of Fierce Defiance,{3}{R},4,R,,Creature,Human Warrior,2,2,"Other red creatures you control get +1/+1.
{R}, {T}: Another target red creature you control gains haste until end of turn.",,U,DPI,377031,155208,Slawomir Maniak,False,450,DATA_000,D15_DLC_POOL,,
PARAGON_OF_GATHERING_MISTS_374713,Paragon of Gathering Mists,{3}{U},4,U,,Creature,Human Wizard,2,2,"Other blue creatures you control get +1/+1.
{U}, {T}: Another target blue creature you control gains flying until end of turn.",,U,DPI,374713,155263,Michael C. Hayes,False,450,DATA_000,D15_DLC_POOL,,
PARAGON_OF_NEW_DAWNS_375023,Paragon of New Dawns,{3}{W},4,W,,Creature,Human Soldier,2,2,"Other white creatures you control get +1/+1.
{W}, {T}: Another target white creature you control gains vigilance until end of turn.",,U,DPI,375023,155219,John Stanko,False,450,DATA_000,D15_DLC_POOL,,
PARAGON_OF_OPEN_GRAVES_374700,Paragon of Open Graves,{3}{B},4,B,,Creature,Skeleton Warrior,2,2,"Other black creatures you control get +1/+1.
{2}{B}, {T}: Another target black creature you control gains deathtouch until end of turn.",,U,DPI,374700,155271,Min Yum,False,450,DATA_000,D15_DLC_POOL,,
PEEL_FROM_REALITY_388093,Peel from Reality,{1}{U},2,U,,Instant,,,,Return target creature you control and target creature you don’t control to their owners’ hands.,"“Soulless demon, you are bound to me. Now we will both dwell in oblivion.”",C,DPI,388093,141682,Jason Felix,False,300,DATA_031,F15_BOOSTER_BLUE,,
PELAKKA_WURM_380270,Pelakka Wurm,{4}{G}{G}{G},7,G,,Creature,Wurm,7,7,"Trample
When Pelakka Wurm enters the battlefield, you gain 7 life.
When Pelakka Wurm dies, draw a card.",It eats what it wants to eat—which is anything that moves.,U,DPI,380270,127389,Daniel Ljunggren,False,300,DATA_000,D15_ZENDIKAR_PLAYER_POOL,D15_BG_ARCHETYPE_MP; D15_RG_ARCHETYPE_MP; D15_UG_ARCHETYPE_MP,
PENSIVE_MINOTAUR_380395,Pensive Minotaur,{2}{R},3,R,,Creature,Minotaur Warrior,2,3,,"The Champion and her companions marched through the night, but the battle was over before they arrived. In the middle of the carnage sat a solitary minotaur, lost in what seemed to the Champion to be thought.
—The Theriad",C,DPI,380395,152851,Svetlin Velinov,False,,DATA_000,,D15_THEROS_MINOTAURS_STAMPEDE; D15_THEROS_WHATS_IN_THE_BOX,
PEREGRINATION_380305,Peregrination,{3}{G},4,G,,Sorcery,,,,"Search your library for up to two basic land cards, reveal those cards, and put one onto the battlefield tapped and the other into your hand. Shuffle your library, then scry 1.",,U,DPI,380305,152596,Jonas De Ro,False,300,DATA_000,,,
PESTERMITE_380257,Pestermite,{2}{U},3,U,,Creature,Faerie Rogue,2,1,"Flash
Flying
When Pestermite enters the battlefield, you may tap or untap target permanent.",The fae know when they’re not wanted. That’s precisely why they show up.,C,DPI,380257,105348,Christopher Moeller,False,150,DATA_000,D15_DLC_POOL,,
PHANTASMAL_BEAR_374329,Phantasmal Bear,{U},1,U,,Creature,Bear Illusion,2,2,"When Phantasmal Bear becomes the target of a spell or ability, sacrifice it.","“You know it to be false, but when its claws find you, what you know won’t matter much at all.”
—Pol Jamaar, illusionist",C,DPI,374329,134142,Ryan Yee,False,-150,DATA_000,,D15_RAVNICA_JACES_TEST,
PHANTASMAL_DRAGON_374330,Phantasmal Dragon,{2}{U}{U},4,U,,Creature,Dragon Illusion,5,5,"Flying
When Phantasmal Dragon becomes the target of a spell or ability, sacrifice it.",Its hunger and ire are no less for being wrought of lies and mist.,U,DPI,374330,134067,Wayne Reynolds,False,-300,DATA_000,D15_DLC_POOL,,
PHANTOM_BEAST_374332,Phantom Beast,{3}{U},4,U,,Creature,Illusion Beast,4,5,"When Phantom Beast becomes the target of a spell or ability, sacrifice it.","As insubstantial as fear, and as dangerous.",C,DPI,374332,129107,Ryan Yee,False,-300,DATA_000,,,
PHANTOM_GENERAL_380923,Phantom General,{3}{W},4,W,,Creature,Spirit Soldier,2,3,Creature tokens you control get +1/+1.,"After his death, the general was reunited with fallen soldiers from over thirty of his campaigns.",U,DPI,380923,145168,Christopher Moeller,False,300,DATA_000,D15_RAVNICA_PLAYER_POOL,D15_GW_ARCHETYPE_MP,
PHANTOM_TIGER_382053,Phantom Tiger,{2}{G},3,G,,Creature,Cat Spirit,1,0,"Phantom Tiger enters the battlefield with two +1/+1 counters on it.
If damage would be dealt to Phantom Tiger, prevent that damage. Remove a +1/+1 counter from Phantom Tiger.",,C,DPI,382053,40267,Brian Snoddy,False,300,DATA_010,,E15_SPIRITCRAFTER,
PHARIKAS_CHOSEN_384122,Pharika’s Chosen,{B},1,B,,Creature,Snake,1,1,Deathtouch,"The serpents’ dens built into statues of Pharika serve not only to consecrate her temples, but as a hidden line of defense.",C,DPI,384122,152857,Jonas De Ro,False,,DATA_000,D15_DLC_POOL,,
PHERESBAND_CENTAURS_377493,Pheres-Band Centaurs,{4}{G},5,G,,Creature,Centaur Warrior,3,7,,"“Poets speak of your unrivaled speed,” the Champion said to the assembled centaurs, “but it is plain to see that your true strength lies in your unwavering loyalty to one another.”
—The Theriad",C,DPI,377493,150841,Mark Winters,False,,DATA_000,,D15_LESSON_1_PLAYER,
PHERESBAND_RAIDERS_377518,Pheres-Band Raiders,{5}{G},6,G,,Creature,Centaur Warrior,5,5,"Inspired — Whenever Pheres-Band Raiders becomes untapped, you may pay {2}{G}. If you do, put a 3/3 green Centaur enchantment creature token onto the battlefield.",“Who can deny the call to battle when it sings in our blood?”,U,DPI,377518,152081,Ryan Barger,False,600,DATA_000,,D15_THEROS_CENTAUR_FURY,
PHERESBAND_THUNDERHOOF_382220,Pheres-Band Thunderhoof,{4}{G},5,G,,Creature,Centaur Warrior,3,4,"Heroic — Whenever you cast a spell that targets Pheres-Band Thunderhoof, put two +1/+1 counters on Pheres-Band Thunderhoof.",“Flesh and bone or star and shadow. It makes no difference to my club.”,C,DPI,382220,152876,Christopher Moeller,False,300,DATA_000,,D15_THEROS_CENTAUR_FURY,
PHERESBAND_TROMPER_377513,Pheres-Band Tromper,{3}{G},4,G,,Creature,Centaur Warrior,3,3,"Inspired — Whenever Pheres-Band Tromper becomes untapped, put a +1/+1 counter on it.",Trompers are the most feared warriors of the Pheres Band. Anger is their lifeblood. It sustains them and gives them purpose.,C,DPI,377513,152054,Volkan Baga,False,600,DATA_000,,D15_THEROS_CENTAUR_FURY,
PHERESBAND_WARCHIEF_377525,Pheres-Band Warchief,{3}{G},4,G,,Creature,Centaur Warrior,3,3,"Vigilance, trample
Other Centaur creatures you control get +1/+1 and have vigilance and trample.",The renowned warchiefs of Pheres Band fight with the might of minotaurs and the sagacity of sphinxes.,R,DPI,377525,153005,James Ryman,False,450,DATA_000,,D15_THEROS_CENTAUR_FURY,
PHYREXIAN_RAGER_380253,Phyrexian Rager,{2}{B},3,B,,Creature,Horror,2,2,"When Phyrexian Rager enters the battlefield, you draw a card and you lose 1 life.","“I believe many worlds will bow to Phyrexia. Mirrodin is merely the first.”
—Sheoldred, Whispering One",C,DPI,380253,133190,Stephan Martiniere,False,450,DATA_000,D15_DLC_POOL,,
PHYTOTITAN_374681,Phytotitan,{4}{G}{G},6,G,,Creature,Plant Elemental,7,2,"When Phytotitan dies, return it to the battlefield tapped under its owner’s control at the beginning of his or her next upkeep.","Its root system spans the entire floor of the jungle, making eradication impossible.",R,DPI,374681,155194,Marco Nelor,False,1050,DATA_000,D15_SHANDALAR_PLAYER_POOL,D15_BG_ARCHETYPE_MP; D15_ZENDIKAR_TANGLED_GROWTH; D15_ZENDIKAR_TANGLED_GROWTH_PW,D15_BG_STARTER_BOOSTER_0; D15_RG_STARTER_BOOSTER_0
PILGRIMS_EYE_374333,Pilgrim’s Eye,{3},3,,,Artifact Creature,Thopter,1,1,"Flying
When Pilgrim’s Eye enters the battlefield, you may search your library for a basic land card, reveal it, put it into your hand, then shuffle your library.",The kor send their thopter kites to see if the land is in a welcoming mood.,C,DPI,374333,126600,Dan Scott,False,300,DATA_000,,D15_RAVNICA_CHANDRAS_FURY; E15_MIND_ADDLER,
PITCHBURN_DEVILS_378312,Pitchburn Devils,{4}{R},5,R,,Creature,Devil,3,3,"When Pitchburn Devils dies, it deals 3 damage to target creature or player.","The ingenuity of goblins, the depravity of demons, and the smarts of sheep.",C,DPI,378312,138218,Johann Bodin,False,900,DATA_000,D15_INNISTRAD_PLAYER_POOL,,D15_UW_STARTER_BOOSTER_1
PLAINS_357846,Plains,,0,,Basic,Land,Plains,,,,,L,DPI,357846,115087,Zoltan Boros & Gabor Szikszai,False,,DATA_000,,D15_LESSON_3_PLAYER,
PLAINS_357847,Plains,,0,,Basic,Land,Plains,,,,,L,DPI,357847,138458,Jung Park,False,,DATA_000,,D15_INNISTRAD_FLIGHTS_OF_FEAR; D15_INNISTRAD_LAND_POOL,
PLAINS_357852,Plains,,0,,Basic,Land,Plains,,,,,L,DPI,357852,138455,Adam Paquette,False,,DATA_000,,D15_INNISTRAD_FLIGHTS_OF_FEAR; D15_INNISTRAD_LAND_POOL,
PLAINS_357924,Plains,,0,,Basic,Land,Plains,,,,,L,DPI,357924,123763,John Avon,False,,DATA_000,,D15_ZENDIKAR_LAND_POOL,
PLAINS_357925,Plains,,0,,Basic,Land,Plains,,,,,L,DPI,357925,123760,Jung Park,False,,DATA_000,,D15_ZENDIKAR_LAND_POOL,
PLAINS_357926,Plains,,0,,Basic,Land,Plains,,,,,L,DPI,357926,80962,Greg Staples,False,,DATA_000,,D15_LESSON_3_PLAYER; D15_LESSON_5_AI,
PLAINS_357927,Plains,,0,,Basic,Land,Plains,,,,,L,DPI,357927,80958,Greg Staples,False,,DATA_000,,D15_LESSON_3_PLAYER; D15_LESSON_5_AI,
PLAINS_357928,Plains,,0,,Basic,Land,Plains,,,,,L,DPI,357928,80949,Greg Staples,False,,DATA_000,,D15_LESSON_3_PLAYER; D15_LESSON_5_AI,
PLAINS_357930,Plains,,0,,Basic,Land,Plains,,,,,L,DPI,357930,138456,Eytan Zana,False,,DATA_000,,D15_INNISTRAD_FLIGHTS_OF_FEAR; D15_INNISTRAD_LAND_POOL,
PLAINS_357931,Plains,,0,,Basic,Land,Plains,,,,,L,DPI,357931,80946,Greg Staples,False,,DATA_000,,D15_LESSON_3_PLAYER; D15_LESSON_5_AI,
PLAINS_357932,Plains,,0,,Basic,Land,Plains,,,,,L,DPI,357932,123770,Véronique Meignaud,False,,DATA_000,,D15_ZENDIKAR_LAND_POOL,
PLAINS_357933,Plains,,0,,Basic,Land,Plains,,,,,L,DPI,357933,123755,Vincent Proce,False,,DATA_000,,D15_ZENDIKAR_LAND_POOL,
PLAINS_373746,Plains,,0,,Basic,Land,Plains,,,,,L,DPI,373746,131175,James Paick,False,,DATA_000,,,
PLAINS_380424,Plains,,0,,Basic,Land,Plains,,,,,L,DPI,380424,153336,John Avon,False,,DATA_000,,D15_SHANDALAR_LAND_POOL; D15_SHANDALAR_SLIVERS; DEFAULT_LAND_POOL,
PLAINS_380425,Plains,,0,,Basic,Land,Plains,,,,,L,DPI,380425,138765,Andreas Rocha,False,,DATA_000,,D15_SHANDALAR_LAND_POOL; DEFAULT_LAND_POOL,
PLAINS_380426,Plains,,0,,Basic,Land,Plains,,,,,L,DPI,380426,138668,Nils Hamm,False,,DATA_000,,D15_SHANDALAR_LAND_POOL; DEFAULT_LAND_POOL,
PLAINS_380427,Plains,,0,,Basic,Land,Plains,,,,,L,DPI,380427,137574,Howard Lyon,False,,DATA_000,,D15_SHANDALAR_LAND_POOL; DEFAULT_LAND_POOL,
PLAINS_380502,Plains,,0,,Basic,Land,Plains,,,,,L,DPI,380502,145242,Adam Paquette,False,,DATA_000,,D15_RAVNICA_LAND_POOL,
PLAINS_380503,Plains,,0,,Basic,Land,Plains,,,,,L,DPI,380503,145243,John Avon,False,,DATA_000,,D15_RAVNICA_LAND_POOL,
PLAINS_380504,Plains,,0,,Basic,Land,Plains,,,,,L,DPI,380504,145244,Yeong-Hao Han,False,,DATA_000,,D15_RAVNICA_LAND_POOL,
PLAINS_380505,Plains,,0,,Basic,Land,Plains,,,,,L,DPI,380505,145245,Richard Wright,False,,DATA_000,,D15_RAVNICA_LAND_POOL,
PLAINS_380506,Plains,,0,,Basic,Land,Plains,,,,,L,DPI,380506,89178,Richard Wright,False,,DATA_000,,D15_RAVNICA_LAND_POOL,
PLAINS_380531,Plains,,0,,Basic,Land,Plains,,,,,L,DPI,380531,149122,Raoul Vitale,False,,DATA_000,,D15_THEROS_LAND_POOL,
PLAINS_380532,Plains,,0,,Basic,Land,Plains,,,,,L,DPI,380532,149974,Adam Paquette,False,,DATA_000,,D15_THEROS_LAND_POOL,
PLAINS_380533,Plains,,0,,Basic,Land,Plains,,,,,L,DPI,380533,149975,Rob Alexander,False,,DATA_000,,D15_THEROS_LAND_POOL; D15_THEROS_WHATS_IN_THE_BOX,
PLAINS_380534,Plains,,0,,Basic,Land,Plains,,,,,L,DPI,380534,149125,Steven Belledin,False,,DATA_000,,D15_LESSON_3_PLAYER; D15_LESSON_5_AI; D15_SHANDALAR_SLIVERS; D15_SHANDALAR_SLIVERS_PW; D15_THEROS_LAND_POOL,
PLANAR_CLEANSING_380895,Planar Cleansing,{3}{W}{W}{W},6,W,,Sorcery,,,,Destroy all nonland permanents.,,R,DPI,380895,121714,Michael Komarck,False,1500,DATA_000,D15_ZENDIKAR_PLAYER_POOL,,
POLLUTED_DEAD_380159,Polluted Dead,{4}{B},5,B,,Creature,Zombie,3,3,"When Polluted Dead dies, destroy target land.","After the zombie attack, crops withered on the vine, and the thriving village became a ghost town almost overnight.",C,DPI,380159,141821,Jason A. Engle,False,450,DATA_000,,D15_INNISTRAD_LIVING_DEATH,
POLYMORPH_377461,Polymorph,{3}{U},4,U,,Sorcery,,,,"Destroy target creature. It can’t be regenerated. Its controller reveals cards from the top of his or her library until he or she reveals a creature card. The player puts that card onto the battlefield, then shuffles all other cards revealed this way into his or her library.",,R,DPI,377461,2002,Robert Bliss,False,450,DATA_000,,D15_SHANDALAR_SLIMY_HORROR,
POLYMORPHISTS_JEST_374699,Polymorphist’s Jest,{1}{U}{U},3,U,,Instant,,,,"Until end of turn, each creature target player controls loses all abilities and becomes a blue Frog with base power and toughness 1/1.","“The flies were bothering me.”
—Jalira, master polymorphist",R,DPI,374699,155222,Craig J Spearing,False,900,DATA_000,,D15_SHANDALAR_SLIMY_HORROR,
PORTENT_OF_BETRAYAL_377494,Portent of Betrayal,{3}{R},4,R,,Sorcery,,,,Gain control of target creature until end of turn. Untap that creature. It gains haste until end of turn. Scry 1.,,C,DPI,377494,150787,Daarken,False,900,DATA_000,D15_THEROS_PLAYER_POOL,,
PREDATORY_SLIVER_374336,Predatory Sliver,{1}{G},2,G,,Creature,Sliver,1,1,Sliver creatures you control get +1/+1.,"No matter how much the slivers change, their collective might remains.",C,DPI,374336,149953,Mathias Kollros,False,300,DATA_000,,D15_SHANDALAR_SLIVERS; D15_SHANDALAR_SLIVERS_PW,
PREY_UPON_374337,Prey Upon,{G},1,G,,Sorcery,,,,Target creature you control fights target creature you don’t control.,"“You don’t find many old werewolf hunters.”
—Paulin, trapper of Somberwald",C,DPI,374337,138133,Dave Kendall,False,900,DATA_000,D15_INNISTRAD_PLAYER_POOL,D15_BG_ARCHETYPE_MP; E15_PLAYER_GARRUK_NODE_1; E15_PLAYER_GARRUK_NODE_2,D15_RG_STARTER_BOOSTER_1
PRIDE_GUARDIAN_374806,Pride Guardian,{W},1,W,,Creature,Cat Monk,0,3,"Defender
Whenever Pride Guardian blocks, you gain 3 life.",“Any hotheaded cub can raise a sword in anger.”,C,DPI,374806,137410,Chris Rahn,False,150,DATA_000,,,
PRIMAL_BELLOW_374435,Primal Bellow,{G},1,G,,Instant,,,,Target creature gets +1/+1 until end of turn for each Forest you control.,"“A might spell can be handy against baloths, giants, kraken, the Roil—or if you lose your bearings in the woods.”
—Chadir the Navigator",U,DPI,374435,123749,Daren Bader,False,750,DATA_000,D15_ZENDIKAR_PLAYER_POOL,D15_ZENDIKAR_NISSAS_DEFIANCE,
PRIMAL_COCOON_374822,Primal Cocoon,{G},1,G,,Enchantment,Aura,,,"Enchant creature
At the beginning of your upkeep, put a +1/+1 counter on enchanted creature.
When enchanted creature attacks or blocks, sacrifice Primal Cocoon.",,C,DPI,374822,129088,Daniel Ljunggren,False,150,DATA_000,,,
PRIMAL_HUNTBEAST_380237,Primal Huntbeast,{3}{G},4,G,,Creature,Beast,3,3,Hexproof,"“To the unskilled, it appears as blurred patches of distorted light. Few have seen its true form.”
—Garruk Wildspeaker",C,DPI,380237,143857,Chris Rahn,False,,DATA_000,D15_SHANDALAR_PLAYER_POOL,D15_SHANDALAR_BEAST_AMBUSH; D15_TUTORIAL_BOSS_DECK,
PRIMORDIAL_HYDRA_374338,Primordial Hydra,{X}{G}{G},2,G,,Creature,Hydra,0,0,"Primordial Hydra enters the battlefield with X +1/+1 counters on it.
At the beginning of your upkeep, double the number of +1/+1 counters on Primordial Hydra.
Primordial Hydra has trample as long as it has ten or more +1/+1 counters on it.",,M,DPI,374338,134113,Aleksi Briclot,False,750,DATA_000,,,
PRIMORDIAL_HYDRA_TUT,Primordial Hydra,{X}{G}{G},2,G,,Creature,Hydra,0,0,"Primordial Hydra enters the battlefield with X +1/+1 counters on it.
At the beginning of your upkeep, double the number of +1/+1 counters on Primordial Hydra.
Primordial Hydra has trample as long as it has ten or more +1/+1 counters on it.",,M,DPI,25,134113,Aleksi Briclot,False,750,DATA_000,,D15_LESSON_4_AI,
PRODIGAL_PYROMANCER_384125,Prodigal Pyromancer,{2}{R},3,R,,Creature,Human Wizard,1,1,{T}: Prodigal Pyromancer deals 1 damage to target creature or player.,"“What am I looking at? Ashes, dead man.”",U,DPI,384125,100670,Jeremy Jarvis,False,450,DATA_000,,D15_LESSON_5_PLAYER,
PROTEAN_HYDRA_374340,Protean Hydra,{X}{G},1,G,,Creature,Hydra,0,0,"Protean Hydra enters the battlefield with X +1/+1 counters on it.
If damage would be dealt to Protean Hydra, prevent that damage and remove that many +1/+1 counters from it.
Whenever a +1/+1 counter is removed from Protean Hydra, put two +1/+1 counters on it at the beginning of the next end step.",,R,DPI,374340,122168,Jim Murray,False,750,DATA_000,,D15_THEROS_HYDRA_ATTACK,
PUNISHING_FIRE_380315,Punishing Fire,{1}{R},2,R,,Instant,,,,"Punishing Fire deals 2 damage to target creature or player.
Whenever an opponent gains life, you may pay {R}. If you do, return Punishing Fire from your graveyard to your hand.",,U,DPI,380315,135663,Greg Staples,False,300,DATA_000,,D15_SHANDALAR_BLAZING_WINGS,
PURGE_THE_PROFANE_380203,Purge the Profane,{2}{W}{B},4,WB,,Sorcery,,,,Target opponent discards two cards and you gain 2 life.,The Orzhov hear the plans of the other guilds through the guilty thoughts of the disloyal.,C,DPI,380203,146410,Michael C. Hayes,False,750,DATA_000,,D15_RAVNICA_ORZHOVS_DEMAND,
PUTREFY_382020,Putrefy,{1}{B}{G},3,BG,,Instant,,,,Destroy target artifact or creature. It can’t be regenerated.,"“We are all decaying, always in a state of near-death. One moment without breath and we begin to break down.”
—Cevraya, Golgari shaman",U,DPI,382020,146850,Igor Kieryluk,False,1200,DATA_000,,D15_SHANDALAR_GARRUK_BOSS_BLACK; E15_PLAYER_GARRUK_NODE_3; E15_PLAYER_GARRUK_NODE_4,
PUTRID_LEECH_377459,Putrid Leech,{B}{G},2,BG,,Creature,Zombie Leech,2,2,Pay 2 life: Putrid Leech gets +2/+2 until end of turn. Activate this ability only once each turn.,It reacted to Naya’s overabundant food supply by growing additional mouths.,C,DPI,377459,120997,Dave Allsop,False,300,DATA_000,,D15_SHANDALAR_GARRUK_BOSS_BLACK; E15_PLAYER_GARRUK_NODE_2; E15_PLAYER_GARRUK_NODE_3; E15_PLAYER_GARRUK_NODE_4,
PYROMANCERS_GAUNTLET_374725,Pyromancer’s Gauntlet,{5},5,,,Artifact,,,,"If a red instant or sorcery spell you control or a red planeswalker you control would deal damage to a permanent or player, it deals that much damage plus 2 to that permanent or player instead.",An inferno is just a gesture away.,R,DPI,374725,147484,Christine Choi,False,750,DATA_000,,,
PYXIS_OF_PANDEMONIUM_374770,Pyxis of Pandemonium,{1},1,,,Artifact,,,,"{T}: Each player exiles the top card of his or her library face down.
{7}, {T}, Sacrifice Pyxis of Pandemonium: Each player turns face up all cards he or she owns exiled with Pyxis of Pandemonium, then puts all permanent cards among them onto the battlefield.",,R,DPI,374770,150764,David Palumbo,False,600,DATA_000,D15_THEROS_REWARDS,,
PYXIS_OF_PANDEMONIUM_TWITB,Pyxis of Pandemonium,{1},1,,,Artifact,,,,"{T}: Each player exiles the top card of his or her library face down.
{7}, {T}, Sacrifice Pyxis of Pandemonium: Each player turns face up all cards he or she owns exiled with Pyxis of Pandemonium, then puts all permanent cards among them onto the battlefield.",,R,DPI,28,150764,David Palumbo,False,,DATA_000,,D15_THEROS_WHATS_IN_THE_BOX,
QASALI_PRIDEMAGE_381946,Qasali Pridemage,{G}{W},2,WG,,Creature,Cat Wizard,2,2,"Exalted
{1}, Sacrifice Qasali Pridemage: Destroy target artifact or enchantment.","An elder in one pride, of the Sigiled caste in another.",C,DPI,381946,120969,Chris Rahn,False,600,DATA_010,,E15_BANT_EXPLORE,
QUAG_SICKNESS_382398,Quag Sickness,{2}{B},3,B,,Enchantment,Aura,,,"Enchant creature
Enchanted creature gets -1/-1 for each Swamp you control.","The dread gases didn’t kill Farbid. But as he lay in the muck, miserable and helpless, watching ghouls and rats advance on him, he wished they had.",C,DPI,382398,129117,Martina Pilcerova,False,600,DATA_010,,,
QUEST_FOR_THE_GOBLIN_LORD_380905,Quest for the Goblin Lord,{R},1,R,,Enchantment,,,,"Whenever a Goblin enters the battlefield under your control, you may put a quest counter on Quest for the Goblin Lord.
As long as Quest for the Goblin Lord has five or more quest counters on it, creatures you control get +2/+0.",A shrine to unchecked desire.,U,DPI,380905,126531,Jesper Ejsing,False,,DATA_000,D15_ZENDIKAR_PLAYER_POOL,,
QUEST_FOR_THE_GRAVELORD_378346,Quest for the Gravelord,{B},1,B,,Enchantment,,,,"Whenever a creature dies, you may put a quest counter on Quest for the Gravelord.
Remove three quest counters from Quest for the Gravelord and sacrifice it: Put a 5/5 black Zombie Giant creature token onto the battlefield.",,U,DPI,378346,123604,Chris Rahn,False,300,DATA_000,D15_ZENDIKAR_PLAYER_POOL,D15_BR_ARCHETYPE_MP,
QUICKEN_382112,Quicken,{U},1,U,,Instant,,,,"The next sorcery card you cast this turn can be cast as though it had flash.
Draw a card.",A skilled Izzet chronarch can carry out an epic vendetta between the fall of one hourglass grain and the next.,R,DPI,382112,91653,Aleksi Briclot,False,600,DATA_000,D15_RAVNICA_PLAYER_POOL,D15_UR_ARCHETYPE_MP,
QUICKLING_377126,Quickling,{1}{U},2,U,,Creature,Faerie Rogue,2,2,"Flash
Flying
When Quickling enters the battlefield, sacrifice it unless you return another creature you control to its owner’s hand.",,U,DPI,377126,155336,Clint Cearley,False,-300,DATA_000,D15_SHANDALAR_PLAYER_POOL,D15_UG_ARCHETYPE_MP,
RADIANT_FOUNTAIN_378485,Radiant Fountain,,0,,,Land,,,,"When Radiant Fountain enters the battlefield, you gain 2 life.
{T}: Add {1} to your mana pool.","“All peoples treasure a place where the weary traveler may drink in peace.”
—Ajani Goldmane",C,DPI,378485,155387,Adam Paquette,False,150,DATA_000,D15_SHANDALAR_PLAYER_POOL,,
RAFIQ_OF_THE_MANY_381903,Rafiq of the Many,{1}{G}{W}{U},4,WUG,Legendary,Creature,Human Knight,3,3,"Exalted
Whenever a creature you control attacks alone, it gains double strike until end of turn.","Many sigils, one purpose.",M,DPI,381903,115029,Michael Komarck,False,900,DATA_010,E15_PLAYER_POOL,E15_BANT_EXPLORE,
RAGEBLOOD_SHAMAN_374904,Rageblood Shaman,{1}{R}{R},3,R,,Creature,Minotaur Shaman,2,3,"Trample
Other Minotaur creatures you control get +1/+1 and have trample.","“I see a spark of pure rage. Soon that spark will spread from the depths of Kragma. Soon its fire will engulf the polis.”
—Hira, street oracle",R,DPI,374904,149210,Mike Bierek,False,450,DATA_000,,,
RAID_BOMBARDMENT_378296,Raid Bombardment,{2}{R},3,R,,Enchantment,,,,"Whenever a creature you control with power 2 or less attacks, Raid Bombardment deals 1 damage to defending player.",Goblins in the first wave of a fire raid always bemoan the aim of everyone else.,C,DPI,378296,127359,Matt Cavotta,False,600,DATA_000,D15_ZENDIKAR_PLAYER_POOL,,
RAISE_THE_ALARM_374991,Raise the Alarm,{1}{W},2,W,,Instant,,,,Put two 1/1 white Soldier creature tokens onto the battlefield.,"Like blinking or breathing, responding to an alarm is an involuntary reflex.",C,DPI,374991,155870,Zoltan Boros,False,600,DATA_000,D15_SHANDALAR_PLAYER_POOL,D15_GW_ARCHETYPE_MP; D15_SHANDALAR_STORM_THE_CASTLE,
RAISED_BY_WOLVES_388072,Raised by Wolves,{3}{G}{G},5,G,,Enchantment,Aura,,,"Enchant creature
When Raised by Wolves enters the battlefield, put two 2/2 green Wolf creature tokens onto the battlefield.
Enchanted creature gets +1/+1 for each Wolf you control.",,U,DPI,388072,152079,Raymond Swanland,False,1500,DATA_022,F15_BOOSTER_GREEN,,
RAKDOS_GUILDGATE_374472,Rakdos Guildgate,,0,,,Land,Gate,,,"Rakdos Guildgate enters the battlefield tapped.
{T}: Add {B} or {R} to your mana pool.","Enter and indulge your darkest fantasies, for you may never pass this way again.",C,DPI,374472,145164,Eytan Zana,False,,DATA_000,D15_RAVNICA_SUPPLEMENTAL_LAND_POOL,D15_BR_ARCHETYPE_MP; D15_RAVNICA_RAKDOS_RIOT; D15_RAVNICA_SEARCH_THE_CITY; D15_RAVNICA_SEARCH_THE_CITY_PW,
RAKDOS_PIT_DRAGON_374892,Rakdos Pit Dragon,{2}{R}{R},4,R,,Creature,Dragon,3,3,"{R}{R}: Rakdos Pit Dragon gains flying until end of turn.
{R}: Rakdos Pit Dragon gets +1/+0 until end of turn.
Hellbent — Rakdos Pit Dragon has double strike as long as you have no cards in hand.",,R,DPI,374892,94660,Kev Walker,False,300,DATA_000,,,
RAKDOS_RINGLEADER_374473,Rakdos Ringleader,{4}{B}{R},6,BR,,Creature,Skeleton Warrior,3,1,"First strike
Whenever Rakdos Ringleader deals combat damage to a player, that player discards a card at random.
{B}: Regenerate Rakdos Ringleader.",,U,DPI,374473,145226,Jason Felix,False,600,DATA_000,,,
RAKDOS_SHREDFREAK_374343,Rakdos Shred-Freak,{B/R}{B/R},2,BR,,Creature,Human Berserker,2,1,Haste,"“If there were such a thing as a soul, I think it would be behind the gallbladder but above the kidneys.”",C,DPI,374343,145153,Wayne Reynolds,False,,DATA_000,,D15_RAVNICA_RAKDOS_RIOT,
RAKISH_HEIR_374570,Rakish Heir,{2}{R},3,R,,Creature,Vampire,2,2,"Whenever a Vampire you control deals combat damage to a player, put a +1/+1 counter on it.","“If you’re not having fun, what’s the point of living forever?”",U,DPI,374570,138376,Winona Nelson,False,150,DATA_000,D15_INNISTRAD_PLAYER_POOL,D15_INNISTRAD_FEAST_OF_FLESH,D15_BR_STARTER_BOOSTER_2; D15_RG_STARTER_BOOSTER_2; D15_UR_STARTER_BOOSTER_2; D15_WR_STARTER_BOOSTER_2
RAMPAGING_BALOTHS_382207,Rampaging Baloths,{4}{G}{G},6,G,,Creature,Beast,6,6,"Trample
Landfall — Whenever a land enters the battlefield under your control, you may put a 4/4 green Beast creature token onto the battlefield.","“When the land is angry, so are they.”
—Nissa Revane",M,DPI,382207,123726,Steve Prescott,False,750,DATA_000,,,
RAMPANT_GROWTH_382087,Rampant Growth,{1}{G},2,G,,Sorcery,,,,Search your library for a basic land card and put that card onto the battlefield tapped. Then shuffle your library.,Nature grows solutions to its problems.,C,DPI,382087,101061,Steven Belledin,False,300,DATA_000,,D15_SHANDALAR_GARRUK_BOSS_BLACK; E15_NAYA_EXPLORE; E15_PLAYER_GARRUK_NODE_1; E15_PLAYER_GARRUK_NODE_2; E15_PLAYER_GARRUK_NODE_3; E15_PLAYER_GARRUK_NODE_4,
RAY_OF_COMMAND_377407,Ray of Command,{3}{U},4,U,,Instant,,,,"Untap target creature an opponent controls and gain control of it until end of turn. That creature gains haste until end of turn. When you lose control of the creature, tap it.",“Heel.”,C,DPI,377407,2018,Andrew Robinson,False,1050,DATA_000,,,
REANIMATE_374345,Reanimate,{B},1,B,,Sorcery,,,,Put target creature card from a graveyard onto the battlefield under your control. You lose life equal to its converted mana cost.,"“You will learn to earn death.”
—Volrath",U,DPI,374345,3221,Robert Bliss,False,1200,DATA_000,,,
REAPER_FROM_THE_ABYSS_374346,Reaper from the Abyss,{3}{B}{B}{B},6,B,,Creature,Demon,6,6,"Flying
Morbid — At the beginning of each end step, if a creature died this turn, destroy target non-Demon creature.",“Avacyn has deserted you. I welcome your devotion in her stead.”,M,DPI,374346,138332,Matt Stewart,False,600,DATA_000,,D15_INNISTRAD_LILIANAS_WELCOME,
REBUKE_374571,Rebuke,{2}{W},3,W,,Instant,,,,Destroy target attacking creature.,"“No one chooses to be stitched together into a skaab. If it could speak, it would beg for its own destruction.”
—Thalia, Knight-Cathar",C,DPI,374571,138507,Igor Kieryluk,False,1200,DATA_000,,D15_INNISTRAD_AVACYN,
RECKLESS_BRUTE_382101,Reckless Brute,{2}{R},3,R,,Creature,Ogre Warrior,3,1,"Haste
Reckless Brute attacks each turn if able.","His mind knows no fear, registering only the burning impulse to destroy.",C,DPI,382101,143851,Johann Bodin,False,-300,DATA_000,,D15_SHANDALAR_ONNAKKE_GUARDIANS,
RECLAMATION_SAGE_382229,Reclamation Sage,{2}{G},3,G,,Creature,Elf Shaman,2,1,"When Reclamation Sage enters the battlefield, you may destroy target artifact or enchantment.","“What was once formed by masons, shaped by smiths, or given life by mages, I will return to the embrace of the earth.”",U,DPI,382229,155303,Christopher Moeller,False,600,DATA_000,D15_SHANDALAR_PLAYER_POOL,D15_UG_ARCHETYPE_MP,
RECUMBENT_BLISS_375002,Recumbent Bliss,{2}{W},3,W,,Enchantment,Aura,,,"Enchant creature
Enchanted creature can’t attack or block.
At the beginning of your upkeep, you may gain 1 life.",Kithkin somnomancers enjoy the peaceful dreams wafting from their victims.,C,DPI,375002,113682,Todd Lockwood,False,1200,DATA_000,,D15_THEROS_AJANI,
REGATHAN_FIRECAT_374347,Regathan Firecat,{2}{R},3,R,,Creature,Elemental Cat,4,1,,"It stalks the Regathan highlands, leaving behind melted snow, scorched earth, and the charred corpses of would-be temple robbers.",C,DPI,374347,147425,Eric Velhagen,False,,DATA_000,D15_SHANDALAR_PLAYER_POOL,D15_TUTORIAL_BOSS_DECK,
RENEGADE_DEMON_374619,Renegade Demon,{3}{B}{B},5,B,,Creature,Demon,5,3,,"“Have you ever cornered a wounded vampire? That’s a walk in the cathedral garden in comparison.”
—Tristen, Cathar Marshal",C,DPI,374619,141505,Tomasz Jedruszek,False,,DATA_000,,,
REPEL_THE_DARKNESS_374853,Repel the Darkness,{2}{W},3,W,,Instant,,,,"Tap up to two target creatures.
Draw a card.",A boon to those who cannot see in the dark. A bane to those who live in it.,C,DPI,374853,127432,Scott Chou,False,600,DATA_000,,D15_ZENDIKAR_STRENGTH_IN_NUMBERS,
REPRISAL_380190,Reprisal,{1}{W},2,W,,Instant,,,,Destroy target creature with power 4 or greater. It can’t be regenerated.,"“A tiny flame is enough to dispel the night.”
—Elspeth",U,DPI,380190,153078,Raymond Swanland,False,1200,DATA_000,D15_THEROS_PLAYER_POOL,,
RESCUE_FROM_THE_UNDERWORLD_380299,Rescue from the Underworld,{4}{B},5,B,,Instant,,,,"As an additional cost to cast Rescue from the Underworld, sacrifice a creature.
Choose target creature card in your graveyard. Return that card and the sacrificed card to the battlefield under your control at the beginning of your next upkeep. Exile Rescue from the Underworld.",,U,DPI,380299,149209,Raymond Swanland,False,1200,DATA_000,D15_THEROS_PLAYER_POOL,D15_BG_ARCHETYPE_MP,
RESOLUTE_ARCHANGEL_378475,Resolute Archangel,{5}{W}{W},7,W,,Creature,Angel,4,4,"Flying
When Resolute Archangel enters the battlefield, if your life total is less than your starting life total, it becomes equal to your starting life total.","Cut it down, bury it in snow, put it to the torch. The rose will still bloom again.",R,DPI,378475,155348,Anthony Palumbo,False,600,DATA_000,D15_INNISTRAD_PLAYER_POOL,,D15_GW_STARTER_BOOSTER_0; D15_WB_STARTER_BOOSTER_0
RESOUNDING_SILENCE_381907,Resounding Silence,{3}{W},4,W,,Instant,,,,"Exile target attacking creature.
Cycling {5}{G}{W}{U}
When you cycle Resounding Silence, exile up to two target attacking creatures.",,C,DPI,381907,115058,Mark Zug,False,1500,DATA_010,,,
RESOUNDING_THUNDER_381908,Resounding Thunder,{2}{R},3,R,,Instant,,,,"Resounding Thunder deals 3 damage to target creature or player.
Cycling {5}{B}{R}{G}
When you cycle Resounding Thunder, it deals 6 damage to target creature or player.",,C,DPI,381908,115098,Jon Foster,False,1350,DATA_010,E15_PLAYER_POOL,E15_JUND_EXPLORE,
REST_FOR_THE_WEARY_377505,Rest for the Weary,{1}{W},2,W,,Instant,,,,"Target player gains 4 life.
Landfall — If you had a land enter the battlefield under your control this turn, that player gains 8 life instead.","Zendikar is a brutal taskmaster, but sometimes it offers unexpected solace.",C,DPI,377505,126548,James Paick,False,450,DATA_000,,D15_ZENDIKAR_ALL_OUT_SPRINT,
RETURNED_CENTAUR_374905,Returned Centaur,{3}{B},4,B,,Creature,Zombie Centaur,2,4,"When Returned Centaur enters the battlefield, target player puts the top four cards of his or her library into his or her graveyard.","Driven away by his living kin, he wanders mourning through the wilderness, seeking the dead city of Asphodel.",C,DPI,374905,150767,Lucas Graciano,False,,DATA_000,,D15_THEROS_ARMY_OF_THE_RETURNED,
RETURNED_REVELER_382396,Returned Reveler,{1}{B},2,B,,Creature,Zombie Satyr,1,3,"When Returned Reveler dies, each player puts the top three cards of his or her library into his or her graveyard.","The flesh is dead and the life forgotten, but old habits persist.",C,DPI,382396,152925,Allen Williams,False,,DATA_000,,D15_THEROS_ARMY_OF_THE_RETURNED,
RHOX_FAITHMENDER_382102,Rhox Faithmender,{3}{W},4,W,,Creature,Rhino Monk,1,5,"Lifelink
If you would gain life, you gain twice that much life instead.",Rhoxes who live long enough to retire from war lend support with their extensive knowledge of combat injuries.,R,DPI,382102,143871,Wesley Burt,False,600,DATA_000,D15_SHANDALAR_PLAYER_POOL,D15_WB_ARCHETYPE_MP,
RHOX_WAR_MONK_381909,Rhox War Monk,{G}{W}{U},3,WUG,,Creature,Rhino Monk,3,4,Lifelink,"Rhox monks are dedicated to spiritual growth and learning, and most bear the sigils of many students. However, they do not gladly suffer fools or those who disagree with their carefully wrought dogma.",U,DPI,381909,115055,Dan Dos Santos,False,,DATA_010,E15_PLAYER_POOL,E15_BANT_EXPLORE,
RIGHTEOUS_BLOW_380160,Righteous Blow,{W},1,W,,Instant,,,,Righteous Blow deals 2 damage to target attacking or blocking creature.,"“Monsters will no longer find safety under the mists of Morkrut!”
—Bruna, Light of Alabaster",C,DPI,380160,141725,Clint Cearley,False,600,DATA_000,D15_INNISTRAD_PLAYER_POOL,,D15_UW_STARTER_BOOSTER_1
RISE_FROM_THE_GRAVE_TUT,Rise from the Grave,{4}{B},5,B,,Sorcery,,,,Put target creature card from a graveyard onto the battlefield under your control. That creature is a black Zombie in addition to its other colors and types.,"“Death is no excuse for disobedience.”
—Liliana Vess",U,DPI,24,121611,Vance Kovacs,False,1200,DATA_000,,D15_LESSON_2_PLAYER,
RISEN_SANCTUARY_380281,Risen Sanctuary,{5}{G}{W},7,WG,,Creature,Elemental,8,8,Vigilance,"When one of the great guardians arises, it sweeps enemies aside like chaff yet takes care not to crush a single insect underfoot.",U,DPI,380281,145918,Chase Stone,False,,DATA_000,,,
RIX_MAADI_GUILDMAGE_374474,Rix Maadi Guildmage,{B}{R},2,BR,,Creature,Human Shaman,2,2,"{B}{R}: Target blocking creature gets -1/-1 until end of turn.
{B}{R}: Target player who lost life this turn loses 1 life.","Insatiable, irresistible, and insane.",U,DPI,374474,145198,Karl Kopinski,False,900,DATA_000,,D15_RAVNICA_RAKDOS_RIOT,
ROCKSLIDE_ELEMENTAL_378493,Rockslide Elemental,{2}{R},3,R,,Creature,Elemental,1,1,"First strike
Whenever another creature dies, you may put a +1/+1 counter on Rockslide Elemental.","On Jund, even the landscape is a deadly hunter. Volcanoes, tar pits, and rock slides seem to prey upon the living.",U,DPI,378493,114948,Joshua Hagler,False,300,DATA_000,D15_THEROS_PLAYER_POOL,D15_BR_ARCHETYPE_MP,
ROIL_ELEMENTAL_374351,Roil Elemental,{3}{U}{U}{U},6,U,,Creature,Elemental,3,2,"Flying
Landfall — Whenever a land enters the battlefield under your control, you may gain control of target creature for as long as you control Roil Elemental.",A vortex that devours everything—even the souls of the living.,R,DPI,374351,123636,Raymond Swanland,False,750,DATA_000,D15_ZENDIKAR_PLAYER_POOL,D15_UB_ARCHETYPE_MP,
ROILING_TERRAIN_374352,Roiling Terrain,{2}{R}{R},4,R,,Sorcery,,,,"Destroy target land, then Roiling Terrain deals damage to that land’s controller equal to the number of land cards in that player’s graveyard.","“The trembling lands ruptured, leaving an open door for things from below to emerge.”
—Screed of the Mul Daya",C,DPI,374352,126543,Steve Prescott,False,150,DATA_000,,D15_ZENDIKAR_ROILING_PLANE; D15_ZENDIKAR_ROILING_PLANE_PW,
ROT_FARM_SKELETON_380183,Rot Farm Skeleton,{2}{B}{G},4,BG,,Creature,Plant Skeleton,4,1,"Rot Farm Skeleton can’t block.
{2}{B}{G}, Put the top four cards of your library into your graveyard: Return Rot Farm Skeleton from your graveyard to the battlefield. Activate this ability only any time you could cast a sorcery.",,U,DPI,380183,146838,Maciej Kuciara,False,300,DATA_000,,,
ROTFEASTER_MAGGOT_374633,Rotfeaster Maggot,{4}{B},5,B,,Creature,Insect,3,5,"When Rotfeaster Maggot enters the battlefield, exile target creature card from a graveyard. You gain life equal to that card’s toughness.",Is it at the top of the food chain or the bottom?,C,DPI,374633,155399,Yeong-Hao Han,False,150,DATA_000,D15_SHANDALAR_PLAYER_POOL,D15_SHANDALAR_SLIMY_HORROR,
ROTTED_HULK_382221,Rotted Hulk,{3}{B},4,B,,Creature,Elemental,2,5,,"The hulk rose from the sea and loomed over the Champion. Pinned beneath the twisting, rotted planks of wood was the body of Kaliaros, the helmsman of her former crew, and beside him the captain, Photine.
—The Theriad",C,DPI,382221,152869,Raymond Swanland,False,,DATA_000,D15_THEROS_PLAYER_POOL,D15_THEROS_PERILOUS_SEAS,
ROTTING_FENSNAKE_374573,Rotting Fensnake,{3}{B},4,B,,Creature,Zombie Snake,5,1,,"Its venom sacs are long gone, but its crushing strength is somehow greater than ever.",C,DPI,374573,138400,Tomasz Jedruszek,False,,DATA_000,,D15_INNISTRAD_LIVING_DEATH,
RUMBLING_BALOTH_374947,Rumbling Baloth,{2}{G}{G},4,G,,Creature,Beast,4,4,,"In the dim light beneath the vast trees of Deepglade, baloths prowl in search of prey. Their guttural calls are more felt than heard, but their attack scream carries for miles.",C,DPI,374947,147465,Jesper Ejsing,False,,DATA_000,,D15_LESSON_1_PLAYER; D15_LESSON_4_AI; D15_SHANDALAR_BEAST_AMBUSH,
RUNESCARRED_DEMON_374354,Rune-Scarred Demon,{5}{B}{B},7,B,,Creature,Demon,6,6,"Flying
When Rune-Scarred Demon enters the battlefield, search your library for a card, put it into your hand, then shuffle your library.",The litany of the infernal on his flesh pulses to the beating of his dark heart.,R,DPI,374354,134094,Michael Komarck,False,900,DATA_000,D15_SHANDALAR_PLAYER_POOL,D15_BG_ARCHETYPE_MP; D15_INNISTRAD_LILIANAS_WELCOME; D15_UB_ARCHETYPE_MP; D15_WB_ARCHETYPE_MP,
RUNECLAW_BEAR_374353,Runeclaw Bear,{1}{G},2,G,,Creature,Bear,2,2,,The magic of the elves leaves its mark on the forest. The magic of the forest leaves its mark on the animals who live there. The animals of the forest leave their mark on all who trespass.,C,DPI,374353,121566,Jesper Ejsing,False,,DATA_000,,D15_SHANDALAR_GARRUK_BOSS_GREEN; E15_PLAYER_GARRUK_NODE_1,
RUNED_SERVITOR_382155,Runed Servitor,{2},2,,,Artifact Creature,Construct,2,2,"When Runed Servitor dies, each player draws a card.",Scholars had puzzled for centuries over the ruins at Tal Terig. Its secrets had always lived within one rune-carved head.,U,DPI,382155,127440,Mike Bierek,False,300,DATA_010,,E15_MIND_ADDLER,
RUNEFLARE_TRAP_374883,Runeflare Trap,{4}{R}{R},6,R,,Instant,Trap,,,"If an opponent drew three or more cards this turn, you may pay {R} rather than pay Runeflare Trap’s mana cost.
Runeflare Trap deals damage to target player equal to the number of cards in that player’s hand.",,U,DPI,374883,125078,Franz Vohwinkel,False,,DATA_000,,D15_ZENDIKAR_TRAPFILLED_LAIR; D15_ZENDIKAR_TRAPFILLED_LAIR_PW; E15_MIND_ADDLER,
RUSH_OF_BLOOD_374621,Rush of Blood,{2}{R},3,R,,Instant,,,,"Target creature gets +X/+0 until end of turn, where X is its power.",Sometimes it’s not for sustenance or to feed the dependence. Sometimes it’s just to feel again.,U,DPI,374621,141723,Cynthia Sheppard,False,600,DATA_000,,D15_INNISTRAD_FEAST_OF_FLESH,
RUSSET_WOLVES_382026,Russet Wolves,{3}{R},4,R,,Creature,Wolf,3,3,,"“The wolves of our valley are bred to detest the scent of ghouls. For centuries they have kept our estates clear of such carrion.”
—Olivia Voldaren",C,DPI,382026,139764,Christopher Moeller,False,,DATA_000,D15_INNISTRAD_PLAYER_POOL,,D15_GU_STARTER_BOOSTER_1; D15_RG_STARTER_BOOSTER_1
RUTHLESS_CULLBLADE_382197,Ruthless Cullblade,{1}{B},2,B,,Creature,Vampire Warrior,2,1,Ruthless Cullblade gets +2/+1 as long as an opponent has 10 or less life.,She wields a blade as bloodthirsty and elegant as herself.,C,DPI,382197,126524,rk post,False,150,DATA_000,,D15_ZENDIKAR_TOMB_OF_TERROR; D15_ZENDIKAR_TOMB_OF_TERROR_PW,
SACRED_FOUNDRY_377446,Sacred Foundry,,0,,,Land,Mountain Plains,,,"As Sacred Foundry enters the battlefield, you may pay 2 life. If you don’t, Sacred Foundry enters the battlefield tapped.
{T}: Add {R} or {W} to your mana pool.",Burning fervor and fearsome skill create a lethal beauty terrible to behold.,R,DPI,377446,146521,Sam Burley,False,,DATA_000,,D15_RAVNICA_BOROS_FIST,
SAFE_PASSAGE_377085,Safe Passage,{2}{W},3,W,,Instant,,,,Prevent all damage that would be dealt to you and creatures you control this turn.,"As she shepherds the faithful, the angel’s radiance is a shield of salvation.",C,DPI,377085,121601,Christopher Moeller,False,900,DATA_000,D15_SHANDALAR_PLAYER_POOL,,
SAGES_ROW_DENIZEN_382042,Sage’s Row Denizen,{2}{U},3,U,,Creature,Vedalken Wizard,2,3,"Whenever another blue creature enters the battlefield under your control, target player puts the top two cards of his or her library into his or her graveyard.","“I offer you wisdom untainted by false loyalty, learning free of any guild’s agenda.”",C,DPI,382042,146273,Svetlin Velinov,False,300,DATA_000,,,
SALVAGE_SLASHER_388073,Salvage Slasher,{1}{B},2,B,,Artifact Creature,Human Rogue,1,1,Salvage Slasher gets +1/+0 for each artifact card in your graveyard.,Esper artificers never imagined that one day their scraps would be pressed against their soft and fragile throats.,C,DPI,388073,118693,Anthony Francisco,False,150,DATA_032,F15_BOOSTER_ARTIFACTS,,
SANCTUM_GARGOYLE_382134,Sanctum Gargoyle,{3}{W},4,W,,Artifact Creature,Gargoyle,2,3,"Flying
When Sanctum Gargoyle enters the battlefield, you may return target artifact card from your graveyard to your hand.","As their supplies of etherium dwindled, mechanists sent gargoyles farther and farther afield in search of salvage.",C,DPI,382134,115014,Shelly Wan,False,600,DATA_010,E15_PLAYER_POOL,E15_ESPER,
SANDSTEPPE_CITADEL_388083,Sandsteppe Citadel,,0,,,Land,,,,"Sandsteppe Citadel enters the battlefield tapped.
{T}: Add {W}, {B}, or {G} to your mana pool.","That which endures, survives.",U,DPI,388083,156583,Sam Burley,False,,DATA_040,F15_BOOSTER_LANDS,,
SANGUINE_BOND_378287,Sanguine Bond,{3}{B}{B},5,B,,Enchantment,,,,"Whenever you gain life, target opponent loses that much life.","“Blood is constant. Every drop I drink, someone must bleed.”
—Vradeen, vampire nocturnus",R,DPI,378287,122148,Jaime Jones,False,900,DATA_000,D15_INNISTRAD_PLAYER_POOL,D15_WB_ARCHETYPE_MP,D15_BG_STARTER_BOOSTER_3; D15_BR_STARTER_BOOSTER_3; D15_UB_STARTER_BOOSTER_3; D15_UR_STARTER_BOOSTER_3; D15_UW_STARTER_BOOSTER_3; D15_WB_STARTER_BOOSTER_3; D15_WR_STARTER_BOOSTER_3
SARULI_GATEKEEPERS_375004,Saruli Gatekeepers,{3}{G},4,G,,Creature,Elf Warrior,2,4,"When Saruli Gatekeepers enters the battlefield, if you control two or more Gates, you gain 7 life.","In Ravnica’s wilder districts, nature still stirs, and its protectors still mind their posts.",C,DPI,375004,147779,Chris Rahn,False,150,DATA_000,D15_RAVNICA_PLAYER_POOL,D15_RAVNICA_SEARCH_THE_CITY; D15_RAVNICA_SEARCH_THE_CITY_PW,
SATYR_HOPLITE_380934,Satyr Hoplite,{R},1,R,,Creature,Satyr Soldier,1,1,"Heroic — Whenever you cast a spell that targets Satyr Hoplite, put a +1/+1 counter on Satyr Hoplite.",“Xenagos has become what he once despised: a tyrant and an oppressor.”,C,DPI,380934,152817,Mark Zug,False,300,DATA_000,D15_THEROS_PLAYER_POOL,D15_WR_ARCHETYPE_MP,
SATYR_WAYFINDER_380168,Satyr Wayfinder,{1}{G},2,G,,Creature,Satyr,1,1,"When Satyr Wayfinder enters the battlefield, reveal the top four cards of your library. You may put a land card from among them into your hand. Put the rest into your graveyard.",The first satyr to wake after a revel must search for the site of the next one.,C,DPI,380168,152050,Steve Prescott,False,300,DATA_000,D15_THEROS_PLAYER_POOL,D15_BG_ARCHETYPE_MP,
SAVAGE_LANDS_381910,Savage Lands,,0,,,Land,,,,"Savage Lands enters the battlefield tapped.
{T}: Add {B}, {R}, or {G} to your mana pool.","Jund is a world as cruel as those who call it home. Their brutal struggles scar the land even as it carves them in its image, a vicious circle spiraling out of control.",U,DPI,381910,114986,Vance Kovacs,False,,DATA_010,E15_TRI_LAND_POOL,E15_JUND_EXPLORE; E15_MAELSTROM_EXPLORE,
SAVAGE_SURGE_374894,Savage Surge,{1}{G},2,G,,Instant,,,,Target creature gets +2/+2 until end of turn. Untap that creature.,Some warriors don’t need to be stirred to battle. They need only to be shown where the battle is.,U,DPI,374894,145915,Svetlin Velinov,False,600,DATA_000,,D15_THEROS_CENTAUR_FURY,
SAVANNAH_LIONS_374830,Savannah Lions,{W},1,W,,Creature,Cat,2,1,,"Even the brave are scared by a lion three times: first by its tracks, again by its roar, and one last time face to face.
—Somali proverb",R,DPI,374830,49228,Carl Critchlow,False,,DATA_000,,,
SCATHE_ZOMBIES_387320,Scathe Zombies,{2}{B},3,B,,Creature,Zombie,2,2,,"“They groaned, they stirred, they all uprose,
Nor spake, nor moved their eyes;
It had been strange, even in a dream,
To have seen those dead men rise.”
—Samuel Taylor Coleridge,
“The Rime of the Ancient Mariner”",C,DPI,387320,28074,Kev Walker,False,,DATA_000,,D15_INNISTRAD_LIVING_DEATH,
SCAVENGER_DRAKE_381911,Scavenger Drake,{3}{B},4,B,,Creature,Drake,1,1,"Flying
Whenever another creature dies, you may put a +1/+1 counter on Scavenger Drake.","Dragons consider drakes to be mockeries of their perfection, destroying them on sight.",U,DPI,381911,115060,Trevor Claxton,False,300,DATA_010,E15_PLAYER_POOL,,
SCION_OF_THE_WILD_381860,Scion of the Wild,{1}{G}{G},3,G,,Creature,Avatar,*,*,Scion of the Wild’s power and toughness are each equal to the number of creatures you control.,It has a hundred thousand extinctions to avenge.,R,DPI,381860,90377,Kev Walker,False,,DATA_000,D15_RAVNICA_PLAYER_POOL,D15_GW_ARCHETYPE_MP,
SCOURGE_OF_SKOLA_VALE_380169,Scourge of Skola Vale,{2}{G},3,G,,Creature,Hydra,0,0,"Trample
Scourge of Skola Vale enters the battlefield with two +1/+1 counters on it.
{T}, Sacrifice another creature: Put a number of +1/+1 counters on Scourge of Skola Vale equal to the sacrificed creature’s toughness.",,R,DPI,380169,152599,Dave Kendall,False,300,DATA_000,,D15_THEROS_HYDRA_ATTACK,
SCOURGEMARK_382189,Scourgemark,{1}{B},2,B,,Enchantment,Aura,,,"Enchant creature
When Scourgemark enters the battlefield, draw a card.
Enchanted creature gets +1/+0.","To members of the cult of Erebos, gold-infused tattoos symbolize the inevitable grasp of the god of death.",C,DPI,382189,149183,Franz Vohwinkel,False,150,DATA_000,,D15_THEROS_ARMY_OF_THE_RETURNED,
SCROLL_THIEF_382113,Scroll Thief,{2}{U},3,U,,Creature,Merfolk Rogue,1,3,"Whenever Scroll Thief deals combat damage to a player, draw a card.",Kapsho merfolk have infiltrated fortresses as remote as the desert citadel in Sunari in their relentless quest for arcane knowledge.,C,DPI,382113,129096,Alex Horley-Orlandelli,False,300,DATA_000,D15_RAVNICA_PLAYER_POOL,,
SEA_GODS_REVENGE_377495,Sea God’s Revenge,{5}{U},6,U,,Sorcery,,,,Return up to three target creatures your opponents control to their owners’ hands. Scry 1.,"“What has neither mouth nor throat, yet swallows captain, crew, and boat?”
—Sphinx’s riddle",U,DPI,377495,150860,Eric Velhagen,False,1800,DATA_000,,D15_THEROS_PERILOUS_SEAS,
SEAL_OF_FIRE_377092,Seal of Fire,{R},1,R,,Enchantment,,,,Sacrifice Seal of Fire: Seal of Fire deals 2 damage to target creature or player.,"After the fourth time Chandra left a place engulfed in flames, she decided to just go ahead and make it her thing.",C,DPI,377092,118217,Christopher Moeller,False,900,DATA_000,,D15_RAVNICA_CHANDRAS_FURY,
SEARING_SPEAR_374355,Searing Spear,{1}{R},2,R,,Instant,,,,Searing Spear deals 3 damage to target creature or player.,Sometimes you die a glorious death with your sword held high. Sometimes you’re just target practice.,C,DPI,374355,143853,Chris Rahn,False,1050,DATA_000,,D15_LESSON_5_PLAYER; D15_RAVNICA_CHANDRAS_FURY; E15_MIND_ADDLER,
SEASIDE_CITADEL_381913,Seaside Citadel,,0,,,Land,,,,"Seaside Citadel enters the battlefield tapped.
{T}: Add {G}, {W}, or {U} to your mana pool.","For wisdom’s sake, it was built high to gaze on all things. For glory’s sake, it was built high as a testament of power. For strength’s sake, it was built high to repel all attacks.",U,DPI,381913,115030,Volkan Baga,False,,DATA_010,E15_TRI_LAND_POOL,E15_BANT_EXPLORE,
SEAT_OF_THE_SYNOD_382140,Seat of the Synod,,0,,,Artifact Land,,,,{T}: Add {U} to your mana pool.,"Lumengrid, site of the Knowledge Pool, source of vedalken arcana.",C,DPI,382140,51007,John Avon,False,,DATA_010,,E15_ESPER,
SEISMIC_SHUDDER_374884,Seismic Shudder,{1}{R},2,R,,Instant,,,,Seismic Shudder deals 1 damage to each creature without flying.,"“The land here seems to go out of its way to kill you.”
—Chandra Nalaar",C,DPI,374884,123588,Vincent Proce,False,600,DATA_000,,D15_ZENDIKAR_ROILING_PLANE; D15_ZENDIKAR_ROILING_PLANE_PW,
SEISMIC_STRIKE_374845,Seismic Strike,{2}{R},3,R,,Instant,,,,Seismic Strike deals damage to target creature equal to the number of Mountains you control.,"“Life up here is simple. Adapt to the ways of the mountains and they will reward you. Fight them and they will end you.”
—Kezim, prodigal pyromancer",C,DPI,374845,121674,Christopher Moeller,False,1200,DATA_000,D15_DLC_POOL,,
SELESNYA_EVANGEL_380171,Selesnya Evangel,{G}{W},2,WG,,Creature,Elf Shaman,1,2,"{1}, {T}, Tap an untapped creature you control: Put a 1/1 green Saproling creature token onto the battlefield.",“The clamor of the city drowns all voices. But together we can sing a harmony that will resonate from Ravnica’s tallest spires to her deepest wells.”,C,DPI,380171,88926,Rob Alexander,False,300,DATA_000,D15_RAVNICA_PLAYER_POOL,D15_GW_ARCHETYPE_MP,
SELESNYA_GUILDGATE_374476,Selesnya Guildgate,,0,,,Land,Gate,,,"Selesnya Guildgate enters the battlefield tapped.
{T}: Add {G} or {W} to your mana pool.","Enter and rejoice! The Conclave stands united, open to one and all.",C,DPI,374476,145158,Howard Lyon,False,,DATA_000,D15_RAVNICA_SUPPLEMENTAL_LAND_POOL,D15_GW_ARCHETYPE_MP; D15_RAVNICA_SEARCH_THE_CITY; D15_RAVNICA_SEARCH_THE_CITY_PW; D15_RAVNICA_SELESNYAS_POWER,
SELFLESS_CATHAR_374356,Selfless Cathar,{W},1,W,,Creature,Human Cleric,1,1,"{1}{W}, Sacrifice Selfless Cathar: Creatures you control get +1/+1 until end of turn.","“If I fail to offer myself, we will surely be overrun. My fate would be the same.”",C,DPI,374356,138177,Slawomir Maniak,False,300,DATA_000,D15_INNISTRAD_PLAYER_POOL,D15_INNISTRAD_AVACYN,D15_GW_STARTER_BOOSTER_1
SELHOFF_OCCULTIST_382051,Selhoff Occultist,{2}{U},3,U,,Creature,Human Rogue,2,3,"Whenever Selhoff Occultist or another creature dies, target player puts the top card of his or her library into his or her graveyard.",“The mist whispers to those who know it to be more than a mundane fog.”,C,DPI,382051,138364,Igor Kieryluk,False,150,DATA_000,,D15_INNISTRAD_CURSES,
SELLER_OF_SONGBIRDS_374477,Seller of Songbirds,{2}{W},3,W,,Creature,Human,1,2,"When Seller of Songbirds enters the battlefield, put a 1/1 white Bird creature token with flying onto the battlefield.","“Lady Wren is the one merchant in Keyhole Downs who isn’t running a scam.”
—Mirela, Azorius hussar",C,DPI,374477,145113,Christopher Moeller,False,300,DATA_000,,D15_RAVNICA_SELESNYAS_POWER,
SENTINEL_SLIVER_374358,Sentinel Sliver,{1}{W},2,W,,Creature,Sliver,2,2,Sliver creatures you control have vigilance.,"Through its watchful gaze, all slivers may see.",C,DPI,374358,147472,Maciej Kuciara,False,150,DATA_000,,D15_SHANDALAR_SLIVERS; D15_SHANDALAR_SLIVERS_PW,
SENTINEL_SPIDER_374359,Sentinel Spider,{3}{G}{G},5,G,,Creature,Spider,4,4,"Vigilance, reach","“Your first reaction may be to stand very still and hope she didn’t see you. Trust me, she did.”
—Endril, naturalist",C,DPI,374359,143858,Vincent Proce,False,,DATA_000,,D15_INNISTRAD_SPIDER_TANGLE,
SERAPH_OF_THE_MASSES_374712,Seraph of the Masses,{5}{W}{W},7,W,,Creature,Angel,*,*,"Convoke
Flying
Seraph of the Masses’s power and toughness are each equal to the number of creatures you control.",,U,DPI,374712,155314,Zoltan Boros,False,,DATA_000,D15_INNISTRAD_PLAYER_POOL,D15_GW_ARCHETYPE_MP,D15_GW_STARTER_BOOSTER_2; D15_WR_STARTER_BOOSTER_2
SERAPH_SANCTUARY_374622,Seraph Sanctuary,,0,,,Land,,,,"When Seraph Sanctuary enters the battlefield, you gain 1 life.
Whenever an Angel enters the battlefield under your control, you gain 1 life.
{T}: Add {1} to your mana pool.",,C,DPI,374622,141716,David Palumbo,False,150,DATA_000,,D15_INNISTRAD_AVACYN,
SERPENT_OF_THE_ENDLESS_SEA_374846,Serpent of the Endless Sea,{4}{U},5,U,,Creature,Serpent,*,*,"Serpent of the Endless Sea’s power and toughness are each equal to the number of Islands you control.
Serpent of the Endless Sea can’t attack unless defending player controls an Island.",,C,DPI,374846,121596,Kieran Yanner,False,,DATA_000,,D15_THEROS_OCEANS_MIGHT,
SEWER_SHAMBLER_378336,Sewer Shambler,{2}{B},3,B,,Creature,Zombie,2,1,"Swampwalk
Scavenge {2}{B}",,C,DPI,378336,145129,Nils Hamm,False,300,DATA_000,,D15_RAVNICA_GOLGARI_DEPTHS,
SHADOWBORN_DEMON_378202,Shadowborn Demon,{3}{B}{B},5,B,,Creature,Demon,5,6,"Flying
When Shadowborn Demon enters the battlefield, destroy target non-Demon creature.
At the beginning of your upkeep, if there are fewer than six creature cards in your graveyard, sacrifice a creature.",,M,DPI,378202,147418,Lucas Graciano,False,1200,DATA_000,D15_SHANDALAR_PLAYER_POOL,D15_BG_ARCHETYPE_MP; D15_BR_ARCHETYPE_MP; D15_UB_ARCHETYPE_MP; D15_WB_ARCHETYPE_MP,
SHADOWCLOAK_VAMPIRE_380403,Shadowcloak Vampire,{4}{B},5,B,,Creature,Vampire,4,3,Pay 2 life: Shadowcloak Vampire gains flying until end of turn.,“My favorite guilty pleasure? Are there innocent ones?”,C,DPI,380403,155357,Cynthia Sheppard,False,300,DATA_000,D15_RAVNICA_PLAYER_POOL,,
SHAMBLESHARK_380204,Shambleshark,{G}{U},2,UG,,Creature,Fish Crab,2,1,"Flash
Evolve",,C,DPI,380204,146314,Wesley Burt,False,300,DATA_000,,,
SHARDING_SPHINX_381914,Sharding Sphinx,{4}{U}{U},6,U,,Artifact Creature,Sphinx,4,4,"Flying
Whenever an artifact creature you control deals combat damage to a player, you may put a 1/1 blue Thopter artifact creature token with flying onto the battlefield.","Whether mechanical or biological, life finds a way to propagate itself.",R,DPI,381914,114988,Michael Bruinsma,False,600,DATA_010,E15_PLAYER_POOL,,
SHARUUM_THE_HEGEMON_381915,Sharuum the Hegemon,{3}{W}{U}{B},6,WUB,Legendary,Artifact Creature,Sphinx,5,5,"Flying
When Sharuum the Hegemon enters the battlefield, you may return target artifact card from your graveyard to the battlefield.","To gain audience with the hegemon, one must bring a riddle she has not heard.",M,DPI,381915,115158,Izzy,False,1200,DATA_010,,E15_ESPER,
SHEOLDRED_WHISPERING_ONE_388091,"Sheoldred, Whispering One",{5}{B}{B},7,B,Legendary,Creature,Praetor,6,6,"Swampwalk
At the beginning of your upkeep, return target creature card from your graveyard to the battlefield.
At the beginning of each opponent’s upkeep, that player sacrifices a creature.",,M,DPI,388091,134231,Jana Schirmer & Johannes Voss,False,1200,DATA_020,F15_BOOSTER_BLACK,,
SHIPWRECK_SINGER_377496,Shipwreck Singer,{U}{B},2,UB,,Creature,Siren,1,2,"Flying
{1}{U}: Target creature an opponent controls attacks this turn if able.
{1}{B}, {T}: Attacking creatures get -1/-1 until end of turn.",Her melody melds death and beauty with such artistry that even the gods weep to hear it.,U,DPI,377496,149096,Daarken,False,,DATA_000,,D15_THEROS_PERILOUS_SEAS,
SHIVAN_DRAGON_382114,Shivan Dragon,{4}{R}{R},6,R,,Creature,Dragon,5,5,"Flying
{R}: Shivan Dragon gets +1/+0 until end of turn.",The undisputed master of the mountains of Shiv.,R,DPI,382114,28101,Donato Giancola,False,300,DATA_000,D15_SHANDALAR_REWARDS,,
SHOCK_378203,Shock,{R},1,R,,Instant,,,,Shock deals 2 damage to target creature or player.,"“The beauty of it is they never see it coming. Ever.”
—Razzix, sparkmage",C,DPI,378203,101056,Jon Foster,False,750,DATA_000,D15_ZENDIKAR_PLAYER_POOL,D15_RG_ARCHETYPE_MP; D15_SHANDALAR_ONNAKKE_GUARDIANS; D15_TUTORIAL_BOSS_DECK; D15_UR_ARCHETYPE_MP,
SHRIEKGEIST_380188,Shriekgeist,{1}{U},2,U,,Creature,Spirit,1,1,"Flying
Whenever Shriekgeist deals combat damage to a player, that player puts the top two cards of his or her library into his or her graveyard.",Wounds of the flesh are easy to heal. Wounds of the mind may never be undone.,C,DPI,380188,139739,Raymond Swanland,False,150,DATA_000,,D15_INNISTRAD_FLIGHTS_OF_FEAR,
SIEGE_DRAGON_378488,Siege Dragon,{5}{R}{R},7,R,,Creature,Dragon,5,5,"Flying
When Siege Dragon enters the battlefield, destroy all Walls your opponents control.
Whenever Siege Dragon attacks, if defending player controls no Walls, it deals 2 damage to each creature without flying that player controls.",,R,DPI,378488,155353,Karl Kopinski,False,600,DATA_000,D15_RAVNICA_PLAYER_POOL,,D15_UR_STARTER_BOOSTER_0; D15_WR_STARTER_BOOSTER_0
SIEGE_WURM_374937,Siege Wurm,{5}{G}{G},7,G,,Creature,Wurm,5,5,"Convoke
Trample",The Rubblefield was once among the wealthiest districts in Ravnica. All it took was a single wurm to reduce it to ruins.,C,DPI,374937,88922,Carl Critchlow,False,,DATA_000,D15_RAVNICA_PLAYER_POOL,D15_GW_ARCHETYPE_MP,
SIGHTLESS_GHOUL_377422,Sightless Ghoul,{3}{B},4,B,,Creature,Zombie Soldier,2,2,"Sightless Ghoul can’t block.
Undying","It blindly marches on Thraben’s gates, guided by its master’s direful will.",C,DPI,377422,139839,Svetlin Velinov,False,300,DATA_000,,D15_INNISTRAD_UNDYING_HORDES,
SIGIL_BLESSING_381916,Sigil Blessing,{G}{W},2,WG,,Instant,,,,"Until end of turn, target creature you control gets +3/+3 and other creatures you control get +1/+1.","“For unwavering commitment and unflinching strength, the Order of the White Orchid confers its sigil. Rise, knight-captain, and do your duty.”",C,DPI,381916,115257,Matt Stewart,False,900,DATA_010,E15_PLAYER_POOL,,
SIGILED_PALADIN_381917,Sigiled Paladin,{W}{W},2,W,,Creature,Human Knight,2,2,"First strike
Exalted",Each sigil marks the recognition of a great deed and signifies a duty owed to the one who granted it.,U,DPI,381917,115037,Greg Staples,False,150,DATA_010,E15_PLAYER_POOL,,
SIGN_IN_BLOOD_374872,Sign in Blood,{B}{B},2,B,,Sorcery,,,,Target player draws two cards and loses 2 life.,Little agonies pave the way to greater power.,C,DPI,374872,121620,Howard Lyon,False,450,DATA_000,,D15_INNISTRAD_FEAST_OF_FLESH; D15_SHANDALAR_ASSASSINS_BLADE; D15_ZENDIKAR_SCORN_OF_OB_NIXILIS; E15_SWAMP_WITCH,
SILENCE_THE_BELIEVERS_380397,Silence the Believers,{2}{B}{B},4,B,,Instant,,,,"Strive — Silence the Believers costs {2}{B} more to cast for each target beyond the first.
Exile any number of target creatures and all Auras attached to them.",,R,DPI,380397,153092,Slawomir Maniak,False,1200,DATA_000,,,
SILENT_ARTISAN_374775,Silent Artisan,{3}{W}{W},5,W,,Creature,Giant,3,5,,"On the fourth day they passed through a forest of immense stacked stones. Althemone, youngest of the companions, called these pillars the work of a god, but the Champion knew better. She quickened her pace.
—The Theriad",C,DPI,374775,150773,Anthony Palumbo,False,,DATA_000,,D15_THEROS_WHATS_IN_THE_BOX,
SIMIC_GUILDGATE_374519,Simic Guildgate,,0,,,Land,Gate,,,"Simic Guildgate enters the battlefield tapped.
{T}: Add {G} or {U} to your mana pool.",Enter and comprehend the perfection of orchestrated life.,C,DPI,374519,145166,Svetlin Velinov,False,,DATA_000,D15_RAVNICA_SUPPLEMENTAL_LAND_POOL,D15_RAVNICA_SEARCH_THE_CITY; D15_RAVNICA_SEARCH_THE_CITY_PW; D15_RAVNICA_SIMIC_STRANGENESS; D15_UG_ARCHETYPE_MP,
SIMIC_SKY_SWALLOWER_380195,Simic Sky Swallower,{5}{G}{U},7,UG,,Creature,Leviathan,6,6,"Flying, trample, shroud","“We’ve bred out the shortcomings of the species’ natural form and replaced them with assets of our own design.”
—Momir Vig",R,DPI,380195,94676,rk post,False,,DATA_000,,,
SIREN_OF_THE_FANGED_COAST_377519,Siren of the Fanged Coast,{3}{U}{U},5,U,,Creature,Siren,1,1,"Flying
Tribute 3
When Siren of the Fanged Coast enters the battlefield, if tribute wasn’t paid, gain control of target creature.",,U,DPI,377519,152554,Michael C. Hayes,False,1200,DATA_000,,,
SKELETAL_WURM_382156,Skeletal Wurm,{7}{B},8,B,,Creature,Skeleton Wurm,7,6,{B}: Regenerate Skeletal Wurm.,"Necromancers are judged by the most powerful undead they’ve ever created. There are those who have animated just a single being, yet are considered the pinnacle of their dark craft.",U,DPI,382156,127250,Zoltan Boros & Gabor Szikszai,False,450,DATA_000,D15_ZENDIKAR_PLAYER_POOL,,
SKULLCRACK_384123,Skullcrack,{1}{R},2,R,,Instant,,,,Players can’t gain life this turn. Damage can’t be prevented this turn. Skullcrack deals 3 damage to target player.,"The lawmage’s argument was clever and well reasoned, but Blunk’s response proved irrefutable.",U,DPI,384123,146586,Dave Kendall,False,600,DATA_000,D15_DLC_POOL,,
SKULLMULCHER_381918,Skullmulcher,{4}{G},5,G,,Creature,Elemental,3,3,"Devour 1
When Skullmulcher enters the battlefield, draw a card for each creature it devoured.",,R,DPI,381918,115220,Michael Ryan,False,900,DATA_010,,E15_JUND_EXPLORE,
SKY_DIAMOND_380256,Sky Diamond,{2},2,,,Artifact,,,,"Sky Diamond enters the battlefield tapped.
{T}: Add {U} to your mana pool.",,U,DPI,380256,156376,Lindsey Look,False,,DATA_000,,D15_RAVNICA_SEARCH_THE_CITY; D15_RAVNICA_SEARCH_THE_CITY_PW,
SKYKNIGHT_LEGIONNAIRE_377447,Skyknight Legionnaire,{1}{R}{W},3,WR,,Creature,Human Knight,2,2,"Flying, haste","Millennium Platform, once a monument to peace, was quickly seized by the skyknights for its strategic aerial location.",C,DPI,377447,89016,Jim Murray,False,,DATA_000,,D15_RAVNICA_BOROS_FIST,
SKYMARK_ROC_380924,Skymark Roc,{2}{W}{U},4,WU,,Creature,Bird,3,3,"Flying
Whenever Skymark Roc attacks, you may return target creature defending player controls with toughness 2 or less to its owner’s hand.","“Try not to look guilty. Or delicious.”
—Thorpe, street urchin",U,DPI,380924,145955,Christopher Moeller,False,600,DATA_000,D15_RAVNICA_PLAYER_POOL,D15_UW_ARCHETYPE_MP,
SLAUGHTER_CRY_374362,Slaughter Cry,{2}{R},3,R,,Instant,,,,Target creature gets +3/+0 and gains first strike until end of turn.,It’s rather embarrassing to end up with your head mounted over his hearth.,C,DPI,374362,123578,Matt Cavotta,False,600,DATA_000,,D15_ZENDIKAR_STRENGTH_IN_NUMBERS,
SLAUGHTERHORN_374521,Slaughterhorn,{2}{G},3,G,,Creature,Beast,3,2,"Bloodrush — {G}, Discard Slaughterhorn: Target attacking creature gets +3/+2 until end of turn.","The Orzhov clergy would never cross its path, but sending thrull couriers to do so is cheap and entertaining.",C,DPI,374521,146526,Steve Prescott,False,750,DATA_000,,D15_SHANDALAR_GARRUK_BOSS_GREEN,
SLEEP_382104,Sleep,{2}{U}{U},4,U,,Sorcery,,,,Tap all creatures target player controls. Those creatures don’t untap during that player’s next untap step.,"“I give them dreams so wondrous that they hesitate to return to the world of the conscious.”
—Garild, merfolk mage",U,DPI,382104,121609,Chris Rahn,False,900,DATA_000,,,
SLIME_MOLDING_374479,Slime Molding,{X}{G},1,G,,Sorcery,,,,Put an X/X green Ooze creature token onto the battlefield.,"“Give me enough refuse and mana and I will summon an ooze that can engulf all of Ravnica.”
—Cevraya, Golgari shaman",U,DPI,374479,145914,Marco Nelor,False,900,DATA_000,,D15_RAVNICA_SIMIC_STRANGENESS,
SLITHERHEAD_380282,Slitherhead,{B/G},1,BG,,Creature,Plant Zombie,1,1,Scavenge {0},"“It makes better use of Uncle Dragi’s head than he ever did.”
—Pesha, retired blacksmith",U,DPI,380282,145926,Greg Staples,False,150,DATA_000,,D15_RAVNICA_GOLGARI_DEPTHS,
SMELTWARD_GATEKEEPERS_374535,Smelt-Ward Gatekeepers,{3}{R},4,R,,Creature,Human Warrior,2,4,"When Smelt-Ward Gatekeepers enters the battlefield, if you control two or more Gates, gain control of target creature an opponent controls until end of turn. Untap that creature. It gains haste until end of turn.",,C,DPI,374535,147778,Daarken,False,600,DATA_000,,D15_RAVNICA_SEARCH_THE_CITY; D15_RAVNICA_SEARCH_THE_CITY_PW,
SNAPPING_CREEPER_374364,Snapping Creeper,{2}{G},3,G,,Creature,Plant,2,3,"Landfall — Whenever a land enters the battlefield under your control, Snapping Creeper gains vigilance until end of turn.",Its vast network of roots and vines keeps it aware of distant dangers.,C,DPI,374364,126488,Cyril Van Der Haegen,False,150,DATA_000,,D15_ZENDIKAR_TANGLED_GROWTH,
SNUFF_OUT_375007,Snuff Out,{3}{B},4,B,,Instant,,,,"If you control a Swamp, you may pay 4 life rather than pay Snuff Out’s mana cost.
Destroy target nonblack creature. It can’t be regenerated.","“The bigger they are, the faster they rot.”",C,DPI,375007,127185,Steve Argyle,False,1200,DATA_000,,D15_INNISTRAD_LILIANAS_WELCOME,
SOLEMN_OFFERING_374365,Solemn Offering,{2}{W},3,W,,Sorcery,,,,Destroy target artifact or enchantment. You gain 4 life.,"“You will be reimbursed for your donation.”
“The reimbursement is spiritual.”
—Temple signs",C,DPI,374365,122138,Sam Wood,False,750,DATA_000,D15_THEROS_PLAYER_POOL,,
SOMBERWALD_SPIDER_382395,Somberwald Spider,{4}{G},5,G,,Creature,Spider,2,4,"Reach
Morbid — Somberwald Spider enters the battlefield with two +1/+1 counters on it if a creature died this turn.",Stensian vampires encourage spiders near their manors so they can rob the webs.,C,DPI,382395,138402,Volkan Baga,False,300,DATA_000,,,
SOUL_OF_RAVNICA_380407,Soul of Ravnica,{4}{U}{U},6,U,,Creature,Avatar,6,6,"Flying
{5}{U}{U}: Draw a card for each color among permanents you control.
{5}{U}{U}, Exile Soul of Ravnica from your graveyard: Draw a card for each color among permanents you control.",,M,DPI,380407,155684,Stephan Martiniere,False,600,DATA_000,D15_RAVNICA_PLAYER_POOL,D15_UB_ARCHETYPE_MP; D15_UG_ARCHETYPE_MP; D15_UW_ARCHETYPE_MP,
SOUL_OF_ZENDIKAR_378489,Soul of Zendikar,{4}{G}{G},6,G,,Creature,Avatar,6,6,"Reach
{3}{G}{G}: Put a 3/3 green Beast creature token onto the battlefield.
{3}{G}{G}, Exile Soul of Zendikar from your graveyard: Put a 3/3 green Beast creature token onto the battlefield.",,M,DPI,378489,155686,Vincent Proce,False,600,DATA_000,D15_ZENDIKAR_PLAYER_POOL,D15_BG_ARCHETYPE_MP; D15_GW_ARCHETYPE_MP; D15_RG_ARCHETYPE_MP; D15_UG_ARCHETYPE_MP,
SOUL_STAIR_EXPEDITION_374438,Soul Stair Expedition,{B},1,B,,Enchantment,,,,"Landfall — Whenever a land enters the battlefield under your control, you may put a quest counter on Soul Stair Expedition.
Remove three quest counters from Soul Stair Expedition and sacrifice it: Return up to two target creature cards from your graveyard to your hand.",,C,DPI,374438,123567,Anthony Francisco,False,,DATA_000,,D15_ZENDIKAR_TOMB_OF_TERROR; D15_ZENDIKAR_TOMB_OF_TERROR_PW,
SOULCAGE_FIEND_381959,Soulcage Fiend,{1}{B}{B},3,B,,Creature,Demon,3,2,"When Soulcage Fiend dies, each player loses 3 life.","Vowing to free the souls of her children, Kastinne followed the tormentors into the ghastly network of caves below Stensia.",C,DPI,381959,141691,Jason A. Engle,False,300,DATA_000,,D15_ZENDIKAR_SCORN_OF_OB_NIXILIS,
SPECIES_GORGER_374536,Species Gorger,{3}{G}{U},5,UG,,Creature,Frog Beast,6,6,"At the beginning of your upkeep, return a creature you control to its owner’s hand.","“We raised eelhawks to control the squidflies, then waspcrabs to prey on the eelhawks. Now what do we do with all these waspcrabs?”
—Gulistan, Simic biomancer",U,DPI,374536,147747,Min Yum,False,-150,DATA_000,D15_RAVNICA_PLAYER_POOL,D15_UG_ARCHETYPE_MP,
SPECTRAL_PRISON_381960,Spectral Prison,{1}{U},2,U,,Enchantment,Aura,,,"Enchant creature
Enchanted creature doesn’t untap during its controller’s untap step.
When enchanted creature becomes the target of a spell, sacrifice Spectral Prison.",,C,DPI,381960,141512,Vincent Proce,False,900,DATA_000,,D15_INNISTRAD_FLIGHTS_OF_FEAR,
SPELLBREAKER_BEHEMOTH_381947,Spellbreaker Behemoth,{1}{R}{G}{G},4,RG,,Creature,Beast,5,5,"Spellbreaker Behemoth can’t be countered.
Creature spells you control with power 5 or greater can’t be countered.","“Some think its immunity to countermagic evolved because of the constant mage attacks on Naya. I think it just ate a bunch of wizards.”
—Broka, drumhunter",R,DPI,381947,120966,Jason Chan,False,450,DATA_010,,E15_NAYA_EXPLORE,
SPHINXBONE_WAND_382157,Sphinx-Bone Wand,{7},7,,,Artifact,,,,"Whenever you cast an instant or sorcery spell, you may put a charge counter on Sphinx-Bone Wand. If you do, Sphinx-Bone Wand deals damage equal to the number of charge counters on it to target creature or player.",Its host’s final curse lies captured within.,R,DPI,382157,127373,Franz Vohwinkel,False,1200,DATA_000,D15_ZENDIKAR_REWARDS,,
SPIDER_SPAWNING_374574,Spider Spawning,{4}{G},5,G,,Sorcery,,,,"Put a 1/2 green Spider creature token with reach onto the battlefield for each creature card in your graveyard.
Flashback {6}{B}",,U,DPI,374574,138203,Daniel Ljunggren,False,300,DATA_000,D15_INNISTRAD_PLAYER_POOL,D15_BG_ARCHETYPE_MP; D15_INNISTRAD_SPIDER_TANGLE,D15_BG_STARTER_BOOSTER_2; D15_GU_STARTER_BOOSTER_2
SPIKED_BALOTH_374367,Spiked Baloth,{3}{G},4,G,,Creature,Beast,4,2,Trample,"If a baloth isn’t hungry, it’s dead.",C,DPI,374367,143969,Daarken,False,,DATA_000,,D15_LESSON_4_AI,
SPIRE_TRACER_377128,Spire Tracer,{G},1,G,,Creature,Elf Scout,1,1,Spire Tracer can’t be blocked except by creatures with flying or reach.,"Cartographers on Ravnica chart not just the horizontal, but also the vertical.",C,DPI,377128,146336,Christopher Moeller,False,300,DATA_000,D15_RAVNICA_PLAYER_POOL,D15_TUTORIAL_BOSS_DECK,
SPIRITMONGER_375009,Spiritmonger,{3}{B}{G},5,BG,,Creature,Beast,6,6,"Whenever Spiritmonger deals damage to a creature, put a +1/+1 counter on Spiritmonger.
{B}: Regenerate Spiritmonger.
{G}: Spiritmonger becomes the color of your choice until end of turn.",,R,DPI,375009,101028,Kev Walker,False,600,DATA_000,,D15_SHANDALAR_GARRUK_BOSS_BLACK; E15_PLAYER_GARRUK_NODE_4,
SPORE_BURST_382008,Spore Burst,{3}{G},4,G,,Sorcery,,,,Domain — Put a 1/1 green Saproling creature token onto the battlefield for each basic land type among lands you control.,Seeds from Jund don’t drift gently on the wind. They get up and stampede.,U,DPI,382008,118779,Daarken,False,900,DATA_010,E15_PLAYER_POOL,E15_MAELSTROM_EXPLORE,
SPREADING_SEAS_374439,Spreading Seas,{1}{U},2,U,,Enchantment,Aura,,,"Enchant land
When Spreading Seas enters the battlefield, draw a card.
Enchanted land is an Island.",,C,DPI,374439,123683,Jung Park,False,300,DATA_000,,D15_THEROS_OCEANS_MIGHT,
SPROUTING_THRINAX_381919,Sprouting Thrinax,{B}{R}{G},3,BRG,,Creature,Lizard,3,3,"When Sprouting Thrinax dies, put three 1/1 green Saproling creature tokens onto the battlefield.",The vast network of predation on Jund has actually caused some strange creatures to adapt to being eaten.,U,DPI,381919,114974,Jarreau Wimberly,False,600,DATA_010,E15_PLAYER_POOL,E15_JUND_EXPLORE,
SQUADRON_HAWK_377075,Squadron Hawk,{1}{W},2,W,,Creature,Bird,1,1,"Flying
When Squadron Hawk enters the battlefield, you may search your library for up to three cards named Squadron Hawk, reveal them, put them into your hand, then shuffle your library.",,C,DPI,377075,136799,Martina Pilcerova,False,300,DATA_000,D15_DLC_POOL,,
STAFF_OF_THE_DEATH_MAGUS_374369,Staff of the Death Magus,{3},3,,,Artifact,,,,"Whenever you cast a black spell or a Swamp enters the battlefield under your control, you gain 1 life.",A symbol of ambition in ruthless times.,U,DPI,374369,147391,Daniel Ljunggren,False,300,DATA_000,,D15_RAVNICA_ORZHOVS_DEMAND,
STAFF_OF_THE_FLAME_MAGUS_374370,Staff of the Flame Magus,{3},3,,,Artifact,,,,"Whenever you cast a red spell or a Mountain enters the battlefield under your control, you gain 1 life.",A symbol of passion in indifferent times.,U,DPI,374370,147392,Daniel Ljunggren,False,300,DATA_000,,,
STAFF_OF_THE_MIND_MAGUS_374371,Staff of the Mind Magus,{3},3,,,Artifact,,,,"Whenever you cast a blue spell or an Island enters the battlefield under your control, you gain 1 life.",A symbol of sagacity in bewildering times.,U,DPI,374371,147377,Daniel Ljunggren,False,300,DATA_000,,D15_RAVNICA_JACES_TEST,
STAFF_OF_THE_SUN_MAGUS_377129,Staff of the Sun Magus,{3},3,,,Artifact,,,,"Whenever you cast a white spell or a Plains enters the battlefield under your control, you gain 1 life.",A symbol of conviction in uncertain times.,U,DPI,377129,147396,Daniel Ljunggren,False,300,DATA_000,,D15_INNISTRAD_AVACYN; D15_LESSON_5_AI; D15_RAVNICA_ORZHOVS_DEMAND,
STANDING_TROOPS_380884,Standing Troops,{2}{W},3,W,,Creature,Human Soldier,1,4,Vigilance,"The less you have, the harder you fight for it.",C,DPI,380884,155890,Zoltan Boros,False,,DATA_000,D15_INNISTRAD_PLAYER_POOL,,D15_RG_STARTER_BOOSTER_1; D15_WR_STARTER_BOOSTER_1
STEELFORM_SLIVER_374373,Steelform Sliver,{2}{W},3,W,,Creature,Sliver,2,2,Sliver creatures you control get +0/+1.,"“Though the slivers may sometimes resemble us, they are not human. Anyone who fights them must remember this.”
—Sarlena, paladin of the Northern Verge",U,DPI,374373,147367,Chase Stone,False,150,DATA_000,,D15_SHANDALAR_SLIVERS; D15_SHANDALAR_SLIVERS_PW,
STOMPER_CUB_380885,Stomper Cub,{3}{G}{G},5,G,,Creature,Beast,5,3,Trample,"“This one is only a yearling, but it would be wise to move away before we provide it with excellent hunting practice.”
—Samila, Murasa Expeditionary House",C,DPI,380885,127356,Karl Kopinski,False,,DATA_000,D15_ZENDIKAR_PLAYER_POOL,D15_TUTORIAL_BOSS_DECK,
STONE_IDOL_TRAP_374411,Stone Idol Trap,{5}{R},6,R,,Instant,Trap,,,"Stone Idol Trap costs {1} less to cast for each attacking creature.
Put a 6/12 colorless Construct artifact creature token with trample onto the battlefield. Exile it at the beginning of your next end step.",,R,DPI,374411,126555,Jung Park,False,1800,DATA_000,,D15_ZENDIKAR_TRAPFILLED_LAIR; D15_ZENDIKAR_TRAPFILLED_LAIR_PW,
STONEFORGE_MYSTIC_374375,Stoneforge Mystic,{1}{W},2,W,,Creature,Kor Artificer,1,2,"When Stoneforge Mystic enters the battlefield, you may search your library for an Equipment card, reveal it, put it into your hand, then shuffle your library.
{1}{W}, {T}: You may put an Equipment card from your hand onto the battlefield.",,R,DPI,374375,126571,Mike Bierek,False,300,DATA_000,D15_DLC_POOL,,
STONEWORK_PUMA_374376,Stonework Puma,{3},3,,,Artifact Creature,Cat Ally,2,2,,"“We suffer uneasy ground, unstable alliances, and unpredictable magic. Something you can truly trust is worth more than a chest of gold.”
—Nikou, Joraga bard",C,DPI,374376,123676,Christopher Moeller,False,,DATA_000,,D15_ZENDIKAR_STRENGTH_IN_NUMBERS,
STORMBLOOD_BERSERKER_382089,Stormblood Berserker,{1}{R},2,R,,Creature,Human Berserker,1,1,"Bloodthirst 2
Stormblood Berserker can’t be blocked except by two or more creatures.",Blood is holy to those whose god is War.,U,DPI,382089,134156,Min Yum,False,300,DATA_000,,,
STORMBREATH_DRAGON_378226,Stormbreath Dragon,{3}{R}{R},5,R,,Creature,Dragon,4,4,"Flying, haste, protection from white
{5}{R}{R}: Monstrosity 3.
When Stormbreath Dragon becomes monstrous, it deals damage to each opponent equal to the number of cards in that player’s hand.",,M,DPI,378226,150820,Slawomir Maniak,False,600,DATA_000,D15_THEROS_PLAYER_POOL,D15_BR_ARCHETYPE_MP; D15_RG_ARCHETYPE_MP; D15_UR_ARCHETYPE_MP; D15_WR_ARCHETYPE_MP,
STORMFRONT_PEGASUS_384126,Stormfront Pegasus,{1}{W},2,W,,Creature,Pegasus,2,1,Flying,"“At summer’s end, the pegasus herd stampedes across the sky. Their silent footfalls taunt the clouds and bid the rains to come.”
—Stormfront fable",C,DPI,384126,121624,rk post,False,,DATA_000,,D15_LESSON_5_AI,
STRANGLEROOT_GEIST_377423,Strangleroot Geist,{G}{G},2,G,,Creature,Spirit,2,1,"Haste
Undying",Geists of the hanged often haunt the tree on which they died.,U,DPI,377423,131646,Jason Chan,False,300,DATA_010,,E15_SPIRITCRAFTER,
STRIKING_SLIVER_374377,Striking Sliver,{R},1,R,,Creature,Sliver,1,1,Sliver creatures you control have first strike.,You’re too busy recoiling in fear to realize that it’s already hit you.,C,DPI,374377,147445,Maciej Kuciara,False,150,DATA_000,,D15_SHANDALAR_SLIVERS; D15_SHANDALAR_SLIVERS_PW,
STROMKIRK_PATROL_380218,Stromkirk Patrol,{4}{B},5,B,,Creature,Vampire Soldier,4,3,"Whenever Stromkirk Patrol deals combat damage to a player, put a +1/+1 counter on it.","“You’d best move along, human. Our palates are far less discerning than our master’s.”",C,DPI,380218,138247,Karl Kopinski,False,150,DATA_000,,D15_INNISTRAD_FEAST_OF_FLESH,
SUDDEN_IMPACT_381861,Sudden Impact,{3}{R},4,R,,Instant,,,,Sudden Impact deals damage to target player equal to the number of cards in that player’s hand.,"“Some say it’s better to think before you act. While those people are considering all the options, that’s usually when I kill them.”
—Dravus, lava mage",U,DPI,381861,104533,Wayne Reynolds,False,600,DATA_010,,E15_MIND_ADDLER,
SUDDEN_STORM_377517,Sudden Storm,{3}{U},4,U,,Instant,,,,Tap up to two target creatures. Those creatures don’t untap during their controllers’ next untap steps. Scry 1.,"No matter how big and strong you are, the sea is bigger and stronger.",C,DPI,377517,152552,Adam Paquette,False,900,DATA_000,,,
SUFFER_THE_PAST_382158,Suffer the Past,{X}{B},1,B,,Instant,,,,"Exile X target cards from target player’s graveyard. For each card exiled this way, that player loses 1 life and you gain 1 life.","Ulamog’s tentacles, their touch like burning ice, rummaged through his soul and stung his memories one by one.",U,DPI,382158,127388,Trevor Claxton,False,600,DATA_000,D15_ZENDIKAR_PLAYER_POOL,D15_WB_ARCHETYPE_MP,
SULTAI_SOOTHSAYER_388084,Sultai Soothsayer,{2}{B}{G}{U},5,UBG,,Creature,Naga Shaman,2,5,"When Sultai Soothsayer enters the battlefield, look at the top four cards of your library. Put one of them into your hand and the rest into your graveyard.",The naga of the Sultai Brood made deals with dark forces to keep their power.,U,DPI,388084,156529,Cynthia Sheppard,False,600,DATA_041,F15_BOOSTER_CREATURES,,
SUNSPIRE_GATEKEEPERS_374537,Sunspire Gatekeepers,{3}{W},4,W,,Creature,Human Soldier,2,4,"When Sunspire Gatekeepers enters the battlefield, if you control two or more Gates, put a 2/2 white Knight creature token with vigilance onto the battlefield.","“You will pass with respect, or you will not pass at all.”",C,DPI,374537,131653,Chippy,False,300,DATA_000,,D15_RAVNICA_SEARCH_THE_CITY; D15_RAVNICA_SEARCH_THE_CITY_PW,
SUNSPRING_EXPEDITION_377064,Sunspring Expedition,{W},1,W,,Enchantment,,,,"Landfall — Whenever a land enters the battlefield under your control, you may put a quest counter on Sunspring Expedition.
Remove three quest counters from Sunspring Expedition and sacrifice it: You gain 8 life.",,C,DPI,377064,123558,Chris J. Anderson,False,,DATA_000,,D15_ZENDIKAR_ALL_OUT_SPRINT,
SUPPLYLINE_CRANES_382222,Supply-Line Cranes,{3}{W}{W},5,W,,Creature,Bird,2,4,"Flying
When Supply-Line Cranes enters the battlefield, put a +1/+1 counter on target creature.",They are trained from hatching to deliver aid where it is needed most.,C,DPI,382222,152807,Daniel Ljunggren,False,300,DATA_000,,D15_THEROS_WHATS_IN_THE_BOX,
SURRAKAR_BANISHER_380906,Surrakar Banisher,{4}{U},5,U,,Creature,Surrakar,3,3,"When Surrakar Banisher enters the battlefield, you may return target tapped creature to its owner’s hand.",Surrakar grab things they don’t want.,C,DPI,380906,126489,Matt Cavotta,False,300,DATA_000,D15_ZENDIKAR_PLAYER_POOL,D15_UG_ARCHETYPE_MP,
SURVIVAL_CACHE_377484,Survival Cache,{2}{W},3,W,,Sorcery,,,,"You gain 2 life. Then if you have more life than an opponent, draw a card.
Rebound",,U,DPI,377484,127332,Scott Chou,False,600,DATA_000,,D15_ZENDIKAR_ALL_OUT_SPRINT,
SWAMP_357822,Swamp,,0,,Basic,Land,Swamp,,,,,L,DPI,357822,80959,Jim Nelson,False,,DATA_000,,D15_LESSON_2_PLAYER; D15_LESSON_3_AI,
SWAMP_357824,Swamp,,0,,Basic,Land,Swamp,,,,,L,DPI,357824,80951,Jim Nelson,False,,DATA_000,,D15_LESSON_2_PLAYER; D15_LESSON_3_AI,
SWAMP_357826,Swamp,,0,,Basic,Land,Swamp,,,,,L,DPI,357826,138466,Jung Park,False,,DATA_000,,D15_INNISTRAD_LAND_POOL,
SWAMP_357827,Swamp,,0,,Basic,Land,Swamp,,,,,L,DPI,357827,80953,Jim Nelson,False,,DATA_000,,D15_LESSON_2_PLAYER; D15_LESSON_3_AI,
SWAMP_357829,Swamp,,0,,Basic,Land,Swamp,,,,,L,DPI,357829,80952,Jim Nelson,False,,DATA_000,,D15_LESSON_2_PLAYER; D15_LESSON_3_AI,
SWAMP_357830,Swamp,,0,,Basic,Land,Swamp,,,,,L,DPI,357830,89174,Stephan Martiniere,False,,DATA_000,,D15_LESSON_2_PLAYER; D15_LESSON_3_AI,
SWAMP_357832,Swamp,,0,,Basic,Land,Swamp,,,,,L,DPI,357832,138465,James Paick,False,,DATA_000,,D15_INNISTRAD_CURSES; D15_INNISTRAD_LAND_POOL; D15_INNISTRAD_MAD_SCIENCE; D15_INNISTRAD_MAD_SCIENCE_PW,
SWAMP_357952,Swamp,,0,,Basic,Land,Swamp,,,,,L,DPI,357952,138464,Adam Paquette,False,,DATA_000,,D15_INNISTRAD_LAND_POOL,
SWAMP_380428,Swamp,,0,,Basic,Land,Swamp,,,,,L,DPI,380428,137575,Jung Park,False,,DATA_000,,D15_SHANDALAR_LAND_POOL; DEFAULT_LAND_POOL,
SWAMP_380429,Swamp,,0,,Basic,Land,Swamp,,,,,L,DPI,380429,137576,Cliff Childs,False,,DATA_000,,D15_SHANDALAR_LAND_POOL; DEFAULT_LAND_POOL,
SWAMP_380430,Swamp,,0,,Basic,Land,Swamp,,,,,L,DPI,380430,138795,Jonas De Ro,False,,DATA_000,,D15_SHANDALAR_LAND_POOL; DEFAULT_LAND_POOL,
SWAMP_380431,Swamp,,0,,Basic,Land,Swamp,,,,,L,DPI,380431,153337,John Avon,False,,DATA_000,,D15_SHANDALAR_LAND_POOL; DEFAULT_LAND_POOL,
SWAMP_380483,Swamp,,0,,Basic,Land,Swamp,,,,,L,DPI,380483,123751,Vincent Proce,False,,DATA_000,,D15_ZENDIKAR_LAND_POOL,
SWAMP_380484,Swamp,,0,,Basic,Land,Swamp,,,,,L,DPI,380484,123753,Véronique Meignaud,False,,DATA_000,,D15_ZENDIKAR_LAND_POOL,
SWAMP_380485,Swamp,,0,,Basic,Land,Swamp,,,,,L,DPI,380485,123759,John Avon,False,,DATA_000,,D15_ZENDIKAR_LAND_POOL,
SWAMP_380486,Swamp,,0,,Basic,Land,Swamp,,,,,L,DPI,380486,123769,Jung Park,False,,DATA_000,,D15_ZENDIKAR_LAND_POOL,
SWAMP_380507,Swamp,,0,,Basic,Land,Swamp,,,,,L,DPI,380507,145250,John Avon,False,,DATA_000,,D15_RAVNICA_LAND_POOL,
SWAMP_380508,Swamp,,0,,Basic,Land,Swamp,,,,,L,DPI,380508,145251,Adam Paquette,False,,DATA_000,,D15_RAVNICA_LAND_POOL,
SWAMP_380509,Swamp,,0,,Basic,Land,Swamp,,,,,L,DPI,380509,145252,Richard Wright,False,,DATA_000,,D15_RAVNICA_LAND_POOL,
SWAMP_380510,Swamp,,0,,Basic,Land,Swamp,,,,,L,DPI,380510,145253,Yeong-Hao Han,False,,DATA_000,,D15_RAVNICA_LAND_POOL,
SWAMP_380511,Swamp,,0,,Basic,Land,Swamp,,,,,L,DPI,380511,89177,Richard Wright,False,,DATA_000,,D15_RAVNICA_LAND_POOL,
SWAMP_380527,Swamp,,0,,Basic,Land,Swamp,,,,,L,DPI,380527,149130,Rob Alexander,False,,DATA_000,,D15_THEROS_LAND_POOL; D15_THEROS_WHATS_IN_THE_BOX,
SWAMP_380528,Swamp,,0,,Basic,Land,Swamp,,,,,L,DPI,380528,149978,Adam Paquette,False,,DATA_000,,D15_THEROS_LAND_POOL,
SWAMP_380529,Swamp,,0,,Basic,Land,Swamp,,,,,L,DPI,380529,149979,Raoul Vitale,False,,DATA_000,,D15_THEROS_LAND_POOL,
SWAMP_380530,Swamp,,0,,Basic,Land,Swamp,,,,,L,DPI,380530,149133,Steven Belledin,False,,DATA_000,,D15_LESSON_2_PLAYER; D15_LESSON_3_AI; D15_THEROS_LAND_POOL,
SWIFT_JUSTICE_380284,Swift Justice,{W},1,W,,Instant,,,,"Until end of turn, target creature gets +1/+0 and gains first strike and lifelink.","“Having conviction is more important than being righteous.”
—Aurelia",C,DPI,380284,145117,Karl Kopinski,False,450,DATA_000,D15_RAVNICA_PLAYER_POOL,D15_RAVNICA_BOROS_FIST,
SWITCHEROO_374378,Switcheroo,{4}{U},5,U,,Sorcery,,,,Exchange control of two target creatures.,Say hello to your new friend.,U,DPI,374378,143930,Kev Walker,False,1200,DATA_000,D15_SHANDALAR_PLAYER_POOL,D15_LESSON_4_PLAYER; D15_UG_ARCHETYPE_MP; D15_UR_ARCHETYPE_MP,
SWORDWISE_CENTAUR_377512,Swordwise Centaur,{G}{G},2,G,,Creature,Centaur Warrior,3,2,,"The girl who would become the Champion of the Sun hacked furiously at the practice dummy. At last she stopped, breathing heavily, and looked up at her instructor.
“So much anger,” said the centaur. “I will teach you the ways of war, child. But first you must make peace with yourself.”
—The Theriad",C,DPI,377512,152051,Slawomir Maniak,False,,DATA_000,,D15_THEROS_CENTAUR_FURY,
SYLVAN_BOUNTY_382135,Sylvan Bounty,{5}{G},6,G,,Instant,,,,"Target player gains 8 life.
Basic landcycling {1}{G}",Some who scouted new lands chose to stay.,C,DPI,382135,118713,Chris Rahn,False,600,DATA_010,E15_PLAYER_POOL,,
SYLVAN_RANGER_382073,Sylvan Ranger,{1}{G},2,G,,Creature,Elf Scout,1,1,"When Sylvan Ranger enters the battlefield, you may search your library for a basic land card, reveal it, put it into your hand, then shuffle your library.",“Not all paths are found on the forest floor.”,C,DPI,382073,102617,Christopher Moeller,False,300,DATA_000,,D15_ZENDIKAR_NISSAS_DEFIANCE,
SYNDIC_OF_TITHES_374522,Syndic of Tithes,{1}{W},2,W,,Creature,Human Cleric,2,2,Extort,"“Entrance is free. Donations are required.”
—Notice outside Vizkopa Bank",C,DPI,374522,146523,Steve Prescott,False,450,DATA_000,,D15_RAVNICA_ORZHOVS_DEMAND,
SEANCE_387235,Séance,{2}{W}{W},4,W,,Enchantment,,,,"At the beginning of each upkeep, you may exile target creature card from your graveyard. If you do, put a token onto the battlefield that’s a copy of that card except it’s a Spirit in addition to its other types. Exile it at the beginning of the next end step.",,R,DPI,387235,139800,David Rapoza,False,750,DATA_000,D15_INNISTRAD_PLAYER_POOL,,D15_BR_STARTER_BOOSTER_3; D15_GU_STARTER_BOOSTER_3
TAJURU_ARCHER_382210,Tajuru Archer,{2}{G},3,G,,Creature,Elf Archer Ally,1,2,"Whenever Tajuru Archer or another Ally enters the battlefield under your control, you may have Tajuru Archer deal damage to target creature with flying equal to the number of Allies you control.",,U,DPI,382210,123607,Chris Rahn,False,300,DATA_000,,D15_ZENDIKAR_STRENGTH_IN_NUMBERS,
TALRAND_SKY_SUMMONER_380238,"Talrand, Sky Summoner",{2}{U}{U},4,U,Legendary,Creature,Merfolk Wizard,2,2,"Whenever you cast an instant or sorcery spell, put a 2/2 blue Drake creature token with flying onto the battlefield.","“The seas are vast, but the skies are even more so. Why be content with one kingdom when I can rule them both?”",R,DPI,380238,143873,Svetlin Velinov,False,600,DATA_000,D15_DLC_POOL,,
TECTONIC_RIFT_382090,Tectonic Rift,{3}{R},4,R,,Sorcery,,,,Destroy target land. Creatures without flying can’t block this turn.,"“You will kneel before me, even if I have to split the earth under your feet!”
—Ash Kronor, Keldon warlord",U,DPI,382090,136315,John Avon,False,750,DATA_000,D15_ZENDIKAR_PLAYER_POOL,D15_SHANDALAR_ONNAKKE_GUARDIANS,
TEMPLE_BELL_382074,Temple Bell,{3},3,,,Artifact,,,,{T}: Each player draws a card.,Enlightenment is not gained by striking the bell or hearing its toll. It’s found in the silence that follows.,R,DPI,382074,129145,Mark Tedin,False,450,DATA_010,,E15_MIND_ADDLER,
TEMPLE_OF_DECEIT_377498,Temple of Deceit,,0,,,Land,,,,"Temple of Deceit enters the battlefield tapped.
When Temple of Deceit enters the battlefield, scry 1.
{T}: Add {U} or {B} to your mana pool.",,R,DPI,377498,149112,Raymond Swanland,False,,DATA_000,,D15_THEROS_PERILOUS_SEAS,
TEMPLE_OF_MALICE_380170,Temple of Malice,,0,,,Land,,,,"Temple of Malice enters the battlefield tapped.
When Temple of Malice enters the battlefield, scry 1.
{T}: Add {B} or {R} to your mana pool.",,R,DPI,380170,149113,Sam Burley,False,,DATA_000,,D15_THEROS_ARMY_OF_THE_RETURNED; D15_THEROS_MINOTAURS_STAMPEDE,
TEMPLE_OF_PLENTY_377521,Temple of Plenty,,0,,,Land,,,,"Temple of Plenty enters the battlefield tapped.
When Temple of Plenty enters the battlefield, scry 1.
{T}: Add {G} or {W} to your mana pool.",,R,DPI,377521,149115,Noah Bradley,False,,DATA_000,,D15_THEROS_CENTAUR_FURY,
TENACIOUS_DEAD_382118,Tenacious Dead,{B},1,B,,Creature,Skeleton Warrior,1,1,"When Tenacious Dead dies, you may pay {1}{B}. If you do, return it to the battlefield tapped under its owner’s control.",Raising the bones of Hekjek the Mad proved far easier than getting them to lie back down.,U,DPI,382118,147402,John Stanko,False,300,DATA_000,,D15_ZENDIKAR_SCORN_OF_OB_NIXILIS,
TENDRILS_OF_CORRUPTION_382062,Tendrils of Corruption,{3}{B},4,B,,Instant,,,,"Tendrils of Corruption deals X damage to target creature and you gain X life, where X is the number of Swamps you control.",Darkness doesn’t always send its minions to do its dirty work.,C,DPI,382062,101040,Vance Kovacs,False,1500,DATA_010,,,
TERRA_STOMPER_374441,Terra Stomper,{3}{G}{G}{G},6,G,,Creature,Beast,8,8,"Terra Stomper can’t be countered.
Trample","Sometimes violent earthquakes, hurtling boulders, and unseasonable dust storms are wrongly attributed to the Roil.",R,DPI,374441,123648,Goran Josic,False,,DATA_000,D15_ZENDIKAR_REWARDS,,
TERRAMORPHIC_EXPANSE_374379,Terramorphic Expanse,,0,,,Land,,,,"{T}, Sacrifice Terramorphic Expanse: Search your library for a basic land card and put it onto the battlefield tapped. Then shuffle your library.",,C,DPI,374379,97502,Dan Scott,False,,DATA_000,,D15_ZENDIKAR_STRENGTH_IN_NUMBERS; E15_MAELSTROM_EXPLORE,
TERRIFYING_PRESENCE_374623,Terrifying Presence,{1}{G},2,G,,Instant,,,,Prevent all combat damage that would be dealt by creatures other than target creature this turn.,"Elmut had slaughtered vampires, slain werewolves, and destroyed hordes of zombies. Sadly, he never got over his fear of spiders.",C,DPI,374623,141611,Jaime Jones,False,600,DATA_000,,D15_INNISTRAD_SPIDER_TANGLE,
TERRUS_WURM_380285,Terrus Wurm,{6}{B},7,B,,Creature,Zombie Wurm,5,5,Scavenge {6}{B},"“We follow it through its tunnels, and where it dies, we farm.”
—Mihas, spore druid",C,DPI,380285,145130,Cliff Childs,False,300,DATA_000,,D15_RAVNICA_GOLGARI_DEPTHS,
THASSAS_BOUNTY_380886,Thassa’s Bounty,{5}{U},6,U,,Sorcery,,,,Draw three cards. Target player puts the top three cards of his or her library into his or her graveyard.,"“Was this gift cast adrift for any to find, or did Thassa guide the currents to bring it to me alone?”
—Kenessos, priest of Thassa",C,DPI,380886,150859,Ryan Yee,False,1800,DATA_000,D15_THEROS_PLAYER_POOL,D15_UB_ARCHETYPE_MP,
THINK_TWICE_378315,Think Twice,{1}{U},2,U,,Instant,,,,"Draw a card.
Flashback {2}{U}","“Either I know just the spell I need, or I’m about to.”",C,DPI,378315,138327,Anthony Francisco,False,300,DATA_000,D15_DLC_POOL,,
THORNTHRASH_VIASHINO_381920,Thorn-Thrash Viashino,{3}{R},4,R,,Creature,Viashino Warrior,2,2,"Devour 2
{G}: Thorn-Thrash Viashino gains trample until end of turn.",,C,DPI,381920,115117,Jon Foster,False,150,DATA_010,E15_PLAYER_POOL,,
THOUGHT_SCOUR_374381,Thought Scour,{U},1,U,,Instant,,,,"Target player puts the top two cards of his or her library into his or her graveyard.
Draw a card.","“As you inject the viscus vitae into the brain stem, don’t let the spastic moaning bother you. It will soon become music to your ears.”
—Stitcher Geralf",C,DPI,374381,139874,David Rapoza,False,300,DATA_000,,,
THOUGHT_SCOUR_IMS,Thought Scour,{U},1,U,,Instant,,,,"Target player puts the top two cards of his or her library into his or her graveyard.
Draw a card.","“As you inject the viscus vitae into the brain stem, don’t let the spastic moaning bother you. It will soon become music to your ears.”
—Stitcher Geralf",C,DPI,30,139874,David Rapoza,False,,DATA_000,,D15_INNISTRAD_MAD_SCIENCE; D15_INNISTRAD_MAD_SCIENCE_PW,
THRABEN_PUREBLOODS_378316,Thraben Purebloods,{4}{W},5,W,,Creature,Hound,3,5,,"“I’ve learned to trust my dogs’ instincts. When they’re calm, I’m calm. And when they get nervous, I get my crossbow.”
—Hinrik of House Cecani",C,DPI,378316,138326,Martina Pilcerova,False,,DATA_000,D15_INNISTRAD_PLAYER_POOL,,D15_WB_STARTER_BOOSTER_1
THRABEN_VALIANT_374382,Thraben Valiant,{1}{W},2,W,,Creature,Human Soldier,2,1,Vigilance,"“Once more into Devil’s Breach, soldiers. I want another devil tail for my collection.”",C,DPI,374382,139885,Jason Chan,False,,DATA_000,,D15_INNISTRAD_AVACYN,
THRAGTUSK_375136,Thragtusk,{4}{G},5,G,,Creature,Beast,5,3,"When Thragtusk enters the battlefield, you gain 5 life.
When Thragtusk leaves the battlefield, put a 3/3 green Beast creature token onto the battlefield.","“Always carry two spears.”
—Mokgar, Kalonian hunter",R,DPI,375136,143882,Nils Hamm,False,900,DATA_000,,,
THRAXIMUNDAR_381950,Thraximundar,{4}{U}{B}{R},7,UBR,Legendary,Creature,Zombie Assassin,6,6,"Haste
Whenever Thraximundar attacks, defending player sacrifices a creature.
Whenever a player sacrifices a creature, you may put a +1/+1 counter on Thraximundar.",His name means “he who paints the earth red.”,M,DPI,381950,121007,Raymond Swanland,False,1200,DATA_010,,,
THRILLKILL_ASSASSIN_374483,Thrill-Kill Assassin,{1}{B},2,B,,Creature,Human Assassin,1,2,"Deathtouch
Unleash","As the bounty on Massacre Girl rose, so did the number of imitators.",U,DPI,374483,145171,Tyler Jacobson,False,,DATA_000,,D15_RAVNICA_RAKDOS_RIOT,
TIDEHOLLOW_STRIX_381921,Tidehollow Strix,{U}{B},2,UB,,Artifact Creature,Bird,2,1,"Flying, deathtouch","The scullers beneath Esper keep strixes as trained pets, and set them loose when a fare refuses to pay.",C,DPI,381921,115078,Cyril Van Der Haegen,False,,DATA_010,E15_PLAYER_POOL,,
TIMBERLAND_GUIDE_380161,Timberland Guide,{1}{G},2,G,,Creature,Human Scout,1,1,"When Timberland Guide enters the battlefield, put a +1/+1 counter on target creature.",“Can you build a fire? Track a deer? Identify killer trees? Then you’ll never survive Kessig without me.”,C,DPI,380161,141593,Zoltan Boros,False,300,DATA_000,D15_INNISTRAD_PLAYER_POOL,D15_TUTORIAL_BOSS_DECK; D15_UG_ARCHETYPE_MP,D15_GU_STARTER_BOOSTER_1; D15_UR_STARTER_BOOSTER_1
TIMBERPACK_WOLF_380239,Timberpack Wolf,{1}{G},2,G,,Creature,Wolf,2,2,Timberpack Wolf gets +1/+1 for each other creature you control named Timberpack Wolf.,"“The need for the pack is bred in their bones. Their true strength will not show itself for any other purpose.”
—Garruk Wildspeaker",C,DPI,380239,143968,John Avon,False,150,DATA_000,,,
TIMBERWATCH_ELF_388086,Timberwatch Elf,{2}{G},3,G,,Creature,Elf,1,2,"{T}: Target creature gets +X/+X until end of turn, where X is the number of Elves on the battlefield.","Even through the Mirari’s voice, the elves still hear the call of their kinship.",C,DPI,388086,48217,Dave Dorman,False,600,DATA_022,F15_BOOSTER_GREEN,,
TIME_WARP_377027,Time Warp,{3}{U}{U},5,U,,Sorcery,,,,Target player takes an extra turn after this one.,Just when you thought you’d survived the first wave.,M,DPI,377027,122160,Jon Foster,False,1200,DATA_000,D15_ZENDIKAR_PLAYER_POOL,D15_UB_ARCHETYPE_MP; D15_UG_ARCHETYPE_MP; D15_UR_ARCHETYPE_MP; D15_UW_ARCHETYPE_MP,
TITANIC_GROWTH_378366,Titanic Growth,{1}{G},2,G,,Instant,,,,Target creature gets +4/+4 until end of turn.,The massive dominate through might. The tiny survive with guile. Beware the tiny who become massive.,C,DPI,378366,135280,Ryan Pancoast,False,900,DATA_000,D15_THEROS_PLAYER_POOL,,
TITHE_DRINKER_377417,Tithe Drinker,{W}{B},2,WB,,Creature,Vampire,2,1,"Lifelink
Extort",,C,DPI,377417,147771,Slawomir Maniak,False,300,DATA_000,,D15_RAVNICA_ORZHOVS_DEMAND,
TOMB_HEX_374412,Tomb Hex,{2}{B},3,B,,Instant,,,,"Target creature gets -2/-2 until end of turn.
Landfall — If you had a land enter the battlefield under your control this turn, that creature gets -4/-4 until end of turn instead.",,C,DPI,374412,126477,Izzy,False,900,DATA_000,,D15_ZENDIKAR_TOMB_OF_TERROR; D15_ZENDIKAR_TOMB_OF_TERROR_PW,
TOME_SCOUR_374728,Tome Scour,{U},1,U,,Sorcery,,,,Target player puts the top five cards of his or her library into his or her graveyard.,“I hope none of those were important!”,C,DPI,374728,102623,Steven Belledin,False,300,DATA_000,D15_SHANDALAR_PLAYER_POOL,D15_SHANDALAR_WIZARDS_TOWER,
TORCH_FIEND_380887,Torch Fiend,{1}{R},2,R,,Creature,Devil,2,1,"{R}, Sacrifice Torch Fiend: Destroy target artifact.",Devils redecorate every room with fire.,C,DPI,380887,139758,Winona Nelson,False,300,DATA_000,,D15_LESSON_5_PLAYER,
TORMENTED_HERO_380302,Tormented Hero,{B},1,B,,Creature,Human Warrior,2,1,"Tormented Hero enters the battlefield tapped.
Heroic — Whenever you cast a spell that targets Tormented Hero, each opponent loses 1 life. You gain life equal to the life lost this way.",,U,DPI,380302,150886,Winona Nelson,False,300,DATA_000,D15_THEROS_PLAYER_POOL,,
TORMENTED_SOUL_377087,Tormented Soul,{B},1,B,,Creature,Spirit,1,1,Tormented Soul can’t block and can’t be blocked.,Those who raged most bitterly at the world in life are cursed to roam the nether realms in death.,C,DPI,377087,134091,Karl Kopinski,False,300,DATA_000,,D15_SHANDALAR_ONNAKKE_GUARDIANS,
TOWER_GARGOYLE_381922,Tower Gargoyle,{1}{W}{U}{B},4,WUB,,Artifact Creature,Gargoyle,4,4,Flying,"“Esper, like any work of art, can be truly appreciated only from a distance.”
—Tezzeret",U,DPI,381922,114937,Matt Cavotta,False,,DATA_010,E15_PLAYER_POOL,,
TRAINED_CARACAL_374834,Trained Caracal,{W},1,W,,Creature,Cat,1,1,Lifelink,"Some Ravnicans consider carrying a sword to be beneath them, preferring instead a tooth-and-claw escort.",C,DPI,374834,145108,James Ryman,False,,DATA_000,D15_RAVNICA_PLAYER_POOL,D15_THEROS_AJANI; D15_WR_ARCHETYPE_MP,
TRANSGUILD_PROMENADE_374835,Transguild Promenade,,0,,,Land,,,,"Transguild Promenade enters the battlefield tapped.
When Transguild Promenade enters the battlefield, sacrifice it unless you pay {1}.
{T}: Add one mana of any color to your mana pool.",,C,DPI,374835,145890,Noah Bradley,False,,DATA_000,,D15_RAVNICA_SEARCH_THE_CITY; D15_RAVNICA_SEARCH_THE_CITY_PW,
TRAUMATIC_VISIONS_382136,Traumatic Visions,{3}{U}{U},5,U,,Instant,,,,"Counter target spell.
Basic landcycling {1}{U}",,C,DPI,382136,118107,Cyril Van Der Haegen,False,900,DATA_010,E15_PLAYER_POOL,,
TRAUMATIZE_374730,Traumatize,{3}{U}{U},5,U,,Sorcery,,,,"Target player puts the top half of his or her library, rounded down, into his or her graveyard.",He was left with just enough memory to understand what he had lost.,R,DPI,374730,33487,Greg Staples,False,1200,DATA_000,,D15_SHANDALAR_WIZARDS_TOWER,
TRAUMATIZE_IMS,Traumatize,{3}{U}{U},5,U,,Sorcery,,,,"Target player puts the top half of his or her library, rounded down, into his or her graveyard.",He was left with just enough memory to understand what he had lost.,R,DPI,29,33487,Greg Staples,False,,DATA_000,,D15_INNISTRAD_MAD_SCIENCE; D15_INNISTRAD_MAD_SCIENCE_PW,
TRAVELERS_AMULET_380303,Traveler’s Amulet,{1},1,,,Artifact,,,,"{1}, Sacrifice Traveler’s Amulet: Search your library for a basic land card, reveal it, and put it into your hand. Then shuffle your library.","“What we call magic is nothing more than hope crystallized into a destination.”
—Perisophia the philosopher",C,DPI,380303,149078,Franz Vohwinkel,False,300,DATA_000,D15_THEROS_PLAYER_POOL,,
TREASURED_FIND_378338,Treasured Find,{B}{G},2,BG,,Sorcery,,,,Return target card from your graveyard to your hand. Exile Treasured Find.,"Gorgons crave beautiful things: gems, exquisite amulets, the alabaster corpses of the petrified dead . . .",U,DPI,378338,145205,Jason Chan,False,900,DATA_000,D15_RAVNICA_PLAYER_POOL,D15_BG_ARCHETYPE_MP,
TRIBAL_FLAMES_382137,Tribal Flames,{1}{R},2,R,,Sorcery,,,,"Domain — Tribal Flames deals X damage to target creature or player, where X is the number of basic land types among lands you control.","“Fire is the universal language.”
—Jhoira, master artificer",U,DPI,382137,148265,Zack Stella,False,900,DATA_010,,,
TRIBUTE_TO_HUNGER_378317,Tribute to Hunger,{2}{B},3,B,,Instant,,,,Target opponent sacrifices a creature. You gain life equal to that creature’s toughness.,"Marella was delighted. The ball had attracted so many suitors for her daughter, including that handsome stranger. She wondered where the two were now . . . .",U,DPI,378317,138262,Dave Kendall,False,1200,DATA_000,D15_INNISTRAD_PLAYER_POOL,D15_UB_ARCHETYPE_MP; D15_WB_ARCHETYPE_MP,D15_RG_STARTER_BOOSTER_2; D15_UB_STARTER_BOOSTER_2; D15_WB_STARTER_BOOSTER_2
TRIPLICATE_SPIRITS_378490,Triplicate Spirits,{4}{W}{W},6,W,,Sorcery,,,,"Convoke
Put three 1/1 white Spirit creature tokens with flying onto the battlefield.",,C,DPI,378490,155309,Izzy,False,900,DATA_000,D15_ZENDIKAR_PLAYER_POOL,D15_GW_ARCHETYPE_MP,
TRITON_SHORESTALKER_378471,Triton Shorestalker,{U},1,U,,Creature,Merfolk Rogue,1,1,Triton Shorestalker can’t be blocked.,"“Who will miss you, drywalker? A wife? A child? Perhaps they will blame the sea for your fate, and teach future generations to stay far away from it.”",C,DPI,378471,152810,Svetlin Velinov,False,,DATA_000,D15_THEROS_PLAYER_POOL,D15_UW_ARCHETYPE_MP,
TRIUMPH_OF_CRUELTY_374384,Triumph of Cruelty,{2}{B},3,B,,Enchantment,,,,"At the beginning of your upkeep, target opponent discards a card if you control the creature with the greatest power or tied for the greatest power.","“I’ve seen corpses prettier than you, beastmage.”
—Liliana Vess",U,DPI,374384,141834,Izzy,False,750,DATA_000,,D15_INNISTRAD_LILIANAS_WELCOME,
TRIUMPH_OF_FEROCITY_377530,Triumph of Ferocity,{2}{G},3,G,,Enchantment,,,,"At the beginning of your upkeep, draw a card if you control the creature with the greatest power or tied for the greatest power.","“Rid me of this curse, witch, or die with me.”
—Garruk Wildspeaker",U,DPI,377530,155980,Karl Kopinski,False,750,DATA_000,D15_INNISTRAD_PLAYER_POOL,,D15_WR_STARTER_BOOSTER_2
TROPICAL_ISLAND_377479,Tropical Island,,0,,,Land,Forest Island,,,{T}: Add {G} or {U} to your mana pool.,,R,DPI,377479,144411,Franz Vohwinkel,False,,DATA_000,,D15_THEROS_OCEANS_MIGHT,
TROSTANIS_JUDGMENT_374485,Trostani’s Judgment,{5}{W},6,W,,Instant,,,,"Exile target creature, then populate.","“Some cannot be saved as they are, but all can serve the Worldsoul.”
—Trostani",C,DPI,374485,145845,Christopher Moeller,False,1500,DATA_000,,,
TROSTANIS_SUMMONER_374538,Trostani’s Summoner,{5}{G}{W},7,WG,,Creature,Elf Shaman,1,1,"When Trostani’s Summoner enters the battlefield, put a 2/2 white Knight creature token with vigilance, a 3/3 green Centaur creature token, and a 4/4 green Rhino creature token with trample onto the battlefield.",,U,DPI,374538,146666,Howard Lyon,False,2100,DATA_000,,D15_RAVNICA_SELESNYAS_POWER,
TRUEFIRE_PALADIN_377448,Truefire Paladin,{R}{W},2,WR,,Creature,Human Knight,2,2,"Vigilance
{R}{W}: Truefire Paladin gets +2/+0 until end of turn.
{R}{W}: Truefire Paladin gains first strike until end of turn.",,U,DPI,377448,146581,Michael C. Hayes,False,600,DATA_000,D15_RAVNICA_PLAYER_POOL,D15_WR_ARCHETYPE_MP,
TRUMPET_BLAST_380920,Trumpet Blast,{2}{R},3,R,,Instant,,,,Attacking creatures get +2/+0 until end of turn.,Keldon warriors don’t need signals to tell them when to attack. They need signals to tell them when to stop.,C,DPI,380920,15646,Carl Critchlow,False,900,DATA_000,D15_SHANDALAR_PLAYER_POOL,,
TRUSTY_MACHETE_374443,Trusty Machete,{1},1,,,Artifact,Equipment,,,"Equipped creature gets +2/+1.
Equip {2}","“Until this expedition is done, that blade is your guardian, your liberator, and your best friend all rolled into one.”
—Yon Basrel, Oran-Rief survivalist",U,DPI,374443,123739,Raymond Swanland,False,300,DATA_000,,D15_ZENDIKAR_TANGLED_GROWTH; D15_ZENDIKAR_TANGLED_GROWTH_PW,
TUKATONGUE_THALLID_382009,Tukatongue Thallid,{G},1,G,,Creature,Fungus,1,1,"When Tukatongue Thallid dies, put a 1/1 green Saproling creature token onto the battlefield.",Jund’s thallids tried to disguise their deliciousness by covering themselves in spines harvested from the tukatongue tree.,C,DPI,382009,118766,Vance Kovacs,False,300,DATA_010,,E15_JUND_EXPLORE,
TUKTUK_GRUNTS_374385,Tuktuk Grunts,{4}{R},5,R,,Creature,Goblin Warrior Ally,2,2,"Haste
Whenever Tuktuk Grunts or another Ally enters the battlefield under your control, you may put a +1/+1 counter on Tuktuk Grunts.",Goblins are more aggressive with a crowd to cheer them on.,C,DPI,374385,123686,Mike Bierek,False,300,DATA_000,,,
TURN_TO_FROG_374386,Turn to Frog,{1}{U},2,U,,Instant,,,,Target creature loses all abilities and becomes a 1/1 blue Frog until end of turn.,“Ribbit.”,U,DPI,374386,115108,Warren Mahy,False,900,DATA_000,,,
TWOHEADED_CERBERUS_374779,Two-Headed Cerberus,{1}{R}{R},3,R,,Creature,Hound,1,2,Double strike,The left head keeps the right head starved as motivation to track new prey.,C,DPI,374779,149063,Karl Kopinski,False,,DATA_000,D15_THEROS_PLAYER_POOL,D15_WR_ARCHETYPE_MP,
UBUL_SAR_GATEKEEPERS_374539,Ubul Sar Gatekeepers,{3}{B},4,B,,Creature,Zombie Soldier,2,4,"When Ubul Sar Gatekeepers enters the battlefield, if you control two or more Gates, target creature an opponent controls gets -2/-2 until end of turn.","There are many gates into the undercity, but few ways out.",C,DPI,374539,147777,Volkan Baga,False,300,DATA_000,,D15_RAVNICA_SEARCH_THE_CITY; D15_RAVNICA_SEARCH_THE_CITY_PW,
ULCERATE_374628,Ulcerate,{B},1,B,,Instant,,,,Target creature gets -3/-3 until end of turn. You lose 3 life.,"“If it were merely lethal, that would be sufficient. The art, however, is in maximizing the suffering it causes.”
—Liliana Vess",U,DPI,374628,155210,Johann Bodin,False,900,DATA_000,D15_SHANDALAR_PLAYER_POOL,D15_SHANDALAR_ASSASSINS_BLADE; D15_UB_ARCHETYPE_MP; D15_WB_ARCHETYPE_MP,
UNCHECKED_GROWTH_381973,Unchecked Growth,{2}{G},3,G,,Instant,Arcane,,,"Target creature gets +4/+4 until end of turn. If it’s a Spirit, it gains trample until end of turn.","“That energy was once granted to growing things. Now the kami keep it for themselves, releasing it in sudden floods that overwhelm flesh and foliage alike.”
—Sakiko, Mother of Summer",U,DPI,381973,83970,Tsutomu Kawade,False,900,DATA_010,,E15_SPIRITCRAFTER,
UNDERWORLD_CERBERUS_377051,Underworld Cerberus,{3}{B}{R},5,BR,,Creature,Hound,6,6,"Underworld Cerberus can’t be blocked except by three or more creatures.
Cards in graveyards can’t be the targets of spells or abilities.
When Underworld Cerberus dies, exile it and each player returns all creature cards from his or her graveyard to his or her hand.",,M,DPI,377051,149216,Svetlin Velinov,False,900,DATA_000,,,
UNDYING_EVIL_382029,Undying Evil,{B},1,B,,Instant,,,,"Target creature gains undying until end of turn.
Undying","“Is it true the evil that people do follows them into death? Let’s find out.”
—Liliana Vess",C,DPI,382029,139871,Kev Walker,False,900,DATA_000,D15_INNISTRAD_PLAYER_POOL,,D15_GW_STARTER_BOOSTER_1
UNHALLOWED_PACT_374625,Unhallowed Pact,{2}{B},3,B,,Enchantment,Aura,,,"Enchant creature
When enchanted creature dies, return that card to the battlefield under your control.",Agreements with demons seldom end at the grave.,C,DPI,374625,141519,Volkan Baga,False,300,DATA_000,,,
UNSTABLE_FOOTING_380319,Unstable Footing,{R},1,R,,Instant,,,,"Kicker {3}{R}
Damage can’t be prevented this turn. If Unstable Footing was kicked, it deals 5 damage to target player.",A long way down is shorter than you think.,U,DPI,380319,123714,Nic Klein,False,600,DATA_000,,D15_ZENDIKAR_ROILING_PLANE; D15_ZENDIKAR_ROILING_PLANE_PW,
UNSUMMON_374387,Unsummon,{U},1,U,,Instant,,,,Return target creature to its owner’s hand.,Mages routinely summon creatures from the Æther. It’s only fair that they occasionally throw one back.,C,DPI,374387,118680,Izzy,False,600,DATA_000,,D15_RAVNICA_JACES_TEST,
URBAN_EVOLUTION_374524,Urban Evolution,{3}{G}{U},5,UG,,Sorcery,,,,Draw three cards. You may play an additional land this turn.,"As the Simic released more of their krasis experiments, they required new habitats, always at the expense of the locals.",U,DPI,374524,146265,Eytan Zana,False,900,DATA_000,,D15_RAVNICA_SEARCH_THE_CITY; D15_RAVNICA_SEARCH_THE_CITY_PW; D15_RAVNICA_SIMIC_STRANGENESS; D15_THEROS_OCEANS_MIGHT,
UTVARA_HELLKITE_388094,Utvara Hellkite,{6}{R}{R},8,R,,Creature,Dragon,6,6,"Flying
Whenever a Dragon you control attacks, put a 6/6 red Dragon creature token with flying onto the battlefield.",The fear of dragons is as old and as powerful as the fear of death itself.,M,DPI,388094,145978,Mark Zug,False,1500,DATA_021,F15_BOOSTER_RED,,
VALAKUT_THE_MOLTEN_PINNACLE_374445,"Valakut, the Molten Pinnacle",,0,,,Land,,,,"Valakut, the Molten Pinnacle enters the battlefield tapped.
Whenever a Mountain enters the battlefield under your control, if you control at least five other Mountains, you may have Valakut, the Molten Pinnacle deal 3 damage to target creature or player.
{T}: Add {R} to your mana pool.",,R,DPI,374445,123679,Kieran Yanner,False,300,DATA_000,,D15_ZENDIKAR_ROILING_PLANE; D15_ZENDIKAR_ROILING_PLANE_PW,
VAMPIRE_INTERLOPER_380219,Vampire Interloper,{1}{B},2,B,,Creature,Vampire Scout,2,1,"Flying
Vampire Interloper can’t block.","He listens to every heartbeat, deciding which one of hundreds he will stop.",C,DPI,380219,138241,James Ryman,False,,DATA_000,,D15_INNISTRAD_FEAST_OF_FLESH,
VAMPIRE_NIGHTHAWK_380921,Vampire Nighthawk,{1}{B}{B},3,B,,Creature,Vampire Shaman,2,3,"Flying, deathtouch, lifelink",,U,DPI,380921,123633,Jason Chan,False,,DATA_000,,D15_LESSON_2_PLAYER,
VAMPIRIC_FEAST_374989,Vampiric Feast,{5}{B}{B},7,B,,Sorcery,,,,Vampiric Feast deals 4 damage to target creature or player and you gain 4 life.,It’s not always gold the thief is after.,U,DPI,374989,6599,D. Alexander Gregory,False,1500,DATA_000,,D15_INNISTRAD_FEAST_OF_FLESH,
VAPOR_SNAG_380261,Vapor Snag,{U},1,U,,Instant,,,,Return target creature to its owner’s hand. Its controller loses 1 life.,"“This creature is inadequate. Send it to the splicers for innovation.”
—Malcator, Executor of Synthesis",C,DPI,380261,134278,Raymond Swanland,False,600,DATA_000,D15_DLC_POOL,,
VENDETTA_374854,Vendetta,{B},1,B,,Instant,,,,Destroy target nonblack creature. It can’t be regenerated. You lose life equal to that creature’s toughness.,"“Consider my debt to your kin paid in full.”
—Idrol, Guul Draz assassin",C,DPI,374854,127424,Karl Kopinski,False,1200,DATA_000,,D15_SHANDALAR_ASSASSINS_BLADE,
VENGEVINE_380272,Vengevine,{2}{G}{G},4,G,,Creature,Elemental,4,3,"Haste
Whenever you cast a spell, if it’s the second creature spell you cast this turn, you may return Vengevine from your graveyard to the battlefield.","Leave but a shred of root and it will return, bursting with vigor.",M,DPI,380272,149981,Trevor Claxton,False,450,DATA_000,D15_INNISTRAD_PLAYER_POOL,D15_BG_ARCHETYPE_MP; D15_GW_ARCHETYPE_MP; D15_RG_ARCHETYPE_MP; D15_UG_ARCHETYPE_MP,
VENOM_SLIVER_374711,Venom Sliver,{1}{G},2,G,,Creature,Sliver,1,1,Sliver creatures you control have deathtouch.,"“We attacked with arrows dipped in poison. The slivers that did not die began to change.”
—Hastric, Thunian Scout",U,DPI,374711,155240,Dave Kendall,False,300,DATA_000,,D15_SHANDALAR_SLIVERS; D15_SHANDALAR_SLIVERS_PW,
VENT_SENTINEL_378301,Vent Sentinel,{3}{R},4,R,,Creature,Elemental,2,4,"Defender
{1}{R}, {T}: Vent Sentinel deals damage to target player equal to the number of creatures with defender you control.","“Zendikar fortifies itself against the Great Threat, making sentries of sky, sea, and stone.”
—The War Diaries",C,DPI,378301,127294,Chris Rahn,False,300,DATA_000,D15_ZENDIKAR_PLAYER_POOL,D15_ZENDIKAR_ROILING_PLANE; D15_ZENDIKAR_ROILING_PLANE_PW,
VETERAN_ARMORSMITH_382063,Veteran Armorsmith,{W}{W},2,W,,Creature,Human Soldier,2,3,Other Soldier creatures you control get +0/+1.,"“Courage is a proud and gleaming shield. It does not bend or hide from sight. To fight with courage, we must forge in steel.”",C,DPI,382063,121589,Michael Komarck,False,150,DATA_000,,D15_SHANDALAR_STORM_THE_CASTLE,
VETERAN_SWORDSMITH_382064,Veteran Swordsmith,{2}{W},3,W,,Creature,Human Soldier,3,2,Other Soldier creatures you control get +1/+0.,"“Truth is a straight, keen edge. There are no soft angles or rounded edges. To fight for truth, we must forge in steel.”",C,DPI,382064,121613,Michael Komarck,False,150,DATA_000,,D15_SHANDALAR_STORM_THE_CASTLE,
VETERANS_REFLEXES_374921,Veteran’s Reflexes,{W},1,W,,Instant,,,,Target creature gets +1/+1 until end of turn. Untap that creature.,"“Assume everything wants to kill you. At the very least, assume everything wants what’s in your pack.”",C,DPI,374921,126575,Scott Chou,False,450,DATA_000,,D15_ZENDIKAR_STRENGTH_IN_NUMBERS,
VICIOUS_HUNGER_374390,Vicious Hunger,{B}{B},2,B,,Sorcery,,,,Vicious Hunger deals 2 damage to target creature and you gain 2 life.,Only the most ravenous soul feeds on the health of the weak.,C,DPI,374390,21209,Massimilano Frezzato,False,750,DATA_000,D15_DLC_POOL,E15_SWAMP_WITCH,
VIGOR_MORTIS_380262,Vigor Mortis,{2}{B}{B},4,B,,Sorcery,,,,"Return target creature card from your graveyard to the battlefield. If {G} was spent to cast Vigor Mortis, that creature enters the battlefield with an additional +1/+1 counter on it.","After fear and weakness rot away, that which remains is stronger than its living form.",U,DPI,380262,89027,Dan Scott,False,1200,DATA_000,,,
VINELASHER_KUDZU_374391,Vinelasher Kudzu,{1}{G},2,G,,Creature,Plant,1,1,"Whenever a land enters the battlefield under your control, put a +1/+1 counter on Vinelasher Kudzu.",It grows to hate you.,R,DPI,374391,88589,Mark Tedin,False,300,DATA_000,,D15_ZENDIKAR_TANGLED_GROWTH; D15_ZENDIKAR_TANGLED_GROWTH_PW,
VISCERA_DRAGGER_381923,Viscera Dragger,{3}{B},4,B,,Creature,Zombie Ogre Warrior,3,3,"Cycling {2}
Unearth {1}{B}",,C,DPI,381923,115171,Ralph Horsley,False,300,DATA_010,E15_PLAYER_POOL,E15_GRIXIS_EXPLORE,
VIZKOPA_CONFESSOR_374525,Vizkopa Confessor,{3}{W}{B},5,WB,,Creature,Human Cleric,1,3,"Extort
When Vizkopa Confessor enters the battlefield, pay any amount of life. Target opponent reveals that many cards from his or her hand. You choose one of them and exile it.",,U,DPI,374525,146406,Ryan Pancoast,False,600,DATA_000,,D15_RAVNICA_ORZHOVS_DEMAND,
VIZKOPA_GUILDMAGE_378284,Vizkopa Guildmage,{W}{B},2,WB,,Creature,Human Wizard,2,2,"{1}{W}{B}: Target creature gains lifelink until end of turn.
{1}{W}{B}: Whenever you gain life this turn, each opponent loses that much life.",,U,DPI,378284,145194,Tyler Jacobson,False,600,DATA_000,D15_RAVNICA_PLAYER_POOL,D15_WB_ARCHETYPE_MP,
VOID_SNARE_377034,Void Snare,{U},1,U,,Sorcery,,,,Return target nonland permanent to its owner’s hand.,"“I’ve tried so many variations on how to get rid of annoying things that it’s hard to know which one I like best.”
—Ashurel, voidmage",C,DPI,377034,155196,Zack Stella,False,600,DATA_000,D15_SHANDALAR_PLAYER_POOL,,
VOLCANIC_DRAGON_374392,Volcanic Dragon,{4}{R}{R},6,R,,Creature,Dragon,4,4,"Flying, haste",Sometimes an eruption in Shiv produces something more dangerous than a mere river of molten rock.,U,DPI,374392,137512,Chris Rahn,False,,DATA_000,,D15_LESSON_5_PLAYER; D15_SHANDALAR_BLAZING_WINGS,
VOLCANIC_GEYSER_378207,Volcanic Geyser,{X}{R}{R},2,R,,Instant,,,,Volcanic Geyser deals X damage to target creature or player.,"“The common folk call it the breaking of the crust or the spilling of fire. Geomancers call it target practice.”
—Ryda, geomancer",U,DPI,378207,143959,Clint Cearley,False,1200,DATA_000,D15_SHANDALAR_PLAYER_POOL,D15_RAVNICA_CHANDRAS_FURY; D15_RG_ARCHETYPE_MP,
VOYAGES_END_374781,Voyage’s End,{1}{U},2,U,,Instant,,,,Return target creature to its owner’s hand. Scry 1.,Philosophers say those lost at sea ascended to a more perfect realm. Sailors say they drowned.,C,DPI,374781,149050,Chris Rahn,False,600,DATA_000,D15_THEROS_PLAYER_POOL,D15_THEROS_PERILOUS_SEAS; D15_UW_ARCHETYPE_MP,
VULPINE_GOLIATH_374782,Vulpine Goliath,{4}{G}{G},6,G,,Creature,Fox,6,5,Trample,"“With a diet of hydras, giants, and massive serpents, anything would get that big.”
—Corisande, Setessan hunter",C,DPI,374782,149071,Adam Paquette,False,,DATA_000,,D15_THEROS_WHATS_IN_THE_BOX,
WAKE_THE_REFLECTIONS_377418,Wake the Reflections,{W},1,W,,Sorcery,,,,Populate.,"“You see a bird, an oak, a packbeast. I see the potential for an army.”
—Lalia, Selesnya dryad",C,DPI,377418,146823,Cynthia Sheppard,False,600,DATA_000,,D15_RAVNICA_SELESNYAS_POWER,
WAKEDANCER_382394,Wakedancer,{2}{B},3,B,,Creature,Human Shaman,2,2,"Morbid — When Wakedancer enters the battlefield, if a creature died this turn, put a 2/2 black Zombie creature token onto the battlefield.","Hers is an ancient form of necromancy, steeped in shamanic trance and ritual that few skaberen or ghoulcallers comprehend.",U,DPI,382394,139872,Austin Hsu,False,300,DATA_000,,D15_INNISTRAD_UNDYING_HORDES,
WALKING_CORPSE_374395,Walking Corpse,{1}{B},2,B,,Creature,Zombie,2,2,,"“Feeding a normal army is a problem of logistics. With zombies, it is an asset. Feeding is why they fight. Feeding is why they are feared.”
—Jadar, ghoulcaller of Nephalia",C,DPI,374395,138432,Igor Kieryluk,False,,DATA_000,D15_INNISTRAD_PLAYER_POOL,D15_INNISTRAD_LIVING_DEATH; D15_LESSON_3_AI,
WALL_OF_BLOSSOMS_374899,Wall of Blossoms,{1}{G},2,G,,Creature,Plant Wall,0,4,"Defender
When Wall of Blossoms enters the battlefield, draw a card.","Each flower identical, every leaf and petal disturbingly exact.",U,DPI,374899,3798,Heather Hudson,False,450,DATA_000,,D15_ZENDIKAR_TANGLED_GROWTH_PW,
WALL_OF_OMENS_375013,Wall of Omens,{1}{W},2,W,,Creature,Wall,0,4,"Defender
When Wall of Omens enters the battlefield, draw a card.","“I search for a vision of Zendikar that does not include the Eldrazi.”
—Expedition journal entry",U,DPI,375013,127342,James Paick,False,450,DATA_000,D15_DLC_POOL,,
WALL_OF_VINES_374396,Wall of Vines,{G},1,G,,Creature,Plant Wall,0,3,"Defender, reach","Like all jungle plants, the vines must fight and claw for sunlight. Once their place is secured, they grow strong, sharp, and impenetrable.",C,DPI,374396,129078,John Stanko,False,,DATA_000,,D15_ZENDIKAR_TANGLED_GROWTH; D15_ZENDIKAR_TANGLED_GROWTH_PW,
WALL_OF_WOOD_380930,Wall of Wood,{G},1,G,,Creature,Wall,0,3,Defender,Orcish lumberjacks spent the night sharpening their blades and resting for a day of labor. They awoke to find that the forest had been making its own preparations.,C,DPI,380930,104534,Rebecca Guay,False,,DATA_000,,D15_ZENDIKAR_TANGLED_GROWTH,
WANDERING_GOBLINS_382011,Wandering Goblins,{2}{R},3,R,,Creature,Goblin Warrior,0,3,Domain — {3}: Wandering Goblins gets +1/+0 until end of turn for each basic land type among lands you control.,"Tired of waiting for a dragon to eat them, some hardy goblins struck out to become meals for the unknown.",C,DPI,382011,118730,Karl Kopinski,False,450,DATA_010,E15_PLAYER_POOL,,
WANDERING_WOLF_380901,Wandering Wolf,{1}{G},2,G,,Creature,Wolf,2,1,Creatures with power less than Wandering Wolf’s power can’t block it.,"Humans still feared wolves, though no connection between them and the curse of lycanthropy had ever been proved.",C,DPI,380901,141596,Tomasz Jedruszek,False,300,DATA_000,D15_INNISTRAD_PLAYER_POOL,,D15_GW_STARTER_BOOSTER_1
WARWING_SIREN_382223,War-Wing Siren,{2}{U},3,U,,Creature,Siren Soldier,1,3,"Flying
Heroic — Whenever you cast a spell that targets War-Wing Siren, put a +1/+1 counter on War-Wing Siren.",Once she sang sailors to their doom. Now she leads them to glory.,C,DPI,382223,152841,Magali Villeneuve,False,300,DATA_000,,D15_THEROS_PERILOUS_SEAS,
WARDEN_OF_EVOS_ISLE_388090,Warden of Evos Isle,{2}{U},3,U,,Creature,Bird Wizard,2,2,"Flying
Creature spells with flying you cast cost {1} less to cast.","On Evos Isle, the swift and formidable aven enforce the will of the ruling sphinxes.",U,DPI,388090,147454,Nils Hamm,False,300,DATA_031,F15_BOOSTER_BLUE,,
WARDEN_OF_THE_EYE_388085,Warden of the Eye,{2}{U}{R}{W},5,WUR,,Creature,Djinn Wizard,3,3,"When Warden of the Eye enters the battlefield, return target noncreature, nonland card from your graveyard to your hand.","The wardens guard the sacred documents of Tarkir’s history, though they are forbidden to read the words.",U,DPI,388085,156527,Howard Lyon,False,600,DATA_041,F15_BOOSTER_CREATURES,,
WARMONGERS_CHARIOT_381983,Warmonger’s Chariot,{2},2,,,Artifact,Equipment,,,"Equipped creature gets +2/+2.
As long as equipped creature has defender, it can attack as though it didn’t have defender.
Equip {3}",The best defense is a good offense.,U,DPI,381983,127420,Warren Mahy,False,300,DATA_000,D15_ZENDIKAR_PLAYER_POOL,,
WARP_WORLD_388088,Warp World,{5}{R}{R}{R},8,R,,Sorcery,,,,"Each player shuffles all permanents he or she owns into his or her library, then reveals that many cards from the top of his or her library. Each player puts all artifact, creature, and land cards revealed this way onto the battlefield, then does the same for enchantment cards, then puts all cards revealed this way that weren’t put onto the battlefield on the bottom of his or her library.",,R,DPI,388088,89125,Ron Spencer,False,1500,DATA_021,F15_BOOSTER_RED,,
WARPATH_GHOUL_374811,Warpath Ghoul,{2}{B},3,B,,Creature,Zombie,3,2,,"Ghouls are often found skulking on the fringes of great battles, showing themselves only to snatch the wounded and weak, dragging their victims screaming into the shadows.",C,DPI,374811,101036,rk post,False,,DATA_000,,D15_INNISTRAD_LIVING_DEATH,
WARSTORM_SURGE_380929,Warstorm Surge,{5}{R},6,R,,Enchantment,,,,"Whenever a creature enters the battlefield under your control, it deals damage equal to its power to target creature or player.",“Listen to the roar! Feel the thunder! The Immersturm shouts its approval with every bolt of lightning!”,R,DPI,380929,136808,Raymond Swanland,False,1050,DATA_000,D15_DLC_POOL,,
WATER_SERVANT_374732,Water Servant,{2}{U}{U},4,U,,Creature,Elemental,3,4,"{U}: Water Servant gets +1/-1 until end of turn.
{U}: Water Servant gets -1/+1 until end of turn.","“This creature has innate perceptiveness. It knows when to rise and when to vanish into the tides.”
—Jestus Dreya, Of Elements and Eternity",U,DPI,374732,129097,Igor Kieryluk,False,450,DATA_000,,D15_THEROS_OCEANS_MIGHT,
WAY_OF_THE_THIEF_377449,Way of the Thief,{3}{U},4,U,,Enchantment,Aura,,,"Enchant creature
Enchanted creature gets +2/+2.
Enchanted creature can’t be blocked as long as you control a Gate.",A true shortcut isn’t a way other people don’t know; it’s a way other people can’t go.,C,DPI,377449,146240,Igor Kieryluk,False,300,DATA_000,,D15_RAVNICA_SEARCH_THE_CITY,
WAYFARING_TEMPLE_374836,Wayfaring Temple,{1}{G}{W},3,WG,,Creature,Elemental,*,*,"Wayfaring Temple’s power and toughness are each equal to the number of creatures you control.
Whenever Wayfaring Temple deals combat damage to a player, populate.",,R,DPI,374836,145219,Peter Mohrbacher,False,600,DATA_000,,,
WHERE_ANCIENTS_TREAD_381925,Where Ancients Tread,{4}{R},5,R,,Enchantment,,,,"Whenever a creature with power 5 or greater enters the battlefield under your control, you may have Where Ancients Tread deal 5 damage to target creature or player.","“Never subtle nor cryptic is the reckoning of the mighty.”
—Mayael the Anima",R,DPI,381925,115148,Zoltan Boros & Gabor Szikszai,False,1200,DATA_010,,E15_NAYA_EXPLORE,
WHIPLASH_TRAP_374447,Whiplash Trap,{3}{U}{U},5,U,,Instant,Trap,,,"If an opponent had two or more creatures enter the battlefield under his or her control this turn, you may pay {U} rather than pay Whiplash Trap’s mana cost.
Return two target creatures to their owners’ hands.",,C,DPI,374447,125070,Zoltan Boros & Gabor Szikszai,False,1200,DATA_000,,D15_ZENDIKAR_TRAPFILLED_LAIR; D15_ZENDIKAR_TRAPFILLED_LAIR_PW,
WILD_CELEBRANTS_374784,Wild Celebrants,{3}{R}{R},5,R,,Creature,Satyr,5,3,"When Wild Celebrants enters the battlefield, you may destroy target artifact.",“You can tell something’s really valuable by the sound it makes when you slam your staff into it.”,C,DPI,374784,150835,Igor Kieryluk,False,600,DATA_000,,D15_THEROS_WHATS_IN_THE_BOX,
WILD_NACATL_381926,Wild Nacatl,{G},1,G,,Creature,Cat Warrior,1,1,"Wild Nacatl gets +1/+1 as long as you control a Mountain.
Wild Nacatl gets +1/+1 as long as you control a Plains.","“The Cloud Nacatl sit and think, a bunch of soft paws. We are the Claws of Marisi, stalking, pouncing, drawing blood.”",C,DPI,381926,115062,Wayne Reynolds,False,,DATA_010,E15_PLAYER_POOL,E15_NAYA_EXPLORE,
WIND_DRAKE_374786,Wind Drake,{2}{U},3,U,,Creature,Drake,2,2,Flying,"A smaller cousin to the dragon, drakes are often seen at the side of powerful wizards who use them as airborne eyes and ears.",C,DPI,374786,122178,Steve Prescott,False,,DATA_000,D15_ZENDIKAR_PLAYER_POOL,D15_LESSON_2_AI,
WINDBORNE_CHARGE_374448,Windborne Charge,{2}{W}{W},4,W,,Sorcery,,,,Two target creatures you control each get +2/+2 and gain flying until end of turn.,The merfolk call the sky goddess Emeria. The kor call her Kamsa. The two races agree on little except that she offers many blessings to the faithful.,U,DPI,374448,123693,Ryan Pancoast,False,1200,DATA_000,,D15_ZENDIKAR_KOR_CANYONS,
WITCHS_FAMILIAR_374653,Witch’s Familiar,{2}{B},3,B,,Creature,Frog,2,3,,"Some bog witches practice the strange art of batrachomancy, reading portents in the number, size, and color of warts on a toad’s hide.",C,DPI,374653,155223,Jack Wang,False,,DATA_000,,D15_SHANDALAR_SLIMY_HORROR,
WOODLAND_CEMETERY_377458,Woodland Cemetery,,0,,,Land,,,,"Woodland Cemetery enters the battlefield tapped unless you control a Swamp or a Forest.
{T}: Add {B} or {G} to your mana pool.",Farmers cut the trees and buried their dead. The dead rose up and killed the farmers. The trees grew back and strangled the dead.,R,DPI,377458,138424,Lars Grant-West,False,,DATA_000,,D15_INNISTRAD_UNDYING_HORDES,
WOOLLY_THOCTAR_381927,Woolly Thoctar,{R}{G}{W},3,WRG,,Creature,Beast,5,4,,"One of the most ferocious and deadly gargantuans, the thoctar never sees its worshippers, but it often awakens surrounded by gifts and sacrifices.",U,DPI,381927,117002,Wayne Reynolds,False,,DATA_010,E15_PLAYER_POOL,E15_NAYA_EXPLORE,
WORLDLY_COUNSEL_382183,Worldly Counsel,{1}{U},2,U,,Instant,,,,"Domain — Look at the top X cards of your library, where X is the number of basic land types among lands you control. Put one of those cards into your hand and the rest on the bottom of your library in any order.",Every horizon hides a new possibility.,C,DPI,382183,118647,Matt Cavotta,False,600,DATA_010,,E15_MAELSTROM_EXPLORE,
WRECKING_OGRE_380917,Wrecking Ogre,{4}{R},5,R,,Creature,Ogre Warrior,3,3,"Double strike
Bloodrush — {3}{R}{R}, Discard Wrecking Ogre: Target attacking creature gets +3/+3 and gains double strike until end of turn.","If no opponent can be found, ogres of the Bolrac Clan will often pick fights with buildings.",R,DPI,380917,146555,Nils Hamm,False,900,DATA_000,D15_RAVNICA_PLAYER_POOL,D15_WR_ARCHETYPE_MP,
WRING_FLESH_374733,Wring Flesh,{B},1,B,,Instant,,,,Target creature gets -3/-1 until end of turn.,"“You shouldn’t be so attached to something as fragile as flesh.”
—Zul Ashur, lich lord",C,DPI,374733,137416,Izzy,False,600,DATA_000,,,
XATHRID_SLYBLADE_374676,Xathrid Slyblade,{2}{B},3,B,,Creature,Human Assassin,2,1,"Hexproof
{3}{B}: Until end of turn, Xathrid Slyblade loses hexproof and gains first strike and deathtouch.",,U,DPI,374676,155249,Steve Prescott,False,600,DATA_000,,D15_SHANDALAR_ASSASSINS_BLADE,
YEW_SPIRIT_381961,Yew Spirit,{4}{G},5,G,,Creature,Spirit Treefolk,3,3,"{2}{G}{G}: Yew Spirit gets +X/+X until end of turn, where X is its power.","“I wonder what dwelled in the primordial forests before humans existed.”
—Elder Rimheit",U,DPI,381961,139828,Dan Scott,False,300,DATA_010,,E15_SPIRITCRAFTER,
YOUNG_PYROMANCER_378209,Young Pyromancer,{1}{R},2,R,,Creature,Human Shaman,2,1,"Whenever you cast an instant or sorcery spell, put a 1/1 red Elemental creature token onto the battlefield.",Immolation is the sincerest form of flattery.,U,DPI,378209,147404,Cynthia Sheppard,False,750,DATA_000,F15_BOOSTER_RED,D15_RAVNICA_CHANDRAS_FURY,
YOUNG_WOLF_377426,Young Wolf,{G},1,G,,Creature,Wolf,1,1,Undying,The Ulvenwald makes no allowances for youth. Today’s newborn is either tomorrow’s hunter or tomorrow’s lunch.,C,DPI,377426,139907,Ryan Pancoast,False,150,DATA_000,D15_DLC_POOL,D15_INNISTRAD_UNDYING_HORDES,
ZANIKEV_LOCUST_380287,Zanikev Locust,{5}{B},6,B,,Creature,Insect,3,3,"Flying
Scavenge {2}{B}{B}",,U,DPI,380287,145173,Cliff Childs,False,300,DATA_000,,D15_RAVNICA_GOLGARI_DEPTHS,
ZEALOUS_STRIKE_374626,Zealous Strike,{1}{W},2,W,,Instant,,,,Target creature gets +2/+2 and gains first strike until end of turn.,"“Cower, fiend. The night is yours no longer.”",C,DPI,374626,141564,Bud Cook,False,600,DATA_000,,D15_INNISTRAD_AVACYN,
ZOF_SHADE_374855,Zof Shade,{3}{B},4,B,,Creature,Shade,2,2,{2}{B}: Zof Shade gets +2/+2 until end of turn.,"Shades are drawn to places of power, often rooting themselves in a single area to feed.",C,DPI,374855,127340,Jason A. Engle,False,300,DATA_000,,D15_ZENDIKAR_SCORN_OF_OB_NIXILIS,
ZOMBIE_GOLIATH_374787,Zombie Goliath,{4}{B},5,B,,Creature,Zombie Giant,4,3,,"“Removing the encumbrance of useless brain tissue grants several advantages: a slight increase in mobility, a response of revulsion and horror from the enemy, and, in the case of large specimens, room for passengers.”
—Zul Ashur, lich lord",C,DPI,374787,121625,E. M. Gist,False,,DATA_000,,D15_LESSON_2_PLAYER,
AETHER_ADEPT_374797,Æther Adept,{1}{U}{U},3,U,,Creature,Human Wizard,2,2,"When Æther Adept enters the battlefield, return target creature to its owner’s hand.","“The universe is my instrument, and the song I play upon it is one you are forbidden to hear.”",C,DPI,374797,129110,Eric Deschamps,False,600,DATA_000,,D15_LESSON_4_PLAYER; D15_SHANDALAR_WIZARDS_TOWER,
AETHER_FIGMENT_380307,Æther Figment,{1}{U},2,U,,Creature,Illusion,1,1,"Kicker {3}
Æther Figment can’t be blocked.
If Æther Figment was kicked, it enters the battlefield with two +1/+1 counters on it.",,U,DPI,380307,102621,Thomas M. Baxa,False,,DATA_000,,,
AETHER_SPELLBOMB_382120,Æther Spellbomb,{1},1,,,Artifact,,,,"{U}, Sacrifice Æther Spellbomb: Return target creature to its owner’s hand.
{1}, Sacrifice Æther Spellbomb: Draw a card.","“Release that which was never caged.”
—Spellbomb inscription",C,DPI,382120,50289,Jim Nelson,False,600,DATA_010,,E15_ESPER,
TOKEN_ANGEL_4_4_W_F_350771,Angel,,0,W,,Creature,Angel,4,4,Flying,,T,DPI,350771,142219,James Ryman,True,,DATA_000,,,
TOKEN_BEAR_4_4_G_388099,BEAR,,0,G,,Creature,Bear,4,4,,,T,DPI,388099,156682,Kev Walker,True,,DATA_041,,,
TOKEN_BEAST_3_3_G_350750,Beast,,0,G,,Creature,Beast,3,3,,,T,DPI,350750,113775,William O’Connor,True,,DATA_000,,,
TOKEN_BEAST_4_4_G_350751,Beast,,0,G,,Creature,Beast,4,4,,,T,DPI,350751,123771,Steve Prescott,True,,DATA_000,,,
TOKEN_BIRD_1_1_W_F_377543,Bird,,0,W,,Creature,Bird,1,1,Flying,,T,DPI,377543,145983,James Ryman,True,,DATA_000,,,
TOKEN_CAT_2_2_W_369862,Cat,,0,W,,Creature,Cat,2,2,,,T,DPI,369862,143919,Jesper Ejsing,True,,DATA_000,,,
TOKEN_CAT_SOLDIER_1_1_W_V_382258,Cat Soldier,,0,W,,Creature,Cat Soldier,1,1,Vigilance,,T,DPI,382258,152105,Scott Chou,True,,DATA_000,,,
TOKEN_CENTAUR_3_3_G_377539,Centaur,,0,G,,Creature,Centaur,3,3,,,T,DPI,377539,152110,Ryan Barger,True,,DATA_000,,,
TOKEN_CENTAUR_3_3_G_377544,Centaur,,0,G,,Creature,Centaur,3,3,,,T,DPI,377544,145990,Slawomir Maniak,True,,DATA_000,,,
TOKEN_CONSTRUCT_6_12_T_382264,Construct,,0,,,Artifact Creature,Construct,6,12,Trample,,T,DPI,382264,126586,Jung Park,True,,DATA_000,,,
TOKEN_DRAGON_2_2_R_F_377563,Dragon,,0,R,,Creature,Dragon,2,2,"Flying
{R}: This creature gets +1/+0 until end of turn.",,T,DPI,377563,148785,Jack Wang,True,300,DATA_000,,,
TOKEN_DRAGON_4_4_R_F_363658,Dragon,,0,R,,Creature,Dragon,4,4,Flying,,T,DPI,363658,117012,Vance Kovacs,True,,DATA_010,,,
TOKEN_DRAGON_6_6_R_F_388100,DRAGON,,0,R,,Creature,Dragon,6,6,Flying,,T,DPI,388100,145989,Mark Zug,True,,DATA_021,,,
TOKEN_DRAKE_2_2_U_F_380387,Drake,,0,U,,Creature,Drake,2,2,Flying,,T,DPI,380387,143889,Svetlin Velinov,True,,DATA_000,,,
TOKEN_ELEMENTAL_1_0_U_382259,ELEMENTAL,,0,U,,Creature,Elemental,1,0,,,T,DPI,382259,150892,Karl Kopinski,True,,DATA_031,,,
TOKEN_ELEMENTAL_1_1_R_350805,Elemental,,0,R,,Creature,Elemental,1,1,,,T,DPI,350805,148784,Jaime Jones,True,,DATA_000,,,
TOKEN_ELF_WARRIOR_1_1_G_350753,Elf Warrior,,0,G,,Creature,Elf Warrior,1,1,,,T,DPI,350753,111902,William O’Connor,True,,DATA_000,,,
TOKEN_GOBLIN_1_1_R_350762,Goblin,,0,R,,Creature,Goblin,1,1,,,T,DPI,350762,117016,Brandon Kitkouski,True,,DATA_010,,,
TOKEN_GOBLIN_1_1_R_369867,Goblin,,0,R,,Creature,Goblin,1,1,,,T,DPI,369867,104574,Dave Kendall,True,,DATA_010,,,
TOKEN_GOBLIN_1_1_R_377534,Goblin,,0,R,,Creature,Goblin,1,1,,,T,DPI,377534,143965,Karl Kopinski,True,,DATA_000,,,
TOKEN_GOBLIN_1_1_R_H,Goblin,,0,R,,Creature,Goblin,1,1,,,T,DPI,27,117016,Brandon Kitkouski,True,,DATA_000,,,
TOKEN_GRIFFIN_2_2_W_F_350754,Griffin,,0,W,,Creature,Griffin,2,2,Flying,,T,DPI,350754,98951,Jim Nelson,True,,DATA_000,,,
TOKEN_KNIGHT_2_2_W_V_377545,Knight,,0,W,,Creature,Knight,2,2,Vigilance,,T,DPI,377545,145985,Matt Stewart,True,,DATA_000,,,
TOKEN_MYR_1_1_373734,MYR,,0,,,Artifact Creature,Myr,1,1,,,T,DPI,373734,131405,Ryan Pancoast,True,,DATA_032,,,
TOKEN_OOZE_S_S_G_377546,Ooze,,0,G,,Creature,Ooze,*,*,,,T,DPI,377546,145992,Marco Nelor,True,,DATA_000,,,
TOKEN_PLANT_0_1_G_350756,Plant,,0,G,,Creature,Plant,0,1,,,T,DPI,350756,126539,Daren Bader,True,,DATA_000,,,
TOKEN_PLANT_0_1_G_377571,Plant,,0,G,,Creature,Plant,0,1,,,T,DPI,377571,126539,Daren Bader,True,,DATA_000,,,
TOKEN_RHINO_4_4_G_T_377547,Rhino,,0,G,,Creature,Rhino,4,4,Trample,,T,DPI,377547,145993,Tomasz Jedruszek,True,,DATA_000,,,
TOKEN_SAPROLING_1_1_G_350772,Saproling,,0,G,,Creature,Saproling,1,1,,,T,DPI,350772,143980,Brad Rigney,True,,DATA_000,,,
TOKEN_SAPROLING_1_1_G_377557,Saproling,,0,G,,Creature,Saproling,1,1,,,T,DPI,377557,87023,Cyril Van Der Haegen,True,,DATA_000,,,
TOKEN_SLIVER_1_1_350773,Sliver,,0,,,Creature,Sliver,1,1,,,T,DPI,350773,149244,Igor Kieryluk,True,,DATA_000,,,
TOKEN_SOLDIER_1_1_R_377582,Soldier,,0,R,,Creature,Soldier,1,1,,,T,DPI,377582,150895,Johann Bodin,True,,DATA_000,,,
TOKEN_SOLDIER_1_1_WR_378391,Soldier,,0,WR,,Creature,Soldier,1,1,,,T,DPI,378391,145986,Steve Prescott,True,,DATA_000,,,
TOKEN_SOLDIER_1_1_W_350804,Soldier,,0,W,,Creature,Soldier,1,1,,,T,DPI,350804,104575,Parente,True,,DATA_000,,,
TOKEN_SOLDIER_1_1_W_350806,Soldier,,0,W,,Creature,Soldier,1,1,,,T,DPI,350806,131406,Goran Josic,True,,DATA_000,,,
TOKEN_SOLDIER_1_1_W_380390,Soldier,,0,W,,Creature,Soldier,1,1,,,T,DPI,380390,114967,Alan Pollack,True,,DATA_000,,,
TOKEN_SOLDIER_ALLY_1_1_W_377572,Soldier Ally,,0,W,,Creature,Soldier Ally,1,1,,,T,DPI,377572,126540,Kekai Kotaki,True,,DATA_000,,,
TOKEN_SPIDER_1_2_G_R_377553,Spider,,0,G,,Creature,Spider,1,2,Reach,,T,DPI,377553,138483,Daniel Ljunggren,True,,DATA_000,,,
TOKEN_SPIRIT_1_1_W_F_350803,Spirit,,0,W,,Creature,Spirit,1,1,Flying,,T,DPI,350803,138437,Kev Walker,True,,DATA_000,,,
TOKEN_SPIRIT_1_1_W_F_377537,Spirit,,0,W,,Creature,Spirit,1,1,Flying,,T,DPI,377537,141806,Ryan Yee,True,,DATA_000,,,
TOKEN_SQUID_1_1_U_IW_377564,Squid,,0,U,,Creature,Squid,1,1,Islandwalk,,T,DPI,377564,155671,Jack Wang,True,,DATA_000,,,
TOKEN_THOPTER_1_1_U_F_382263,Thopter,,0,U,,Artifact Creature,Thopter,1,1,Flying,,T,DPI,382263,117013,Andrew Murray,True,,DATA_010,,,
TOKEN_WOLF_2_2_G_377575,WOLF,,0,G,,Creature,Wolf,2,2,,,T,DPI,377575,123776,Daren Bader,True,,DATA_022,,,
TOKEN_ZOMBIE_2_2_B_350768,Zombie,,0,B,,Creature,Zombie,2,2,,,T,DPI,350768,103851,Bud Cook,True,,DATA_000,,,
TOKEN_ZOMBIE_GIANT_5_5_B_350748,Zombie Giant,,0,B,,Creature,Zombie Giant,5,5,,,T,DPI,350748,125090,Igor Kieryluk,True,,DATA_000,,,
